area,source_file,key,plural_category,plural_category_required_for_locales,english_source,context,placeholders_keep_exact,glossary_terms_to_review,current_de,current_es,current_fr,current_ja,current_ko,current_pl,current_pt-br,current_pt-pt,current_ru,current_zh-cn,current_zh-tw
webview,src/webviews/i18n/en.json,a11y.resizeRepositoryColumn,,,Resize repository column,Webview UI string.,,,Größe der Repositoryspalte ändern,Cambiar el tamaño de la columna del repositorio,Redimensionner la colonne du dépôt,リポジトリ列のサイズを変更,리포지토리 열 크기 조정,Zmień rozmiar kolumny repozytorium,Redimensionar a coluna do repositório,Redimensionar a coluna do repositório,Изменить размер столбца репозитория,调整存储库列大小,調整存放庫資料行大小
manifest,package.nls.json,intelligit,,,IntelliGit,VS Code extension manifest metadata.,,IntelliGit,IntelliGit,IntelliGit,IntelliGit,IntelliGit,인텔리깃,IntelliGit,IntelliGit,IntelliGit,IntelliGit,IntelliGit,IntelliGit
manifest,package.nls.json,extension.description,,,"The best Git features from PyCharm, VS Code, and Visual Studio IDE.",VS Code Marketplace/extension description.,,PyCharm; VS Code; Visual Studio IDE; Git,"The best Git features from PyCharm, VS Code, and Visual Studio IDE.","The best Git features from PyCharm, VS Code, and Visual Studio IDE.","The best Git features from PyCharm, VS Code, and Visual Studio IDE.","The best Git features from PyCharm, VS Code, and Visual Studio IDE.","The best Git features from PyCharm, VS Code, and Visual Studio IDE.","The best Git features from PyCharm, VS Code, and Visual Studio IDE.","The best Git features from PyCharm, VS Code, and Visual Studio IDE.","The best Git features from PyCharm, VS Code, and Visual Studio IDE.","The best Git features from PyCharm, VS Code, and Visual Studio IDE.","The best Git features from PyCharm, VS Code, and Visual Studio IDE.","The best Git features from PyCharm, VS Code, and Visual Studio IDE."
manifest,package.nls.json,view.commit,,,Commit,VS Code view title.,,Commit,Commit,Commit,Commit,コミット,커밋,Commit,Commit,Commit,Коммит,提交,提交
manifest,package.nls.json,view.graph,,,Graph,VS Code view title.,,,Graph,Gráfico,Graphique,グラフ,그래프,Wykres,Gráfico,Gráfico,График,图形,圖形
manifest,package.nls.json,view.mergeConflicts,,,Merge Conflicts,VS Code view title.,,Merge,Zusammenführungskonflikte,Fusionar conflictos,Conflits de fusion,マージの競合,병합 충돌,Scalanie konfliktów,Conflitos de mesclagem,Conflitos de mesclagem,Конфликты слияния,合并冲突,合併衝突
manifest,package.nls.json,command.showGitLog,,,Show Git Log,VS Code command palette/menu command label.,,Git,Git-Protokoll anzeigen,Mostrar registro de Git,Afficher le journal Git,Gitログを表示,Git 로그 보기,Pokaż dziennik Git,Exibir registro do Git,Exibir registro do Git,Показать лог Git,显示 Git 日志,顯示 Git 日誌
manifest,package.nls.json,command.undock,,,Undock...,VS Code command palette/menu command label.,,,Abdocken...,Desacoplar...,Détacher...,ドッキング解除...,도킹 해제...,Oddokuj...,Desencaixar...,Desencaixar...,Открепить...,取消停靠...,取消停靠...
manifest,package.nls.json,command.dockIntelliGit,,,Dock IntelliGit,VS Code command palette/menu command label.,,IntelliGit,IntelliGit andocken,Dock IntelliGit,Dock IntelliGit,ドック IntelliGit,IntelliGit 도킹,Dock IntelliGit,Dock IntelliGit,Dock IntelliGit,Прикрепить IntelliGit,停靠 IntelliGit,停靠 IntelliGit
manifest,package.nls.json,command.refresh,,,Refresh,VS Code command palette/menu command label.,,,Aktualisieren,Refrescar,Rafraîchir,更新,새로 고치다,Odświeżać,Atualizar,Atualizar,Обновить,刷新,重新整理
manifest,package.nls.json,command.filterByBranch,,,Filter by Branch,VS Code command palette/menu command label.,,Branch,Nach Branch filtern,Filtrar por rama,Filtrer par branche,ブランチで絞り込む,브랜치별 필터링,Filtruj według brancha,Filtrar por branch,Filtrar por branch,Фильтр по ветке,按分支筛选,依分支篩選
manifest,package.nls.json,command.selectRepository,,,Select Repository,VS Code command palette/menu command label.,,,Repository auswählen,Seleccionar repositorio,Sélectionner le dépôt,リポジトリを選択,저장소 선택,Wybierz repozytorium,Selecionar Repositório,Selecionar Repositório,Выберите репозиторий,选择存储库,選擇儲存庫
manifest,package.nls.json,command.checkout,,,Checkout,VS Code command palette/menu command label.,,Checkout,Checkout,Checkout,Checkout,チェックアウト,체크아웃,Checkout,Checkout,Checkout,Извлечь,检出,簽出
manifest,package.nls.json,command.newBranchFrom,,,New Branch from...,VS Code command palette/menu command label.,,Branch,Neuer Branch von...,Nueva rama desde...,Nouvelle branche depuis...,新しいブランチを作成...,새 브랜치 만들기...,Nowy branch z...,Novo branch a partir de...,Novo branch a partir de...,Новая ветка из...,从...新建分支...,從...新建分支...
manifest,package.nls.json,command.checkoutAndRebaseOntoCurrent,,,Checkout and Rebase onto Current,VS Code command palette/menu command label.,,Rebase; Checkout,Checkout und Rebase auf aktuellen Branch,Checkout y rebase sobre actual,Checkout et rebase sur la branche actuelle,チェックアウトして現在のブランチにリベース,체크아웃 후 현재 브랜치에 리베이스,Checkout i rebase na bieżący branch,Checkout e rebase sobre o branch atual,Checkout e rebase sobre o branch atual,Извлечь и перебазировать на текущую ветку,检出并变基到当前分支,簽出並變基到目前分支
manifest,package.nls.json,command.rebaseCurrentOntoSelected,,,Rebase Current onto Selected,VS Code command palette/menu command label.,,Rebase,Aktuellen Branch auf ausgewählten rebasen,Rebase actual sobre seleccionado,Rebaser la branche actuelle sur la sélection,現在のブランチを選択したブランチにリベース,선택한 브랜치에 현재 브랜치 리베이스,Zmień bazę bieżącą na wybraną,Reajustar corrente para selecionado,Reajustar corrente para selecionado,Перебазировать текущую ветку на выбранную,将当前分支变基到选定分支,將目前分支變基到選定分支
manifest,package.nls.json,command.mergeIntoCurrent,,,Merge into Current,VS Code command palette/menu command label.,,Merge,In aktuellen Branch mergen,Fusionarse con la actual,Fusionner dans la branche actuelle,現在のブランチにマージ,현재 상태로 병합,Połącz z bieżącym,Mesclar com o atual,Mesclar com o atual,Объединить с текущей,合并到当前分支,合併到目前分支
manifest,package.nls.json,command.update,,,Update,VS Code command palette/menu command label.,,,Aktualisieren,Actualizar,Mise à jour,アップデート,업데이트,Aktualizacja,Atualizar,Atualizar,Обновить,更新,更新
manifest,package.nls.json,command.sync,,,Sync,VS Code command palette/menu command label.,,Git,Synchronisieren,Sincronizar,Synchroniser,同期,동기화,Synchronizuj,Sincronizar,Sincronizar,Синхронизировать,同步,同步
manifest,package.nls.json,command.fetch,,,Fetch,VS Code command palette/menu command label.,,Git,Abrufen,Obtener,Récupérer,フェッチ,가져오기,Pobierz,Buscar,Obter,Получить,获取,擷取
manifest,package.nls.json,command.pull,,,Pull,VS Code command palette/menu command label.,,Git,Pull,Pull,Pull,プル,풀,Pull,Puxar,Puxar,Pull,拉取,拉取
manifest,package.nls.json,command.push,,,Push,VS Code command palette/menu command label.,,Push,Push,Push,Push,プッシュ,푸시,Push,Push,Push,Отправить,推送,推送
manifest,package.nls.json,command.rename,,,Rename...,VS Code command palette/menu command label.,,,Umbenennen...,Rebautizar...,Rebaptiser...,名前を変更する...,이름을 바꾸다...,Przemianować...,Renomear...,Renomear...,Переименовать...,重命名...,重命名...
manifest,package.nls.json,command.delete,,,Delete,VS Code command palette/menu command label.,,,Löschen,Borrar,Supprimer,消去,삭제,Usuwać,Excluir,Excluir,Удалить,删除,刪除
manifest,package.nls.json,command.rollback,,,Rollback,VS Code command palette/menu command label.,,,Rückgängigmachen,Revertir,Annulation,ロールバック,롤백,Cofnij,Reverter,Reverter,Откатить,回滚,復原
manifest,package.nls.json,command.jumpToSource,,,Jump to Source,VS Code command palette/menu command label.,,,Zum Quelltext springen,Ir a la fuente,Aller à la source,ソースへジャンプ,소스로 이동,Przejdź do źródła,Ir para a fonte,Ir para a fonte,Перейти к источнику,跳转至源文件,跳轉至原始檔案
manifest,package.nls.json,command.compareWithRevision,,,Compare with Revision,VS Code command palette/menu command label.,,,Mit Revision vergleichen,Comparar con la revisión,Comparer avec la révision,リビジョンと比較,리비전과 비교,Porównaj z wersją,Comparar com a revisão,Comparar com a revisão,Сравнить с ревизией,与修订版比较,與修訂版比較
manifest,package.nls.json,command.compareWithBranch,,,Compare with Branch or Tag,VS Code command palette/menu command label.,,Branch,Mit Branch oder Tag vergleichen,Comparar con rama o etiqueta,Comparer avec une branche ou une étiquette,ブランチまたはタグと比較,브랜치 또는 태그와 비교,Porównaj z gałęzią lub tagiem,Comparar com branch ou tag,Comparar com branch ou tag,Сравнить с веткой или тегом,与分支或标签比较,與分支或標籤比較
manifest,package.nls.json,command.compareWithLocal,,,Compare with Local,VS Code command palette/menu command label.,,,Mit lokaler Version vergleichen,Comparar con lo local,Comparer avec le local,ローカルと比較,로컬 데이터와 비교,Porównaj z lokalnym,Comparar com o local,Comparar com o local,Сравнить с локальной версией,与本地版本比较,與本地版本比較
manifest,package.nls.json,command.cherryPickSelectedChange,,,Cherry-pick Selected Change,VS Code command palette/menu command label.,,Cherry-pick,Ausgewählte Änderung cherry-picken,Cherry-pick del cambio seleccionado,Cherry-pick de la modification sélectionnée,選択した変更をチェリーピック,선택한 변경 사항 체리픽,Cherry-pick wybranej zmiany,Cherry-pick da alteração selecionada,Cherry-pick da alteração selecionada,Cherry-pick выбранного изменения,Cherry-pick 所选更改,Cherry-pick 所選變更
manifest,package.nls.json,command.revertSelectedChange,,,Revert Selected Change,VS Code command palette/menu command label.,,,Ausgewählte Änderung rückgängig machen,Revertir los cambios seleccionados,Annuler la modification sélectionnée,選択した変更を元に戻す,선택한 변경 사항 되돌리기,Przywróć wybraną zmianę,Reverter alteração selecionada,Reverter alteração selecionada,Отменить выбранное изменение,还原所选更改,還原所選變更
manifest,package.nls.json,command.openMergeConflict,,,Open in IntelliGit Merge Editor,VS Code command palette/menu command label.,,Merge,Merge-Konflikt öffnen,Abrir conflicto de fusión,Ouvrir le conflit de fusion,マージ競合を開く,병합 충돌 열기,Otwarty konflikt scalania,Conflito de mesclagem aberto,Conflito de mesclagem aberto,Открыть конфликт слияния,打开合并冲突,開啟合併衝突
manifest,package.nls.json,command.acceptYours,,,Accept Yours,VS Code command palette/menu command label.,,,Eigene Änderung übernehmen,Aceptar cambios actuales,Accepter les modifications actuelles,現在の変更を採用,현재 변경 사항 적용,Zaakceptuj bieżące zmiany,Aceitar alterações atuais,Aceitar alterações atuais,Принять текущие изменения,接受当前更改,接受目前變更
manifest,package.nls.json,command.acceptTheirs,,,Accept Theirs,VS Code command palette/menu command label.,,,Eingehende Änderung übernehmen,Aceptar cambios entrantes,Accepter les modifications entrantes,受信側の変更を採用,수신 변경 사항 적용,Zaakceptuj przychodzące zmiany,Aceitar alterações recebidas,Aceitar alterações recebidas,Принять входящие изменения,接受传入更改,接受傳入變更
manifest,package.nls.json,command.openConflictSession,,,Open Conflict Session,VS Code command palette/menu command label.,,,Konfliktsitzung öffnen,Abrir sesión de conflicto,Ouvrir la session de conflit,競合解決セッションを開く,충돌 해결 세션 열기,Otwórz sesję rozwiązywania konfliktów,Abrir Sessão de Conflitos,Abrir Sessão de Conflitos,Открыть сессию разрешения конфликтов,打开冲突会话,開啟衝突會話
manifest,package.nls.json,command.toggleUndockedWindow,,,Toggle Undocked Window,VS Code command palette/menu command label.,,,Nicht angedocktes Fenster umschalten,Alternar ventana desacoplada,Basculer la fenêtre détachée,ドッキング解除されたウィンドウの切り替え,도킹 해제된 창 토글,Przełącz niezadokowane okno,Alternar janela desencaixada,Alternar janela desencaixada,Отключить/Закрепить окно,切换未停靠窗口,切換未停靠視窗
manifest,package.nls.json,command.cloneRepository,,,Clone Repository,VS Code command palette/menu command label.,,,Repository klonen,Clonar repositorio,Cloner le dépôt,リポジトリをクローン,저장소 복제,Repozytorium klonów,Clonar Repositório,Clonar Repositório,Клонировать репозиторий,克隆仓库,克隆倉庫
manifest,package.nls.json,command.openFolder,,,Open Folder,VS Code command palette/menu command label.,,,Ordner öffnen,Abrir carpeta,Ouvrir le dossier,フォルダーを開く,폴더 열기,Otwórz folder,Abrir pasta,Abrir pasta,Открыть папку,打开文件夹,打開資料夾
manifest,package.nls.json,command.initializeRepository,,,Initialize Repository,VS Code command palette/menu command label.,,,Repository initialisieren,Inicializar repositorio,Initialiser le dépôt,リポジトリを初期化する,리포지토리 초기화,Zainicjuj repozytorium,Inicializar Repositório,Inicializar Repositório,Инициализировать репозиторий,初始化存储库,初始化儲存庫
manifest,package.nls.json,command.publishBranch,,,Publish Branch,VS Code command palette/menu command label.,,Branch,Branch veröffentlichen,Publicar rama,Publier la branche,ブランチを公開,브랜치 게시,Opublikuj branch,Publicar branch,Publicar branch,Опубликовать ветку,发布分支,發布分支
manifest,package.nls.json,configuration.tooltips.enabled.markdownDescription,,,"Enable or disable tooltips inside the IntelliGit window (Commit Graph, Branch Column, etc.).","VS Code settings UI label, enum label, or markdown description.",,IntelliGit; Commit; Branch,"Tooltips im IntelliGit-Fenster aktivieren oder deaktivieren (Commit-Diagramm, Branch-Spalte usw.).","Habilitar o deshabilitar las sugerencias emergentes dentro de la ventana de IntelliGit (Gráfico de confirmaciones, Columna de ramas, etc.).","Activer ou désactiver les infobulles dans la fenêtre IntelliGit (Graphique des commits, Colonne des branches, etc.).",IntelliGitウィンドウ内のツールチップ（コミットグラフ、ブランチ列など）を有効または無効にします。,"IntelliGit 창(커밋 그래프, 브랜치 열 등) 내의 툴팁을 활성화 또는 비활성화합니다.","Włącz lub wyłącz podpowiedzi w oknie IntelliGit (wykres zatwierdzenia, kolumna gałęzi itd.).","Ative ou desative as dicas de ferramentas dentro da janela do IntelliGit (Gráfico de Commits, Coluna de Branches, etc.).","Ative ou desative as dicas de ferramentas dentro da janela do IntelliGit (Gráfico de Commits, Coluna de Branches, etc.).","Включение или отключение всплывающих подсказок в окне IntelliGit (график коммитов, столбец ветвей и т. д.).",启用或禁用 IntelliGit 窗口中的工具提示（提交图、分支列等）。,啟用或停用 IntelliGit 視窗中的工具提示（提交圖、分支列等）。
manifest,package.nls.json,configuration.undockableWindow.markdownDescription,,,"Open IntelliGit as a unified editor tab when Show Git Log is invoked, enabling native VS Code undocking to a second monitor.","VS Code settings UI label, enum label, or markdown description.",,IntelliGit; VS Code; Git,"IntelliGit wird als einheitlicher Editor-Tab geöffnet, wenn „Git-Protokoll anzeigen“ aufgerufen wird, wodurch das native Abdocken von VS Code auf einen zweiten Monitor ermöglicht wird.","Al activar la opción ""Mostrar registro de Git"", IntelliGit se abrirá como una pestaña de editor unificada, lo que permitirá desacoplar VS Code de forma nativa a un segundo monitor.","Ouvrez IntelliGit comme un onglet d'éditeur unifié lorsque vous utilisez l'option « Afficher le journal Git », ce qui permet de détacher nativement VS Code sur un deuxième écran.",「Gitログを表示」が呼び出されたときにIntelliGitを統合エディタータブとして開き、VS Codeのネイティブなセカンドモニターへのドッキング解除を可能にします。,Git 로그 표시를 실행하면 IntelliGit이 통합 편집기 탭으로 열리므로 VS Code를 두 번째 모니터에 기본적으로 도킹 해제할 수 있습니다.,"Otwórz IntelliGit jako ujednoliconą kartę edytora po wywołaniu opcji Pokaż dziennik Git, umożliwiając natywne oddokowanie VS Code do drugiego monitora.","Abra o IntelliGit como uma aba unificada do editor quando a opção ""Mostrar Log do Git"" for acionada, permitindo o desencaixe nativo do VS Code para um segundo monitor.","Abra o IntelliGit como uma aba unificada do editor quando a opção ""Mostrar Log do Git"" for acionada, permitindo o desencaixe nativo do VS Code para um segundo monitor.","При вызове функции «Показать журнал Git» IntelliGit открывается как единая вкладка редактора, что позволяет открепить VS Code на втором мониторе.",当调用“显示 Git 日志”时，将 IntelliGit 作为统一编辑器选项卡打开，从而实现 VS Code 原生脱离停靠到第二个显示器。,當呼叫「顯示 Git 日誌」時，將 IntelliGit 作為統一編輯器標籤打開，從而實現 VS Code 原生脫離停靠在第二個顯示器。
manifest,package.nls.json,configuration.undockableWindowButtonVisability.markdownDescription,,,Show the Undock button in the IntelliGit graph view title. Disable to hide the button while keeping the undock command available.,"VS Code settings UI label, enum label, or markdown description.",,IntelliGit; VS Code,"Zeigt die Schaltfläche „Abdocken“ in der Titelleiste der IntelliGit-Graphansicht an. Deaktivieren Sie dies, um die Schaltfläche auszublenden, während der Abdocken-Befehl verfügbar bleibt.",Muestra el botón Desacoplar en la barra de título de la vista de gráfico de IntelliGit. Desactívalo para ocultar el botón y mantener disponible el comando de desacoplar.,Affiche le bouton Détacher dans la barre de titre de la vue graphique IntelliGit. Désactivez cette option pour masquer le bouton tout en conservant la commande de détachement disponible.,IntelliGit のグラフ ビューのタイトルに [ドッキング解除] ボタンを表示します。ボタンを非表示にしても、ドッキング解除コマンドは引き続き使用できます。,IntelliGit 그래프 보기 제목에 도킹 해제 버튼을 표시합니다. 이 옵션을 끄면 버튼은 숨기지만 도킹 해제 명령은 계속 사용할 수 있습니다.,"Pokazuje przycisk Odłącz na pasku tytułu widoku grafu IntelliGit. Wyłącz, aby ukryć przycisk, zachowując dostępność polecenia odłączania.",Mostra o botão Desencaixar na barra de título da visualização de gráfico do IntelliGit. Desative para ocultar o botão mantendo o comando de desencaixar disponível.,Mostra o botão Desencaixar na barra de título da vista de gráfico do IntelliGit. Desative para ocultar o botão mantendo o comando de desencaixar disponível.,"Показывает кнопку «Открепить» в заголовке представления графа IntelliGit. Отключите, чтобы скрыть кнопку, сохранив доступной команду открепления.",在 IntelliGit 图形视图标题中显示“取消停靠”按钮。禁用后会隐藏该按钮，但仍保留取消停靠命令。,在 IntelliGit 圖形檢視標題中顯示「取消停靠」按鈕。停用後會隱藏該按鈕，但仍保留取消停靠命令。
manifest,package.nls.json,configuration.icons.enum.color,,,Use IntelliGit's colored icons (default).,"VS Code settings UI label, enum label, or markdown description.",,IntelliGit,Verwenden Sie die farbigen Symbole von IntelliGit (Standardeinstellung).,Utilice los iconos de colores de IntelliGit (opción predeterminada).,Utilisez les icônes colorées d'IntelliGit (par défaut).,IntelliGitのカラーアイコンを使用する（デフォルト）。,IntelliGit의 색상 아이콘(기본값)을 사용합니다.,Użyj kolorowych ikon IntelliGit (domyślnie).,Use os ícones coloridos do IntelliGit (padrão).,Use os ícones coloridos do IntelliGit (padrão).,Используйте цветные значки IntelliGit (по умолчанию).,使用 IntelliGit 的彩色图标（默认）。,使用 IntelliGit 的彩色圖示（預設）。
manifest,package.nls.json,configuration.icons.enum.standard,,,"Use VS Code's monochromatic icon style, consistent with built-in panels.","VS Code settings UI label, enum label, or markdown description.",,VS Code,"Verwenden Sie den monochromen Symbolstil von VS Code, der mit den integrierten Bedienfeldern übereinstimmt.","Utilice el estilo de iconos monocromáticos de VS Code, que es coherente con los paneles integrados.","Utilisez le style d'icônes monochromes de VS Code, cohérent avec les panneaux intégrés.",VS Codeのモノクロアイコンスタイルを使用し、組み込みパネルとの一貫性を保ちます。,VS Code의 내장 패널과 일관성 있는 단색 아이콘 스타일을 사용하세요.,"Użyj monochromatycznego stylu ikon VS Code, spójnego z wbudowanymi panelami.","Use o estilo de ícones monocromáticos do VS Code, consistente com os painéis integrados.","Use o estilo de ícones monocromáticos do VS Code, consistente com os painéis integrados.","Используйте монохромный стиль иконок VS Code, соответствующий встроенным панелям.",使用 VS Code 的单色图标样式，与内置面板保持一致。,使用 VS Code 的單色圖示樣式，與內建面板保持一致。
manifest,package.nls.json,configuration.icons.markdownDescription,,,Icon style for the IntelliGit commit panel. `standard` uses VS Code's monochromatic icon foreground (default); `color` uses IntelliGit's colored icons.,"VS Code settings UI label, enum label, or markdown description.",,IntelliGit; VS Code; commit,Symbolstil für das IntelliGit-Commit-Panel. `standard` verwendet den einfarbigen Vordergrund von VS Code (Standard); `color` verwendet die farbigen Symbole von IntelliGit.,Estilo de iconos para el panel de confirmación de IntelliGit. `standard` utiliza el primer plano de iconos monocromáticos de VS Code (predeterminado); `color` utiliza los iconos de colores de IntelliGit.,Style d'icônes pour le panneau de commits d'IntelliGit. `standard` utilise le premier plan monochrome des icônes de VS Code (par défaut) ; `color` utilise les icônes colorées d'IntelliGit.,IntelliGitコミットパネルのアイコンスタイル。`standard`はVS Codeのモノクロアイコン（デフォルト）を使用し、`color`はIntelliGitのカラーアイコンを使用します。,"IntelliGit 커밋 패널의 아이콘 스타일입니다. `standard`는 VS Code의 단색 아이콘 전경(기본값)을 사용하고, `color`는 IntelliGit의 컬러 아이콘을 사용합니다.",Styl ikony panelu zatwierdzeń IntelliGit. `standard` używa monochromatycznych ikon VS Code na pierwszym planie (domyślnie); `color` używa kolorowych ikon IntelliGit.,Estilo de ícone para o painel de commits do IntelliGit. `standard` usa o ícone monocromático do VS Code (padrão); `color` usa os ícones coloridos do IntelliGit.,Estilo de ícone para o painel de commits do IntelliGit. `standard` usa o ícone monocromático do VS Code (padrão); `color` usa os ícones coloridos do IntelliGit.,Стиль значков для панели коммитов IntelliGit. `standard` использует монохромный фон значков VS Code (по умолчанию); `color` использует цветные значки IntelliGit.,IntelliGit提交面板的图标样式。`standard` 使用 VS Code 的单色图标前景（默认）；`color` 使用 IntelliGit 的彩色图标。,IntelliGit提交面板的圖示樣式。 `standard` 使用 VS Code 的單色圖示前景（預設）；`color` 使用 IntelliGit 的彩色圖示。
manifest,package.nls.json,configuration.commitWindowPosition.enum.auto,,,Follow VS Code's `workbench.sideBar.location` setting (default).,"VS Code settings UI label, enum label, or markdown description.",,VS Code,Folgen Sie der VS Code-Einstellung `workbench.sideBar.location` (Standardeinstellung).,Siga la configuración `workbench.sideBar.location` de VS Code (predeterminada).,Suivez le paramètre `workbench.sideBar.location` de VS Code (par défaut).,VS Code の `workbench.sideBar.location` 設定（デフォルト）に従います。,VS Code의 `workbench.sideBar.location` 설정(기본값)을 따르세요.,Postępuj zgodnie z ustawieniem `workbench.sideBar.location` programu VS Code (domyślne).,Siga a configuração `workbench.sideBar.location` do VS Code (padrão).,Siga a configuração `workbench.sideBar.location` do VS Code (padrão).,Используйте параметр `workbench.sideBar.location` из VS Code (по умолчанию).,遵循 VS Code 的 `workbench.sideBar.location` 设置（默认值）。,遵循 VS Code 的 `workbench.sideBar.location` 設定（預設值）。
manifest,package.nls.json,configuration.commitWindowPosition.enum.left,,,Place the commit panel on the left side of the undocked/tabbed window.,"VS Code settings UI label, enum label, or markdown description.",,commit,Platzieren Sie das Commit-Panel auf der linken Seite des nicht angedockten/mit Registerkarten versehenen Fensters.,Coloca el panel de confirmación en el lado izquierdo de la ventana desacoplada/con pestañas.,Placez le panneau de validation sur le côté gauche de la fenêtre détachée/à onglets.,コミットパネルを、ドッキング解除済み／タブ付きウィンドウの左側に配置します。,커밋 패널을 도킹 해제/탭된 창의 왼쪽에 배치합니다.,Umieść panel zatwierdzania po lewej stronie oddokowanego/zaznaczonego karty okna.,Coloque o painel de confirmação no lado esquerdo da janela desencaixada/com abas.,Coloque o painel de confirmação no lado esquerdo da janela desencaixada/com abas.,Разместите панель подтверждения изменений в левой части открепленного/открытого окна.,将提交面板放置在未停靠/已添加标签页的窗口的左侧。,將提交面板放置在未停靠/已新增標籤頁的視窗的左側。
manifest,package.nls.json,configuration.commitWindowPosition.enum.right,,,Place the commit panel on the right side of the undocked/tabbed window.,"VS Code settings UI label, enum label, or markdown description.",,commit,Platzieren Sie das Commit-Panel auf der rechten Seite des nicht angedockten/mit Tabs versehenen Fensters.,Coloca el panel de confirmación en el lado derecho de la ventana desacoplada/con pestañas.,Placez le panneau de validation sur le côté droit de la fenêtre détachée/à onglets.,コミットパネルを、ドッキング解除済み／タブ付きウィンドウの右側に配置します。,커밋 패널을 도킹 해제/탭된 창의 오른쪽에 배치합니다.,Umieść panel zatwierdzania po prawej stronie oddokowanego/zaznaczonego karty okna.,Coloque o painel de confirmação no lado direito da janela desencaixada/com abas.,Coloque o painel de confirmação no lado direito da janela desencaixada/com abas.,Разместите панель подтверждения изменений в правой части открепленного/открытого окна.,将提交面板放置在未停靠/已添加标签页的窗口的右侧。,將提交面板放置在未停靠/已新增標籤頁的視窗的右側。
manifest,package.nls.json,configuration.commitWindowPosition.markdownDescription,,,Position of the commit panel within the undocked/tabbed IntelliGit window. `auto` (default) follows VS Code's `workbench.sideBar.location`; `left` and `right` force a side.,"VS Code settings UI label, enum label, or markdown description.",,IntelliGit; VS Code; commit,Position des Commit-Panels im abgedockten/angezeigten IntelliGit-Fenster. `auto` (Standard) folgt der Einstellung `workbench.sideBar.location` von VS Code; `left` und `right` legen eine Seite fest.,Posición del panel de confirmación dentro de la ventana de IntelliGit desacoplada/con pestañas. `auto` (predeterminado) sigue la `workbench.sideBar.location` de VS Code; `left` y `right` fuerzan un lado.,Position du panneau de commit dans la fenêtre IntelliGit non ancrée/à onglets. `auto` (par défaut) suit la propriété `workbench.sideBar.location` de VS Code ; `left` et `right` forcent un positionnement latéral.,ドッキング解除/タブ付き IntelliGit ウィンドウ内でのコミット パネルの位置。`auto` (デフォルト) は VS Code の `workbench.sideBar.location` に従います。`left` と `right` は左右どちらかに強制的に配置します。,"IntelliGit 창(도킹 해제 또는 탭으로 열림) 내 커밋 패널의 위치입니다. `auto`(기본값)는 VS Code의 `workbench.sideBar.location`을 따르며, `left` 및 `right`는 특정 측면에 배치하도록 설정합니다.",Pozycja panelu zatwierdzania w niezadokowanym/zaznaczonym na karcie oknie IntelliGit. `auto` (domyślne) następuje po `workbench.sideBar.location` programu VS Code; `left` i `right` wymuszają stronę.,Posição do painel de commits dentro da janela do IntelliGit desencaixada/em abas. `auto` (padrão) segue a posição de `workbench.sideBar.location` do VS Code; `left` e `right` forçam uma posição lateral.,Posição do painel de commits dentro da janela do IntelliGit desencaixada/em abas. `auto` (padrão) segue a posição de `workbench.sideBar.location` do VS Code; `left` e `right` forçam uma posição lateral.,Положение панели фиксации в открепленном/вложенном окне IntelliGit. Параметр `auto` (по умолчанию) соответствует параметру `workbench.sideBar.location` в VS Code; `left` и `right` принудительно определяют сторону.,在未停靠/标签页化的 IntelliGit 窗口中，提交面板的位置。`auto`（默认值）遵循 VS Code 的 `workbench.sideBar.location`；`left` 和 `right` 强制设置在左侧。,在未停靠/標籤頁化的 IntelliGit 視窗中，提交面板的位置。 `auto`（預設值）遵循 VS Code 的 `workbench.sideBar.location`；`left` 和 `right` 強制設定在左側。
host,l10n/bundle.l10n.json,$(add) Use a Different Remote Name,,,$(add) Use a Different Remote Name,VS Code quick pick item with codicon prefix. Keep the $(icon-name) token intact.,,Remote,$(add) Einen anderen Remote-Namen verwenden,$(add) Usar un nombre remoto diferente,$(add) Utiliser un nom distant différent,$(add) 別のリモート名を使用する,$(add) (추가) 다른 원격 이름 사용,$(add) Użyj innej nazwy zdalnej,$(add) Usar um nome remoto diferente,$(add) Usar um nome remoto diferente,$(add) Использовать другое удаленное имя,$(add) 使用不同的远程名称,$(add) 使用不同的遠端名稱
host,l10n/bundle.l10n.json,$(edit) Enter path manually,,,$(edit) Enter path manually,VS Code quick pick item with codicon prefix. Keep the $(icon-name) token intact.,,,$(edit) Pfad manuell eingeben,$(edit) Introduzca la ruta manualmente,$(edit) ​​Saisissez le chemin manuellement,$(edit) パスを手動で入力,$(edit) (편집) 경로를 수동으로 입력하세요,$(edit) Wprowadź ścieżkę ręcznie,$(edit) (editar) Insira o caminho manualmente,$(edit) (editar) Insira o caminho manualmente,$(edit) Введите путь вручную,$(edit) 手动输入路径,$(edit) 手動輸入路徑
host,l10n/bundle.l10n.json,$(edit) Enter revision manually,,,$(edit) Enter revision manually,VS Code quick pick item with codicon prefix. Keep the $(icon-name) token intact.,,,$(edit) Revision manuell eingeben,$(edit) Introduzca la revisión manualmente,$(edit) ​​Saisir la révision manuellement,$(edit) 手動でリビジョンを入力してください,$(edit) (편집) 수정 내용을 수동으로 입력하세요,$(edit) Wprowadź wersję ręcznie,$(edit) (editar) Insira a revisão manualmente,$(edit) (editar) Insira a revisão manualmente,$(edit) Введите версию вручную,$(edit) 手动输入修订版本,$(edit) 手動輸入修訂版本
host,l10n/bundle.l10n.json,$(github) GitHub,,,$(github) GitHub,VS Code quick pick item with codicon prefix. Keep the $(icon-name) token intact.,,GitHub,$(github) GitHub,$(github) GitHub,$(github) GitHub,$(github) GitHub,$(github) GitHub,$(github) GitHub,$(github) GitHub,$(github) GitHub,$(github) GitHub,$(github) GitHub,$(github) GitHub
host,l10n/bundle.l10n.json,$(gitlab) GitLab,,,$(gitlab) GitLab,VS Code quick pick item with codicon prefix. Keep the $(icon-name) token intact.,,GitLab,$(gitlab) GitLab,$(gitlab) GitLab,$(gitlab) GitLab,$(gitlab) GitLab,$(gitlab) GitLab,$(gitlab) GitLab,$(gitlab) GitLab,$(gitlab) GitLab,$(gitlab) GitLab,$(gitlab) GitLab,$(gitlab) GitLab
host,l10n/bundle.l10n.json,$(globe) Public,,,$(globe) Public,VS Code quick pick item with codicon prefix. Keep the $(icon-name) token intact.,,,$(globe) Öffentlich,$(globe) Público,$(globe) Public,$(globe) 公開,$(globe) 공개,$(globe) Publiczny,$(globe) Público,$(globe) Público,$(globe) Публичный,$(globe) 公开,$(globe) 公開
host,l10n/bundle.l10n.json,$(link) Enter Clone URL,,,$(link) Enter Clone URL,VS Code quick pick item with codicon prefix. Keep the $(icon-name) token intact.,,URL,$(link) URL zum Klonen eingeben,$(link) Introduzca la URL del clon,$(link) Entrez l'URL du clone,$(link) クローンURLを入力してください,$(link) (링크) 클론 URL을 입력하세요,$(link) Wprowadź adres URL klonu,$(link) Insira o URL de clonagem,$(link) Insira o URL de clonagem,$(link) Введите URL-адрес клонирования,$(link) 输入克隆 URL,$(link) 輸入克隆 URL
host,l10n/bundle.l10n.json,$(list-tree) Browse My Repositories,,,$(list-tree) Browse My Repositories,VS Code quick pick item with codicon prefix. Keep the $(icon-name) token intact.,,,$(list-tree) Meine Repositories durchsuchen,$(list-tree) Explorar mis repositorios,$(list-tree) Parcourir mes dépôts,$(list-tree) マイリポジトリを閲覧する,$(list-tree) 내 저장소 찾아보기,$(list-tree) Przeglądaj moje repozytoria,$(list-tree) Navegue pelos meus repositórios,$(list-tree) Navegue pelos meus repositórios,$(list-tree) Просмотреть мои репозитории,$(list-tree) 浏览我的仓库,$(list-tree) 瀏覽我的倉庫
host,l10n/bundle.l10n.json,$(lock) Private,,,$(lock) Private,VS Code quick pick item with codicon prefix. Keep the $(icon-name) token intact.,,,$(lock) Privat,$(lock) Privado,$(lock) Privé,$(lock) プライベート,$(lock) 개인,$(lock) Prywatny,$(lock) Privado,$(lock) Privado,$(lock) Частный,$(lock) 私有,$(lock) 私有
host,l10n/bundle.l10n.json,$(remote) SSH,,,$(remote) SSH,VS Code quick pick item with codicon prefix. Keep the $(icon-name) token intact.,,SSH; remote,$(remote) SSH,$(remote) SSH,$(remote) SSH,$(remote) SSH,$(remote) SSH,$(remote) SSH,$(remote) SSH,$(remote) SSH,$(remote) SSH,$(remote) SSH,$(remote) SSH
host,l10n/bundle.l10n.json,Add the new repository as a separate remote,,,Add the new repository as a separate remote,"Extension-host runtime notification, command label, quick pick text, or status message.",,remote,Das neue Repository als separaten Remote hinzufügen,Agregue el nuevo repositorio como un repositorio remoto separado.,Ajoutez le nouveau dépôt en tant que dépôt distant distinct,新しいリポジトリを別のリモートとして追加する,새 저장소를 별도의 원격 저장소로 추가합니다.,Dodaj nowe repozytorium jako osobny zdalny,Adicione o novo repositório como um repositório remoto separado.,Adicione o novo repositório como um repositório remoto separado.,Добавьте новый репозиторий как отдельный удалённый репозиторий.,将新仓库添加为单独的远程仓库,將新倉庫新增為單獨的遠端倉庫
host,l10n/bundle.l10n.json,All merge conflicts are resolved.,,,All merge conflicts are resolved.,"Extension-host runtime notification, command label, quick pick text, or status message.",,merge,Alle Merge-Konflikte wurden behoben.,Todos los conflictos de fusión están resueltos.,Tous les conflits de fusion sont résolus.,マージの競合はすべて解決されました。,모든 병합 충돌이 해결되었습니다.,Wszystkie konflikty scalania zostały rozwiązane.,Todos os conflitos de mesclagem foram resolvidos.,Todos os conflitos de mesclagem foram resolvidos.,Все конфликты слияния разрешены.,所有合并冲突均已解决。,所有合併衝突均已解決。
host,l10n/bundle.l10n.json,Abort Merge,,,Abort Merge,"Extension-host runtime notification, command label, quick pick text, or status message.",,merge,Zusammenführung abbrechen,Cancelar fusión,Abandonner la fusion,マージを中止,병합 중단,Przerwij scalanie,Anular mesclagem,Anular mesclagem,Прервать слияние,中止合并,中止合併
host,l10n/bundle.l10n.json,Abort the current merge? Local conflict resolutions will be discarded.,,,Abort the current merge? Local conflict resolutions will be discarded.,"Extension-host prompt, validation, or error/empty-state message.",,merge,Aktuelle Zusammenführung abbrechen? Lokale Konfliktlösungen werden verworfen.,¿Cancelar la fusión actual? Se descartarán las resoluciones de conflictos locales.,Abandonner la fusion en cours ? Les résolutions de conflits locales seront ignorées.,現在のマージを中止しますか？ローカルのコンフリクト解決は破棄されます。,현재 병합을 중단하시겠습니까? 로컬 충돌 해결 사항이 삭제됩니다.,Przerwać bieżące scalanie? Lokalne rozwiązania konfliktów zostaną odrzucone.,Anular a mesclagem atual? As resoluções de conflitos locais serão descartadas.,Anular a mesclagem atual? As resoluções de conflitos locais serão descartadas.,Прервать текущее слияние? Локальные разрешения конфликтов будут отменены.,中止当前合并？本地冲突解决方案将被丢弃。,中止目前合併？本機衝突解決方案將被丟棄。
host,l10n/bundle.l10n.json,Aborting merge...,,,Aborting merge...,"Extension-host runtime notification, command label, quick pick text, or status message.",,merge,Zusammenführung wird abgebrochen...,Cancelando fusión...,Abandon de la fusion...,マージを中止しています...,병합 중단 중...,Przerywanie scalania...,Anulando mesclagem...,A anular a mesclagem...,Прерывание слияния...,正在中止合并...,正在中止合併...
host,l10n/bundle.l10n.json,Merge aborted.,,,Merge aborted.,"Extension-host runtime notification, command label, quick pick text, or status message.",,merge,Zusammenführung abgebrochen.,Fusión cancelada.,Fusion abandonnée.,マージが中止されました。,병합이 중단되었습니다.,Scalanie przerwane.,Mesclagem anulada.,Mesclagem anulada.,Слияние прервано.,合并已中止。,合併已中止。
host,l10n/bundle.l10n.json,Anyone on the internet can see this repository,,,Anyone on the internet can see this repository,"Extension-host runtime notification, command label, quick pick text, or status message.",,,Dieses Repository ist für jeden im Internet einsehbar.,Cualquier persona en Internet puede ver este repositorio.,N'importe qui sur Internet peut consulter ce dépôt,インターネット上の誰でもこのリポジトリを見ることができます,인터넷에 있는 누구든지 이 저장소를 볼 수 있습니다.,Każdy w Internecie może zobaczyć to repozytorium,Qualquer pessoa na internet pode ver este repositório.,Qualquer pessoa na internet pode ver este repositório.,Любой пользователь интернета может увидеть этот репозиторий.,任何上网的人都可以看到这个存储库。,任何上網的人都可以看到這個儲存庫。
host,l10n/bundle.l10n.json,Cannot drop the initial commit of the repository.,,,Cannot drop the initial commit of the repository.,"Extension-host prompt, validation, or error/empty-state message.",,commit,Der erste Commit des Repositorys kann nicht verworfen werden.,No se puede eliminar la confirmación inicial del repositorio.,Impossible de supprimer le commit initial du dépôt.,リポジトリの最初のコミットを削除することはできません。,저장소의 최초 커밋을 삭제할 수 없습니다.,Nie można usunąć początkowego zatwierdzenia repozytorium.,Não é possível descartar o commit inicial do repositório.,Não é possível descartar o commit inicial do repositório.,Невозможно удалить первый коммит репозитория.,无法删除仓库的初始提交。,無法刪除倉庫的初始提交。
host,l10n/bundle.l10n.json,Cannot undo the initial commit of the repository.,,,Cannot undo the initial commit of the repository.,"Extension-host prompt, validation, or error/empty-state message.",,commit,Der erste Commit des Repositorys kann nicht rückgängig gemacht werden.,No se puede deshacer la confirmación inicial del repositorio.,Impossible d'annuler la validation initiale du dépôt.,リポジトリの最初のコミットを取り消すことはできません。,저장소의 최초 커밋을 되돌릴 수 없습니다.,Nie można cofnąć początkowego zatwierdzenia repozytorium.,Não é possível desfazer a confirmação inicial do repositório.,Não é possível desfazer a confirmação inicial do repositório.,Невозможно отменить первоначальную фиксацию изменений в репозитории.,无法撤销仓库的初始提交。,無法撤銷倉庫的初始提交。
host,l10n/bundle.l10n.json,Changed Files,,,Changed Files,"Extension-host runtime notification, command label, quick pick text, or status message.",,,Geänderte Dateien,Archivos modificados,Fichiers modifiés,変更されたファイル,변경된 파일,Zmienione pliki,Arquivos alterados,Arquivos alterados,Измененные файлы,已更改的文件,已更改的文件
host,l10n/bundle.l10n.json,Changes,,,Changes,"Extension-host runtime notification, command label, quick pick text, or status message.",,,Änderungen,Cambios,Changements,変更点,변경 사항,Zmiany,Mudanças,Mudanças,Изменения,更改,變更
host,l10n/bundle.l10n.json,Changes rolled back.,,,Changes rolled back.,"Extension-host runtime notification, command label, quick pick text, or status message.",,,Änderungen rückgängig gemacht.,Los cambios fueron revertidos.,Modifications annulées.,変更は元に戻されました。,변경 사항이 되돌려졌습니다.,Zmiany zostały wycofane.,Alterações revertidas.,Alterações revertidas.,Изменения отменены.,更改已回滚。,更改已回滾。
host,l10n/bundle.l10n.json,Choose how to clone a repository,,,Choose how to clone a repository,"Extension-host prompt, validation, or error/empty-state message.",,,"Wählen Sie aus, wie ein Repository geklont werden soll.",Elige cómo clonar un repositorio,Choisissez comment cloner un dépôt,リポジトリのクローン方法を選択してください,저장소를 복제하는 방법을 선택하세요,Wybierz sposób klonowania repozytorium,Escolha como clonar um repositório,Escolha como clonar um repositório,Выберите способ клонирования репозитория.,选择克隆仓库的方式,選擇克隆倉庫的方式
host,l10n/bundle.l10n.json,Choose how to undock IntelliGit,,,Choose how to undock IntelliGit,"Extension-host prompt, validation, or error/empty-state message.",,IntelliGit,"Wählen Sie aus, wie IntelliGit abgedockt werden soll.",Elige cómo desacoplar IntelliGit,Choisissez comment détacher IntelliGit,IntelliGitのドッキング解除方法を選択してください,IntelliGit을 도킹 해제하는 방법을 선택하세요,Wybierz sposób oddokowania IntelliGit,Escolha como desencaixar o IntelliGit,Escolha como desencaixar o IntelliGit,Выберите способ отсоединения IntelliGit.,选择如何取消停靠 IntelliGit,選擇如何取消停靠 IntelliGit
host,l10n/bundle.l10n.json,Choose repository visibility,,,Choose repository visibility,"Extension-host prompt, validation, or error/empty-state message.",,,Repository-Sichtbarkeit auswählen,Seleccione la visibilidad del repositorio,Choisir la visibilité du dépôt,リポジトリの可視性を選択する,저장소 가시성을 선택하세요,Wybierz widoczność repozytorium,Escolha a visibilidade do repositório.,Escolha a visibilidade do repositório.,Выберите видимость репозитория,选择存储库可见性,選擇儲存庫可見性
host,l10n/bundle.l10n.json,Choose where to clone the repository,,,Choose where to clone the repository,"Extension-host prompt, validation, or error/empty-state message.",,,"Wählen Sie aus, wo das Repository geklont werden soll.",Elige dónde clonar el repositorio,Choisissez l'emplacement où cloner le dépôt,リポジトリをクローンする場所を選択してください,저장소를 복제할 위치를 선택하세요,Wybierz miejsce klonowania repozytorium,Escolha onde clonar o repositório.,Escolha onde clonar o repositório.,Выберите место для клонирования репозитория.,选择要克隆存储库的位置,選擇要克隆儲存庫的位置
host,l10n/bundle.l10n.json,Clear Saved Token,,,Clear Saved Token,"Extension-host runtime notification, command label, quick pick text, or status message.",,,Gespeichertes Token löschen,Borrar token guardado,Effacer le jeton enregistré,保存済みトークンをクリア,저장된 토큰 지우기,Wyczyść zapisany token,Limpar token salvo,Limpar token salvo,Очистить сохраненный токен,清除已保存的令牌,清除已儲存的令牌
host,l10n/bundle.l10n.json,Clone Repository,,,Clone Repository,"Extension-host runtime notification, command label, quick pick text, or status message.",,,Repository klonen,Clonar repositorio,Cloner le dépôt,クローンリポジトリ,클론 저장소,Klonuj repozytorium,Clonar Repositório,Clonar Repositório,Репозиторий клонов,克隆仓库,克隆倉庫
host,l10n/bundle.l10n.json,Clone via git@... SSH URL,,,Clone via git@... SSH URL,"Extension-host runtime notification, command label, quick pick text, or status message.",,SSH; URL,Klonen via git@... SSH-URL,Clonar mediante git@... URL SSH,Cloner via git@... URL SSH,git@... 経由でクローンします。SSH URL,git@...를 통한 클론 SSH URL,Klonuj przez git@... SSH URL,Clonar via git@... URL SSH,Clonar via git@... URL SSH,Клонирование через git@... SSH URL,通过 git@... SSH URL 克隆,透過 git@... SSH URL 克隆
host,l10n/bundle.l10n.json,Clone with personal access token or URL,,,Clone with personal access token or URL,"Extension-host runtime notification, command label, quick pick text, or status message.",,URL,Klonen mit persönlichem Zugriffstoken oder URL,Clonar con token de acceso personal o URL,Cloner avec un jeton d'accès personnel ou une URL,個人アクセストークンまたはURLを使用してクローンを作成する,개인 액세스 토큰 또는 URL을 사용하여 복제,Klonuj za pomocą osobistego tokena dostępu lub adresu URL,Clonar com token de acesso pessoal ou URL,Clonar com token de acesso pessoal ou URL,Клонируйте с помощью персонального токена доступа или URL-адреса.,使用个人访问令牌或 URL 进行克隆,使用個人存取權杖或 URL 進行克隆
host,l10n/bundle.l10n.json,"Cloned successfully, but could not clean the remote URL. You may want to verify the origin remote in .git/config.",,,"Cloned successfully, but could not clean the remote URL. You may want to verify the origin remote in .git/config.","Extension-host runtime notification, command label, quick pick text, or status message.",,URL; remote,"Klonen erfolgreich, aber die Remote-URL konnte nicht bereinigt werden. Prüfen Sie den origin-Remote in .git/config.","Clonado correctamente, pero no se pudo limpiar la URL remota. Verifica el remoto origin en .git/config.","Le clonage a réussi, mais l'URL distante n'a pas pu être nettoyée. Il est conseillé de vérifier le dépôt distant d'origine dans le fichier .git/config. origin",クローンは成功しましたが、リモート URL をクリーンアップできませんでした。.git/config で origin リモートを確認することをお勧めします。,클론은 성공했지만 원격 URL을 정리하지 못했습니다. .git/config에서 origin 원격을 확인하세요.,"Klonowanie powiodło się, ale nie udało się wyczyścić zdalnego adresu URL. Możesz zweryfikować zdalny origin w pliku .git/config.","O repositório foi clonado com sucesso, mas não foi possível limpar a URL remota. Talvez seja necessário verificar o remoto origin em .git/config.","O repositório foi clonado com êxito, mas não foi possível limpar o URL remoto. Poderá querer verificar o remoto origin em .git/config.","Клонирование прошло успешно, но не удалось очистить удаленный URL. Возможно, вам следует проверить удалённый origin в файле .git/config.",克隆成功，但无法清除远程 URL。您可能需要在 .git/config 文件中验证 origin 远程仓库的配置。,克隆成功，但無法清除遠端 URL。您可能需要在 .git/config 檔案中驗證 origin 遠端倉庫的設定。
host,l10n/bundle.l10n.json,Commit,,,Commit,"Extension-host runtime notification, command label, quick pick text, or status message.",,Commit,Commit,Commit,Commit,コミット,커밋,Commit,Commit,Commit,Коммит,提交,提交
host,l10n/bundle.l10n.json,"Commit hash, tag, or ref name",,,"Commit hash, tag, or ref name","Extension-host runtime notification, command label, quick pick text, or status message.",,Commit; tag,"Commit-Hash, Tag oder Referenzname","Hash, etiqueta o nombre de referencia de la confirmación","Nom du hachage, de l'étiquette ou de la référence du commit",コミットハッシュ、タグ、または参照名,"커밋 해시, 태그 또는 참조 이름","Zatwierdź hash, tag lub nazwę odniesienia","Hash, tag ou nome de referência do commit","Hash, tag ou nome de referência do commit","Хэш, тег или имя ссылки для фиксации.",提交哈希值、标签或引用名称,提交哈希值、標籤或引用名稱
host,l10n/bundle.l10n.json,Commit message updated.,,,Commit message updated.,"Extension-host runtime notification, command label, quick pick text, or status message.",,Commit,Commit-Nachricht aktualisiert.,Mensaje de confirmación actualizado.,Message de commit mis à jour.,コミットメッセージを更新しました。,커밋 메시지가 업데이트되었습니다.,Zaktualizowano komunikat zatwierdzenia.,Mensagem de commit atualizada.,Mensagem de commit atualizada.,Сообщение о коммите обновлено.,提交信息已更新。,提交訊息已更新。
host,l10n/bundle.l10n.json,Committed and pushed successfully.,,,Committed and pushed successfully.,"Extension-host runtime notification, command label, quick pick text, or status message.",,,Commit und Push erfolgreich.,Commit y push completados correctamente.,Commit et push réussis.,コミットとプッシュが完了しました。,커밋 및 푸시가 완료되었습니다.,Commit i push zakończone powodzeniem.,Commit e push concluídos com sucesso.,Commit e push concluídos com sucesso.,Коммит и push выполнены успешно.,提交和推送成功。,提交和推送成功。
host,l10n/bundle.l10n.json,Committed successfully.,,,Committed successfully.,"Extension-host runtime notification, command label, quick pick text, or status message.",,,Commit erfolgreich.,Commit creado correctamente.,Commit créé avec succès.,コミットが完了しました。,커밋이 완료되었습니다.,Commit utworzony pomyślnie.,Commit criado com sucesso.,Commit criado com sucesso.,Коммит успешно создан.,提交成功。,提交成功。
host,l10n/bundle.l10n.json,Compare with Revision,,,Compare with Revision,"Extension-host runtime notification, command label, quick pick text, or status message.",,,Mit Revision vergleichen,Comparar con la revisión,Comparer avec la révision,改訂版と比較,수정본과 비교,Porównaj z wersją,Comparar com a revisão,Comparar com a revisão,Сравните с версией для повторения.,与修订版比较,與修訂版比較
host,l10n/bundle.l10n.json,Compare with Revision is only available for local files.,,,Compare with Revision is only available for local files.,"Extension-host runtime notification, command label, quick pick text, or status message.",,,Die Funktion „Mit Revision vergleichen“ ist nur für lokale Dateien verfügbar.,La función Comparar con revisión solo está disponible para archivos locales.,La fonction « Comparer avec la révision » n'est disponible que pour les fichiers locaux.,リビジョンとの比較は、ローカルファイルでのみ利用可能です。,'수정본 비교' 기능은 로컬 파일에만 사용할 수 있습니다.,Opcja Porównaj z wersją jest dostępna tylko w przypadku plików lokalnych.,"A opção ""Comparar com a revisão"" está disponível apenas para arquivos locais.","A opção ""Comparar com a revisão"" está disponível apenas para arquivos locais.",Функция «Сравнить с версией» доступна только для локальных файлов.,“与版本比较”功能仅适用于本地文件。,「與版本比較」功能僅適用於本機檔案。
host,l10n/bundle.l10n.json,Conflicts,,,Conflicts,"Extension-host runtime notification, command label, quick pick text, or status message.",,,Konflikte,Conflictos,Conflits,紛争,갈등,Konflikty,Conflitos,Conflitos,Конфликты,冲突,衝突
host,l10n/bundle.l10n.json,Could not save token securely.,,,Could not save token securely.,"Extension-host prompt, validation, or error/empty-state message.",,,Token konnte nicht sicher gespeichert werden.,No se pudo guardar el token de forma segura.,Impossible d'enregistrer le jeton de manière sécurisée.,トークンを安全に保存できませんでした。,토큰을 안전하게 저장할 수 없습니다.,Nie można zapisać tokena bezpiecznie.,Não foi possível salvar o token com segurança.,Não foi possível salvar o token com segurança.,Не удалось безопасно сохранить токен.,无法安全保存令牌。,無法安全保存令牌。
host,l10n/bundle.l10n.json,Create a commit before publishing this branch.,,,Create a commit before publishing this branch.,"Extension-host runtime notification, command label, quick pick text, or status message.",,commit; branch,"Erstellen Sie einen Commit, bevor Sie diesen Branch veröffentlichen.",Crea una confirmación antes de publicar esta rama.,Créez un commit avant de publier cette branche.,このブランチを公開する前にコミットを作成してください。,이 브랜치를 게시하기 전에 커밋을 생성하세요.,Przed opublikowaniem tej gałęzi utwórz zatwierdzenie.,Crie um commit antes de publicar esta branch.,Crie um commit antes de publicar esta branch.,Перед публикацией этой ветки сделайте коммит.,发布此分支前，请先创建提交。,發布此分支前，請先建立提交。
host,l10n/bundle.l10n.json,Create a project on GitLab and push,,,Create a project on GitLab and push,"Extension-host runtime notification, command label, quick pick text, or status message.",,GitLab; push,Erstelle ein Projekt auf GitLab und pushe es.,Crea un proyecto en GitLab y haz push.,Créez un projet sur GitLab et envoyez-le.,GitLabでプロジェクトを作成し、プッシュします。,GitLab에 프로젝트를 생성하고 푸시하세요,Utwórz projekt w GitLab i prześlij,Crie um projeto no GitLab e faça o push.,Crie um projeto no GitLab e faça o push.,Создайте проект в GitLab и отправьте изменения.,在 GitLab 上创建一个项目并推送,在 GitLab 上建立專案並推送
host,l10n/bundle.l10n.json,Create a repository on GitHub and push,,,Create a repository on GitHub and push,"Extension-host runtime notification, command label, quick pick text, or status message.",,GitHub; push,Erstelle ein Repository auf GitHub und pushe es.,Crea un repositorio en GitHub y haz push.,Créez un dépôt sur GitHub et envoyez-y des données.,GitHubにリポジトリを作成してプッシュする,GitHub에 저장소를 생성하고 푸시하세요,Utwórz repozytorium na GitHubie i prześlij,Crie um repositório no GitHub e faça o push.,Crie um repositório no GitHub e faça o push.,Создайте репозиторий на GitHub и отправьте в него изменения.,在 GitHub 上创建一个仓库并推送,在 GitHub 上建立一個倉庫並推送
host,l10n/bundle.l10n.json,Drop Commit is available only for unpushed commits.,,,Drop Commit is available only for unpushed commits.,"Extension-host runtime notification, command label, quick pick text, or status message.",,Commit,Commit verwerfen ist nur für nicht gepushte Commits verfügbar.,"La opción ""Eliminar confirmación"" solo está disponible para confirmaciones no enviadas.",L'option « Drop Commit » est disponible uniquement pour les commits non poussés.,コミットの破棄は、プッシュされていないコミットに対してのみ利用可能です。,커밋 삭제 기능은 푸시되지 않은 커밋에만 사용할 수 있습니다.,Funkcja Drop Commit jest dostępna tylko w przypadku niezatwierdzonych zmian.,O comando Drop Commit está disponível apenas para commits não enviados (unpush).,O comando Drop Commit está disponível apenas para commits não enviados (unpush).,Функция Drop Commit доступна только для неотправленных коммитов.,“丢弃提交”仅适用于未推送的提交。,「丟棄提交」僅適用於未推送的提交。
host,l10n/bundle.l10n.json,Drop Commit is not available for merge commits.,,,Drop Commit is not available for merge commits.,"Extension-host runtime notification, command label, quick pick text, or status message.",,Commit; merge,Commit verwerfen ist für Merge-Commits nicht verfügbar.,"La opción ""Eliminar confirmación"" no está disponible para confirmaciones de fusión.",L'option « Supprimer le commit » n'est pas disponible pour les commits de fusion.,マージコミットに対しては、コミットの削除は利用できません。,병합 커밋에는 커밋 삭제 기능을 사용할 수 없습니다.,Opcja Drop Commit nie jest dostępna w przypadku zatwierdzeń scaleniowych.,O comando Drop Commit não está disponível para commits de merge.,O comando Drop Commit não está disponível para commits de merge.,Функция Drop Commit недоступна для коммитов слияния.,“丢弃提交”不适用于合并提交。,「丟棄提交」不適用於合併提交。
host,l10n/bundle.l10n.json,Edit commit message,,,Edit commit message,"Extension-host runtime notification, command label, quick pick text, or status message.",,commit,Commit-Nachricht bearbeiten,Editar mensaje de confirmación,Modifier le message de commit,コミットメッセージを編集する,커밋 메시지 수정,Edytuj wiadomość zatwierdzenia,Editar mensagem de commit,Editar mensagem de commit,Редактировать сообщение коммита,编辑提交消息,編輯提交訊息
host,l10n/bundle.l10n.json,Edit Commit Message is available only for unpushed commits.,,,Edit Commit Message is available only for unpushed commits.,"Extension-host runtime notification, command label, quick pick text, or status message.",,Commit,Commit-Nachricht bearbeiten ist nur für nicht gepushte Commits verfügbar.,"La opción ""Editar mensaje de confirmación"" solo está disponible para confirmaciones no enviadas.",L'option « Modifier le message de commit » est disponible uniquement pour les commits non poussés.,コミットメッセージの編集は、プッシュされていないコミットに対してのみ利用可能です。,커밋 메시지 편집 기능은 푸시되지 않은 커밋에 대해서만 사용할 수 있습니다.,Opcja Edytuj komunikat zatwierdzenia jest dostępna tylko w przypadku niezatwierdzonych zatwierdzeń.,A opção Editar mensagem de commit está disponível apenas para commits não enviados (unpush).,A opção Editar mensagem de commit está disponível apenas para commits não enviados (unpush).,Функция «Редактировать сообщение коммита» доступна только для неотправленных коммитов.,编辑提交消息功能仅适用于尚未推送的提交。,編輯提交訊息功能僅適用於尚未推播的提交。
host,l10n/bundle.l10n.json,Edit Commit Message is not available for merge commits.,,,Edit Commit Message is not available for merge commits.,"Extension-host runtime notification, command label, quick pick text, or status message.",,Commit; merge,Die Option „Commit-Nachricht bearbeiten“ ist für Merge-Commits nicht verfügbar.,La opción Editar mensaje de confirmación no está disponible para confirmaciones de fusión.,L'option « Modifier le message de commit » n'est pas disponible pour les commits de fusion.,マージコミットでは、コミットメッセージの編集はできません。,병합 커밋의 경우 커밋 메시지 편집 기능을 사용할 수 없습니다.,Opcja Edytuj komunikat zatwierdzenia nie jest dostępna w przypadku zatwierdzeń scalenia.,A opção Editar mensagem de commit não está disponível para commits de merge.,A opção Editar mensagem de commit não está disponível para commits de merge.,Функция редактирования сообщения коммита недоступна для коммитов слияния.,合并提交不支持编辑提交消息。,合併提交不支援編輯提交訊息。
host,l10n/bundle.l10n.json,Edit Commit Message is not available for the initial commit.,,,Edit Commit Message is not available for the initial commit.,"Extension-host runtime notification, command label, quick pick text, or status message.",,Commit; commit,Die Option „Commit-Nachricht bearbeiten“ ist für den ersten Commit nicht verfügbar.,"La opción ""Editar mensaje de confirmación"" no está disponible para la confirmación inicial.",L'option « Modifier le message de commit » n'est pas disponible pour le commit initial.,最初のコミットでは、コミットメッセージの編集はできません。,최초 커밋에 대해서는 커밋 메시지 편집 기능을 사용할 수 없습니다.,Opcja Edytuj komunikat zatwierdzenia nie jest dostępna dla początkowego zatwierdzenia.,A opção Editar mensagem de commit não está disponível para o commit inicial.,A opção Editar mensagem de commit não está disponível para o commit inicial.,Функция «Изменить сообщение коммита» недоступна для первоначального коммита.,初始提交无法编辑提交消息。,初始提交無法編輯提交訊息。
host,l10n/bundle.l10n.json,Enter a commit message.,,,Enter a commit message.,"Extension-host prompt, validation, or error/empty-state message.",,commit,Geben Sie eine Commit-Nachricht ein.,Introduce un mensaje de confirmación.,Saisissez un message de commit.,コミットメッセージを入力してください。,커밋 메시지를 입력하세요.,Wprowadź komunikat zatwierdzenia.,Insira uma mensagem de commit.,Insira uma mensagem de commit.,Введите сообщение коммита.,输入提交信息。,輸入提交訊息。
host,l10n/bundle.l10n.json,Enter a Different Token,,,Enter a Different Token,"Extension-host prompt, validation, or error/empty-state message.",,,Geben Sie ein anderes Token ein,Introduzca un token diferente,Entrez un jeton différent,別のトークンを入力してください,다른 토큰을 입력하세요,Wprowadź inny token,Insira um token diferente,Insira um token diferente,Введите другой токен,输入其他令牌,輸入其他令牌
host,l10n/bundle.l10n.json,Enter the GitHub HTTPS clone URL (e.g. https://github.com/user/repo.git),,,Enter the GitHub HTTPS clone URL (e.g. https://github.com/user/repo.git),"Extension-host prompt, validation, or error/empty-state message.",,GitHub; HTTPS; URL,Geben Sie die GitHub-HTTPS-Klon-URL ein (z. B. https://github.com/user/repo.git).,"Introduce la URL de clonación HTTPS de GitHub (por ejemplo, https://github.com/user/repo.git)",Saisissez l'URL de clonage HTTPS de GitHub (par exemple : https://github.com/user/repo.git),GitHubのHTTPSクローンURLを入力してください（例：https://github.com/user/repo.git）,GitHub HTTPS 클론 URL을 입력하세요(예: https://github.com/user/repo.git).,Wprowadź adres URL klonu HTTPS serwisu GitHub (np. https://github.com/user/repo.git),"Insira o URL de clonagem HTTPS do GitHub (por exemplo, https://github.com/user/repo.git)","Insira o URL de clonagem HTTPS do GitHub (por exemplo, https://github.com/user/repo.git)","Введите URL-адрес клонирования репозитория GitHub по протоколу HTTPS (например, https://github.com/user/repo.git)",输入 GitHub HTTPS 克隆 URL（例如 https://github.com/user/repo.git）,輸入 GitHub HTTPS 克隆 URL（例如 https://github.com/user/repo.git）
host,l10n/bundle.l10n.json,Enter the GitLab HTTPS clone URL (e.g. https://gitlab.com/user/repo.git),,,Enter the GitLab HTTPS clone URL (e.g. https://gitlab.com/user/repo.git),"Extension-host prompt, validation, or error/empty-state message.",,GitLab; HTTPS; URL,Geben Sie die GitLab HTTPS-Klon-URL ein (z. B. https://gitlab.com/user/repo.git).,"Introduce la URL de clonación HTTPS de GitLab (por ejemplo, https://gitlab.com/user/repo.git)",Saisissez l'URL de clonage HTTPS de GitLab (par exemple : https://gitlab.com/user/repo.git),GitLabのHTTPSクローンURLを入力してください（例：https://gitlab.com/user/repo.git）,GitLab HTTPS 클론 URL을 입력하세요(예: https://gitlab.com/user/repo.git).,Wprowadź adres URL klonu HTTPS GitLab (np. https://gitlab.com/user/repo.git),"Insira a URL de clonagem HTTPS do GitLab (por exemplo, https://gitlab.com/user/repo.git)","Insira a URL de clonagem HTTPS do GitLab (por exemplo, https://gitlab.com/user/repo.git)","Введите URL-адрес клонирования GitLab по протоколу HTTPS (например, https://gitlab.com/user/repo.git)",输入 GitLab HTTPS 克隆 URL（例如 https://gitlab.com/user/repo.git）,輸入 GitLab HTTPS 克隆 URL（例如 https://gitlab.com/user/repo.git）
host,l10n/bundle.l10n.json,Enter the SSH clone URL (e.g. git@github.com:user/repo.git),,,Enter the SSH clone URL (e.g. git@github.com:user/repo.git),"Extension-host prompt, validation, or error/empty-state message.",,SSH; URL,Geben Sie die SSH-Klon-URL ein (z. B. git@github.com:user/repo.git).,"Introduzca la URL de clonación SSH (por ejemplo, git@github.com:user/repo.git)",Saisissez l'URL de clonage SSH (par exemple : git@github.com:user/repo.git),SSHクローンURLを入力してください（例：git@github.com:user/repo.git）,SSH 클론 URL을 입력하세요(예: git@github.com:user/repo.git).,Wprowadź adres URL klonu SSH (np. git@github.com:user/repo.git),"Insira a URL de clonagem SSH (por exemplo, git@github.com:user/repo.git)","Insira a URL de clonagem SSH (por exemplo, git@github.com:user/repo.git)","Введите URL-адрес клонирования по SSH (например, git@github.com:user/repo.git)",输入 SSH 克隆 URL（例如 git@github.com:user/repo.git）,輸入 SSH 克隆 URL（例如 git@github.com:user/repo.git）
host,l10n/bundle.l10n.json,Enter your GitLab Personal Access Token (requires api scope to create projects),,,Enter your GitLab Personal Access Token (requires api scope to create projects),"Extension-host prompt, validation, or error/empty-state message.",,GitLab,Geben Sie Ihr persönliches GitLab-Zugriffstoken ein (erfordert API-Berechtigungen zum Erstellen von Projekten).,Introduce tu token de acceso personal de GitLab (se requiere permiso de API para crear proyectos).,Saisissez votre jeton d'accès personnel GitLab (nécessite des droits d'accès à l'API pour créer des projets),GitLabの個人アクセストークンを入力してください（プロジェクトを作成するにはAPIスコープが必要です）。,GitLab 개인 액세스 토큰을 입력하세요(프로젝트 생성을 위한 API 권한이 필요합니다).,Wprowadź swój osobisty token dostępu GitLab (do tworzenia projektów wymagany jest zakres API),Insira seu token de acesso pessoal do GitLab (requer escopo de API para criar projetos).,Insira seu token de acesso pessoal do GitLab (requer escopo de API para criar projetos).,Введите свой персональный токен доступа GitLab (для создания проектов требуется область действия API).,请输入您的 GitLab 个人访问令牌（需要 API 权限才能创建项目）,請輸入您的 GitLab 個人存取權杖（需要 API 權限才能建立專案）
host,l10n/bundle.l10n.json,Enter your GitLab Personal Access Token (requires read_repository scope),,,Enter your GitLab Personal Access Token (requires read_repository scope),"Extension-host prompt, validation, or error/empty-state message.",,GitLab,Geben Sie Ihr persönliches GitLab-Zugriffstoken ein (erfordert die Berechtigung read_repository).,Introduce tu token de acceso personal de GitLab (requiere permisos de lectura del repositorio).,Saisissez votre jeton d'accès personnel GitLab (nécessite l'autorisation read_repository),GitLabの個人アクセストークンを入力してください（read_repositoryスコープが必要です）,GitLab 개인 액세스 토큰을 입력하세요(read_repository 스코프 필요).,Wprowadź swój osobisty token dostępu GitLab (wymaga zakresu read_repository),Insira seu token de acesso pessoal do GitLab (requer escopo read_repository).,Insira seu token de acesso pessoal do GitLab (requer escopo read_repository).,Введите свой персональный токен доступа GitLab (требуется область действия read_repository).,请输入您的 GitLab 个人访问令牌（需要 read_repository 权限）,請輸入您的 GitLab 個人存取權令牌（需要 read_repository 權限）
host,l10n/bundle.l10n.json,Failed to initialize repository. Check folder permissions.,,,Failed to initialize repository. Check folder permissions.,"Extension-host prompt, validation, or error/empty-state message.",,,Das Repository konnte nicht initialisiert werden. Überprüfen Sie die Ordnerberechtigungen.,No se pudo inicializar el repositorio. Compruebe los permisos de la carpeta.,Impossible d'initialiser le dépôt. Vérifiez les permissions du dossier.,リポジトリの初期化に失敗しました。フォルダのアクセス許可を確認してください。,저장소 초기화에 실패했습니다. 폴더 권한을 확인하세요.,Nie udało się zainicjować repozytorium. Sprawdź uprawnienia do folderu.,Falha ao inicializar o repositório. Verifique as permissões da pasta.,Falha ao inicializar o repositório. Verifique as permissões da pasta.,Не удалось инициализировать репозиторий. Проверьте права доступа к папке.,初始化存储库失败。请检查文件夹权限。,初始化儲存庫失敗。請檢查資料夾權限。
host,l10n/bundle.l10n.json,Fetching your GitHub repositories...,,,Fetching your GitHub repositories...,Extension-host action label that opens another prompt or longer operation.,,GitHub,Rufe deine GitHub-Repositories ab...,Obteniendo tus repositorios de GitHub...,Récupération de vos dépôts GitHub...,GitHubリポジトリを取得しています...,GitHub 저장소를 가져오는 중...,Pobieranie repozytoriów GitHub...,Obtendo seus repositórios do GitHub...,Obtendo seus repositórios do GitHub...,Загрузка ваших репозиториев GitHub...,正在获取您的 GitHub 代码库……,正在獲取您的 GitHub 程式碼庫…
host,l10n/bundle.l10n.json,Git repositories found.,,,Git repositories found.,"Extension-host runtime notification, command label, quick pick text, or status message.",,Git,Git-Repositories gefunden.,Se encontraron repositorios Git.,Dépôts Git trouvés.,Gitリポジトリが見つかりました。,Git 저장소가 발견되었습니다.,Znaleziono repozytoria Git.,Repositórios Git encontrados.,Repositórios Git encontrados.,Найдены репозитории Git.,已找到 Git 仓库。,已找到 Git 倉庫。
host,l10n/bundle.l10n.json,GitLab authentication,,,GitLab authentication,"Extension-host runtime notification, command label, quick pick text, or status message.",,GitLab,GitLab-Authentifizierung,Autenticación de GitLab,Authentification GitLab,GitLab認証,GitLab 인증,Uwierzytelnianie GitLab,Autenticação do GitLab,Autenticação do GitLab,Аутентификация GitLab,GitLab 身份验证,GitLab 身份驗證
host,l10n/bundle.l10n.json,Graph,,,Graph,"Extension-host runtime notification, command label, quick pick text, or status message.",,,Graph,Gráfico,Graphique,グラフ,그래프,Wykres,Gráfico,Gráfico,График,图形,圖形
host,l10n/bundle.l10n.json,How would you like to select a repository?,,,How would you like to select a repository?,Extension-host confirmation prompt or quick pick question.,,,Wie möchten Sie ein Repository auswählen?,¿Cómo le gustaría seleccionar un repositorio?,Comment souhaitez-vous sélectionner un dépôt ?,リポジトリの選択方法はいかがですか？,저장소를 어떤 방식으로 선택하시겠습니까?,W jaki sposób chcesz wybrać repozytorium?,Como você gostaria de selecionar um repositório?,Como você gostaria de selecionar um repositório?,Как бы вы хотели выбрать репозиторий?,您想如何选择存储库？,您想如何選擇儲存庫？
host,l10n/bundle.l10n.json,Initialize a Git repository or open an existing one to get started.,,,Initialize a Git repository or open an existing one to get started.,"Extension-host runtime notification, command label, quick pick text, or status message.",,Git,"Um loszulegen, initialisieren Sie ein Git-Repository oder öffnen Sie ein bestehendes.",Inicializa un repositorio Git o abre uno existente para comenzar.,"Pour commencer, initialisez un dépôt Git ou ouvrez-en un existant.",開始するには、Gitリポジトリを初期化するか、既存のリポジトリを開いてください。,시작하려면 Git 저장소를 초기화하거나 기존 저장소를 여세요.,"Aby rozpocząć, załóż repozytorium Git lub otwórz istniejące.","Para começar, inicialize um repositório Git ou abra um já existente.","Para começar, inicialize um repositório Git ou abra um já existente.",Для начала инициализируйте репозиторий Git или откройте существующий.,首先，初始化一个 Git 仓库或打开一个现有的仓库以开始使用。,首先，初始化一個 Git 倉庫或打開一個現有的倉庫來開始使用。
host,l10n/bundle.l10n.json,Initialize Repository,,,Initialize Repository,"Extension-host runtime notification, command label, quick pick text, or status message.",,,Repository initialisieren,Inicializar repositorio,Initialiser le dépôt,リポジトリを初期化する,리포지토리 초기화,Zainicjuj repozytorium,Inicializar Repositório,Inicializar Repositório,Инициализация репозитория,初始化存储库,初始化儲存庫
host,l10n/bundle.l10n.json,Initializing Git repository...,,,Initializing Git repository...,Extension-host action label that opens another prompt or longer operation.,,Git,Git-Repository wird initialisiert...,Inicializando el repositorio Git...,Initialisation du dépôt Git...,Gitリポジトリを初期化しています...,Git 저장소를 초기화하는 중...,Inicjalizacja repozytorium Git...,Inicializando o repositório Git...,Inicializando o repositório Git...,Инициализация репозитория Git...,正在初始化 Git 仓库...,正在初始化 Git 倉庫...
host,l10n/bundle.l10n.json,IntelliGit,,,IntelliGit,"Extension-host runtime notification, command label, quick pick text, or status message.",,IntelliGit,IntelliGit,IntelliGit,IntelliGit,IntelliGit,인텔리깃,IntelliGit,IntelliGit,IntelliGit,IntelliGit,IntelliGit,IntelliGit
host,l10n/bundle.l10n.json,Interactive Rebase from Here is available only for unpushed commits.,,,Interactive Rebase from Here is available only for unpushed commits.,"Extension-host runtime notification, command label, quick pick text, or status message.",,Rebase,Interaktives Rebase ab hier ist nur für nicht gepushte Commits verfügbar.,La función Interactive Rebase from Here solo está disponible para commits no enviados.,La fonction de rebasage interactif à partir d'ici est disponible uniquement pour les commits non poussés.,ここからのインタラクティブなリベースは、プッシュされていないコミットに対してのみ利用可能です。,여기에서 제공되는 대화형 리베이스 기능은 푸시되지 않은 커밋에 대해서만 사용할 수 있습니다.,Interaktywne Rebase z tego miejsca jest dostępne tylko w przypadku niezatwierdzonych zmian.,O rebase interativo a partir daqui está disponível apenas para commits não enviados (unpush).,O rebase interativo a partir daqui está disponível apenas para commits não enviados (unpush).,Функция интерактивного перебазирования отсюда доступна только для неотправленных коммитов.,从此处进行交互式变基仅适用于未推送的提交。,從此處進行互動式變基僅適用於未推送的提交。
host,l10n/bundle.l10n.json,Interactive Rebase from Here is not available for merge commits.,,,Interactive Rebase from Here is not available for merge commits.,"Extension-host runtime notification, command label, quick pick text, or status message.",,Rebase; merge,Interaktives Rebase ab hier ist für Merge-Commits nicht verfügbar.,La función Rebase interactivo desde aquí no está disponible para confirmaciones de fusión.,La fonction de rebasage interactif à partir d'ici n'est pas disponible pour les commits de fusion.,マージコミットでは、ここからのインタラクティブなリベースは利用できません。,여기에서 대화형 리베이스는 병합 커밋에 사용할 수 없습니다.,Interaktywne ponowne bazowanie z tego miejsca nie jest dostępne w przypadku zatwierdzeń scalenia.,O rebase interativo a partir daqui não está disponível para commits de merge.,O rebase interativo a partir daqui não está disponível para commits de merge.,Функция интерактивного перебазирования отсюда недоступна для коммитов слияния.,交互式从此处变基不适用于合并提交。,互動式從此處變基不適用於合併提交。
host,l10n/bundle.l10n.json,Interactive Rebase from Here is not available for the initial commit.,,,Interactive Rebase from Here is not available for the initial commit.,"Extension-host runtime notification, command label, quick pick text, or status message.",,commit; Rebase,Interaktives Rebase ab hier ist für den ersten Commit nicht verfügbar.,La función Rebase interactivo desde aquí no está disponible para la confirmación inicial.,Le rebasage interactif à partir d'ici n'est pas disponible pour le commit initial.,最初のコミットでは、ここからのインタラクティブなリベースは利用できません。,"""여기에서 대화형 리베이스"" 기능은 최초 커밋에는 사용할 수 없습니다.",Interaktywne ponowne bazowanie z tego miejsca nie jest dostępne dla początkowego zatwierdzenia.,O rebase interativo a partir daqui não está disponível para o commit inicial.,O rebase interativo a partir daqui não está disponível para o commit inicial.,Функция интерактивного перебазирования отсюда недоступна для первоначального коммита.,对于初始提交，无法从此处进行交互式变基。,對於初始提交，無法從此處進行互動式變基。
host,l10n/bundle.l10n.json,Interactive rebase opened. Mark the commit as 'reword' in the todo list.,,,Interactive rebase opened. Mark the commit as 'reword' in the todo list.,"Extension-host runtime notification, command label, quick pick text, or status message.",,commit; rebase,Interaktives Rebase geöffnet. Markieren Sie den Commit in der Aufgabenliste als „reword“.,Se ha iniciado la rebase interactiva. Marca la confirmación como 'reword' en la lista de tareas pendientes.,Rebasage interactif ouvert. Marquez le commit comme « reword » dans la liste des tâches.,対話型リベースが開始されました。TODOリストでコミットを「reword」としてマークしてください。,인터랙티브 리베이스가 열렸습니다. 할 일 목록에서 해당 커밋을 'reword'로 표시하세요.,Otwarto interaktywną rebase. Oznacz zatwierdzenie jako „reword” na liście zadań.,Rebase interativo aberto. Marque o commit como 'reword' na lista de tarefas.,Rebase interativo aberto. Marque o commit como 'reword' na lista de tarefas.,Открыта интерактивная перебазировка. Отметьте коммит как 'reword' в списке задач.,交互式变基已开启。请在待办事项列表中将此提交标记为“reword”。,互動式變基已開啟。請在待辦事項清單中將此提交標記為「reword」。
host,l10n/bundle.l10n.json,Invalid commit hash received for commit action.,,,Invalid commit hash received for commit action.,"Extension-host prompt, validation, or error/empty-state message.",,commit,Für die Commit-Aktion wurde ein ungültiger Commit-Hash empfangen.,Se recibió un hash de confirmación no válido para la acción de confirmación.,Hachage de commit invalide reçu pour l'action de commit.,コミットアクションに対して無効なコミットハッシュが受信されました。,커밋 작업에 대해 유효하지 않은 커밋 해시가 수신되었습니다.,Otrzymano nieprawidłowy skrót zatwierdzenia dla akcji zatwierdzenia.,Hash de commit inválido recebido para a ação de commit.,Hash de commit inválido recebido para a ação de commit.,Получен недопустимый хэш коммита для действия фиксации.,收到的提交哈希值无效。,收到的提交哈希值無效。
host,l10n/bundle.l10n.json,Merge Editor,,,Merge Editor,"Extension-host runtime notification, command label, quick pick text, or status message.",,Merge,Merge-Editor,Editor de fusión,Éditeur de fusion,マージエディター,병합 편집기,Edytor scalania,Editor de mesclagem,Editor de mesclagem,Редактор слияния,合并编辑器,合併編輯器
host,l10n/bundle.l10n.json,No current branch found.,,,No current branch found.,"Extension-host prompt, validation, or error/empty-state message.",,branch,Kein aktueller Branch gefunden.,No se encontró ninguna rama actual.,Aucune branche actuelle trouvée.,現在のブランチが見つかりません。,현재 브랜치를 찾을 수 없습니다.,Nie znaleziono bieżącego brancha.,Nenhum branch atual encontrado.,Nenhum branch atual encontrado.,Текущая ветка не найдена.,未找到当前分支。,找不到目前分支。
host,l10n/bundle.l10n.json,No Folder Open,,,No Folder Open,"Extension-host prompt, validation, or error/empty-state message.",,,Kein Ordner geöffnet,No hay ninguna carpeta abierta,Aucun dossier ouvert,フォルダが開いていません,폴더가 열려 있지 않습니다,Brak otwartego folderu,Nenhuma pasta aberta,Nenhuma pasta aberta,Папка не открыта,未打开任何文件夹,未開啟任何資料夾
host,l10n/bundle.l10n.json,No Git Repository,,,No Git Repository,"Extension-host prompt, validation, or error/empty-state message.",,Git,Kein Git-Repository,Sin repositorio Git,Aucun dépôt Git,Gitリポジトリなし,Git 저장소가 없습니다,Brak repozytorium Git,Sem repositório Git,Sem repositório Git,Нет репозитория Git,没有 Git 仓库,沒有 Git 倉庫
host,l10n/bundle.l10n.json,No repositories found on your GitHub account.,,,No repositories found on your GitHub account.,"Extension-host prompt, validation, or error/empty-state message.",,GitHub,Es wurden keine Repositories in Ihrem GitHub-Konto gefunden.,No se encontraron repositorios en tu cuenta de GitHub.,Aucun dépôt trouvé sur votre compte GitHub.,あなたのGitHubアカウントにはリポジトリが見つかりませんでした。,GitHub 계정에서 저장소를 찾을 수 없습니다.,Nie znaleziono repozytoriów na Twoim koncie GitHub.,Nenhum repositório encontrado em sua conta do GitHub.,Nenhum repositório encontrado em sua conta do GitHub.,В вашем аккаунте GitHub не найдено ни одного репозитория.,您的 GitHub 帐户中未找到任何仓库。,您的 GitHub 帳戶中未找到任何倉庫。
host,l10n/bundle.l10n.json,No unresolved merge conflicts found.,,,No unresolved merge conflicts found.,"Extension-host prompt, validation, or error/empty-state message.",,merge,Es wurden keine ungelösten Merge-Konflikte gefunden.,No se encontraron conflictos de fusión sin resolver.,Aucun conflit de fusion non résolu n'a été trouvé.,未解決のマージ競合は見つかりませんでした。,해결되지 않은 병합 충돌이 발견되지 않았습니다.,Nie znaleziono nierozwiązanych konfliktów scalania.,Não foram encontrados conflitos de mesclagem não resolvidos.,Não foram encontrados conflitos de mesclagem não resolvidos.,Конфликтов слияния не обнаружено.,未发现未解决的合并冲突。,未發現未解決的合併衝突。
host,l10n/bundle.l10n.json,Only you and collaborators can see this repository,,,Only you and collaborators can see this repository,"Extension-host prompt, validation, or error/empty-state message.",,,Nur Sie und Ihre Mitarbeiter können dieses Repository sehen.,Solo usted y sus colaboradores pueden ver este repositorio.,Seuls vous et vos collaborateurs pouvez voir ce dépôt.,このリポジトリは、あなたと共同作業者のみが閲覧できます。,이 저장소는 귀하와 공동 작업자만 볼 수 있습니다.,Tylko Ty i współpracownicy możecie zobaczyć to repozytorium,Somente você e seus colaboradores podem ver este repositório.,Somente você e seus colaboradores podem ver este repositório.,Этот репозиторий доступен только вам и вашим соавторам.,只有你和你的合作者才能看到这个仓库。,只有你和你的合作者才能看到這個倉庫。
host,l10n/bundle.l10n.json,Open a folder first to initialize a repository.,,,Open a folder first to initialize a repository.,"Extension-host prompt, validation, or error/empty-state message.",,,"Öffnen Sie zuerst einen Ordner, um ein Repository zu initialisieren.","Primero, abre una carpeta para inicializar un repositorio.",Ouvrez d'abord un dossier pour initialiser un dépôt.,リポジトリを初期化するには、まずフォルダを開いてください。,저장소를 초기화하려면 먼저 폴더를 여세요.,"Najpierw otwórz folder, aby zainicjować repozytorium.","Primeiro, abra uma pasta para inicializar um repositório.","Primeiro, abra uma pasta para inicializar um repositório.",Для инициализации репозитория сначала откройте папку.,首先打开一个文件夹来初始化存储库。,首先打開一個資料夾來初始化儲存庫。
host,l10n/bundle.l10n.json,Open a folder to get started with IntelliGit.,,,Open a folder to get started with IntelliGit.,"Extension-host prompt, validation, or error/empty-state message.",,IntelliGit,"Öffnen Sie einen Ordner, um mit IntelliGit zu beginnen.",Abre una carpeta para empezar a usar IntelliGit.,Ouvrez un dossier pour commencer à utiliser IntelliGit.,IntelliGitを使い始めるには、フォルダを開いてください。,IntelliGit을 시작하려면 폴더를 여세요.,"Otwórz folder, aby rozpocząć korzystanie z IntelliGit.",Abra uma pasta para começar a usar o IntelliGit.,Abra uma pasta para começar a usar o IntelliGit.,"Чтобы начать работу с IntelliGit, откройте папку.",打开文件夹即可开始使用 IntelliGit。,開啟資料夾即可開始使用 IntelliGit。
host,l10n/bundle.l10n.json,Open Folder,,,Open Folder,"Extension-host prompt, validation, or error/empty-state message.",,,Ordner öffnen,Abrir carpeta,Ouvrir le dossier,フォルダーを開く,폴더 열기,Otwórz folder,Abrir pasta,Abrir pasta,Открыть папку,打开文件夹,打開資料夾
host,l10n/bundle.l10n.json,Open Merge Conflict,,,Open Merge Conflict,"Extension-host prompt, validation, or error/empty-state message.",,Merge,Merge-Konflikt öffnen,Conflicto de fusión abierto,Conflit de fusion ouverte,マージの競合が発生,병합 충돌 열기,Otwarty konflikt scalania,Conflito de mesclagem aberto,Conflito de mesclagem aberto,Открытый конфликт слияния,打开合并冲突,開啟合併衝突
host,l10n/bundle.l10n.json,Open the path prompt,,,Open the path prompt,"Extension-host prompt, validation, or error/empty-state message.",,,Öffnen Sie die Pfadeingabeaufforderung,Abrir el cuadro de diálogo de ruta,Ouvrez l'invite de chemin,パスプロンプトを開く,경로 프롬프트를 엽니다.,Otwórz monit ścieżki,Abra o prompt do caminho,Abra o prompt do caminho,Откройте подсказку пути,打开路径输入框,開啟路徑輸入框
host,l10n/bundle.l10n.json,Open the unified IntelliGit view and move it to a floating window,,,Open the unified IntelliGit view and move it to a floating window,"Extension-host prompt, validation, or error/empty-state message.",,IntelliGit,Öffnen Sie die einheitliche IntelliGit-Ansicht und verschieben Sie sie in ein schwebendes Fenster.,Abra la vista unificada de IntelliGit y muévala a una ventana flotante.,Ouvrez la vue unifiée IntelliGit et déplacez-la dans une fenêtre flottante.,IntelliGitの統合ビューを開き、フローティングウィンドウに移動します。,통합 IntelliGit 뷰를 열고 플로팅 창으로 이동합니다.,Otwórz ujednolicony widok IntelliGit i przenieś go do okna pływającego,Abra a visualização unificada do IntelliGit e mova-a para uma janela flutuante.,Abra a visualização unificada do IntelliGit e mova-a para uma janela flutuante.,Откройте унифицированное представление IntelliGit и переместите его в плавающее окно.,打开统一的 IntelliGit 视图并将其移动到浮动窗口。,開啟統一的 IntelliGit 視圖並將其移至浮動視窗。
host,l10n/bundle.l10n.json,Open the unified IntelliGit view as an editor tab,,,Open the unified IntelliGit view as an editor tab,"Extension-host prompt, validation, or error/empty-state message.",,IntelliGit,Öffnen Sie die einheitliche IntelliGit-Ansicht als Editor-Tab,Abra la vista unificada de IntelliGit como una pestaña de editor.,Ouvrir la vue unifiée IntelliGit en tant qu'onglet d'éditeur,IntelliGit統合ビューをエディタータブとして開く,통합 IntelliGit 보기를 편집기 탭으로 엽니다.,Otwórz ujednolicony widok IntelliGit jako kartę edytora,Abra a visualização unificada do IntelliGit como uma aba do editor.,Abra a visualização unificada do IntelliGit como uma aba do editor.,Откройте унифицированное представление IntelliGit в качестве вкладки редактора.,打开统一的 IntelliGit 视图，并将其作为编辑器选项卡显示。,開啟統一的 IntelliGit 視圖，並將其作為編輯器標籤顯示。
host,l10n/bundle.l10n.json,Pick the parent number to use with -m,,,Pick the parent number to use with -m,"Extension-host prompt, validation, or error/empty-state message.",,,"Wählen Sie die übergeordnete Nummer aus, die mit -m verwendet werden soll.",Seleccione el número padre que se utilizará con -m,Choisissez le numéro du parent à utiliser avec -m,__INTELLIGIT_TEXT__-m オプションで使用する親番号を選択してください,__INTELLIGIT_TEXT__-m 옵션과 함께 사용할 부모 번호를 선택하세요.,"Wybierz numer rodzica, którego chcesz użyć za pomocą -m",Selecione o número pai a ser usado com -m,Selecione o número pai a ser usado com -m,Выберите номер родительского элемента для использования с параметром -m,选择要与 -m 一起使用的父编号,選擇要與 -m 一起使用的父編號
host,l10n/bundle.l10n.json,Push All up to Here is available only for unpushed commits.,,,Push All up to Here is available only for unpushed commits.,"Extension-host runtime notification, command label, quick pick text, or status message.",,Push,Die Option „Alles bis hierher pushen“ ist nur für nicht gepushte Commits verfügbar.,"La opción ""Enviar todo hasta aquí"" solo está disponible para confirmaciones no enviadas.",L'option « Tout pousser jusqu'ici » est disponible uniquement pour les commits non poussés.,「ここまでのすべてをプッシュ」機能は、プッシュされていないコミットに対してのみ利用可能です。,"""모두 여기에 푸시"" 기능은 푸시되지 않은 커밋에 대해서만 사용할 수 있습니다.",Opcja Prześlij wszystko tutaj jest dostępna tylko w przypadku niezatwierdzonych zmian.,"A opção ""Enviar tudo até aqui"" está disponível apenas para commits ainda não enviados.","A opção ""Enviar tudo até aqui"" está disponível apenas para commits ainda não enviados.",Функция «Отправить все досюда» доступна только для неотправленных коммитов.,“全部推送至此处”仅适用于尚未推送的提交。,「全部推送至此處」僅適用於尚未推送的提交。
host,l10n/bundle.l10n.json,Push All up to Here is only available when a local branch is checked out.,,,Push All up to Here is only available when a local branch is checked out.,"Extension-host runtime notification, command label, quick pick text, or status message.",,branch; Push,"Alles bis hierher pushen ist nur verfügbar, wenn ein lokaler Branch ausgecheckt ist.",Hacer push de todo hasta aquí solo está disponible cuando una rama local está en checkout.,Tout pousser jusqu’ici est disponible uniquement lorsqu’une branche locale est checkout.,ここまでプッシュは、ローカルブランチがチェックアウトされている場合にのみ使用できます。,여기까지 모두 푸시는 로컬 브랜치가 체크아웃된 경우에만 사용할 수 있습니다.,Push wszystkiego do tego miejsca jest dostępny tylko po checkout lokalnego brancha.,Push de tudo até aqui só está disponível quando um branch local está em checkout.,Push de tudo até aqui só está disponível quando um branch local está em checkout.,Push всех коммитов до этой точки доступен только при checkout локальной ветки.,仅在检出本地分支时，“全部推送至此处”才可用。,僅在簽出本機分支時，「全部推送至此處」才可用。
host,l10n/bundle.l10n.json,Push rejected because the remote branch contains commits that are not in your local branch. Rebase and push now?,,,Push rejected because the remote branch contains commits that are not in your local branch. Rebase and push now?,Extension-host confirmation prompt or quick pick question.,,branch; Rebase; remote; Push; push,"Push abgelehnt, da der Remote-Branch Commits enthält, die nicht in Ihrem lokalen Branch vorhanden sind. Rebase und Push jetzt durchführen?",Se rechazó el envío porque la rama remota contiene confirmaciones que no están en tu rama local. ¿Rebase y envía ahora?,La requête a été refusée car la branche distante contient des commits absents de votre branche locale. Faut-il rebaser et tenter une nouvelle requête ?,リモートブランチにローカルブランチに存在しないコミットが含まれているため、プッシュが拒否されました。リベースして今すぐプッシュしますか？,원격 브랜치에 로컬 브랜치에 없는 커밋이 포함되어 있어 푸시가 거부되었습니다. 지금 리베이스하고 푸시하시겠습니까?,"Wysłanie odrzucone, ponieważ gałąź zdalna zawiera commity, których nie ma w gałęzi lokalnej. Czy teraz należy zmienić bazę i przesłać zmiany?",O push foi rejeitado porque o branch remoto contém commits que não estão presentes no seu branch local. Deseja fazer um rebase e enviar novamente?,O push foi rejeitado porque o branch remoto contém commits que não estão presentes no seu branch local. Deseja fazer um rebase e enviar novamente?,"Отправка отклонена, поскольку удаленная ветка содержит коммиты, отсутствующие в вашей локальной ветке. Перебазировать и отправить сейчас?",推送被拒绝，因为远程分支包含本地分支中不存在的提交。现在是否要变基并推送？,推送被拒絕，因為遠端分支包含本地分支中不存在的提交。現在是否要變基並推送？
host,l10n/bundle.l10n.json,Rebased and pushed current branch.,,,Rebased and pushed current branch.,"Extension-host runtime notification, command label, quick pick text, or status message.",,branch,Rebased und aktueller Branch gepusht.,Rebase y rama actual enviada.,Rebasé et poussé sur la branche actuelle.,リベースして現在のブランチをプッシュしました。,리베이스 후 현재 브랜치를 푸시했습니다.,Ponownie bazowano i wypchnięto bieżącą gałąź.,Rebaseado e enviado o branch atual.,Rebaseado e enviado o branch atual.,Текущая ветка перебазирована и отправлена.,已变基并推送当前分支。,已變基並推送目前分支。
host,l10n/bundle.l10n.json,Remote name for the new repository,,,Remote name for the new repository,"Extension-host runtime notification, command label, quick pick text, or status message.",,Remote,Remote-Name für das neue Repository,Nombre remoto para el nuevo repositorio,Nom distant du nouveau dépôt,新しいリポジトリのリモート名,새 저장소의 원격 이름,Zdalna nazwa nowego repozytorium,Nome remoto para o novo repositório,Nome remoto para o novo repositório,Удаленное имя для нового репозитория,新仓库的远程名称,新倉庫的遠端名稱
host,l10n/bundle.l10n.json,Repository initialized.,,,Repository initialized.,"Extension-host runtime notification, command label, quick pick text, or status message.",,,Repository initialisiert.,Repositorio inicializado.,Référentiel initialisé.,リポジトリが初期化されました。,저장소가 초기화되었습니다.,Repozytorium zostało zainicjowane.,Repositório inicializado.,Repositório inicializado.,Репозиторий инициализирован.,存储库已初始化。,儲存庫已初始化。
host,l10n/bundle.l10n.json,Repository name,,,Repository name,"Extension-host runtime notification, command label, quick pick text, or status message.",,,Repository-Name,Nombre del repositorio,Nom du dépôt,リポジトリ名,저장소 이름,Nazwa repozytorium,Nome do repositório,Nome do repositório,Название репозитория,仓库名称,倉庫名稱
host,l10n/bundle.l10n.json,Rollback all changes?,,,Rollback all changes?,Extension-host confirmation prompt or quick pick question.,,,Alle Änderungen rückgängig machen?,¿Revertir todos los cambios?,Annuler toutes les modifications ?,すべての変更をロールバックしますか？,모든 변경 사항을 되돌리시겠습니까?,Cofnąć wszystkie zmiany?,Reverter todas as alterações?,Reverter todas as alterações?,Отменить все изменения?,回滚所有更改？,回滾所有更改？
host,l10n/bundle.l10n.json,Save this token for future use?,,,Save this token for future use?,Extension-host confirmation prompt or quick pick question.,,,Dieses Token für die spätere Verwendung aufbewahren?,¿Guardar este token para usarlo en el futuro?,Conserver ce jeton pour une utilisation ultérieure ?,このトークンを将来のために保存しますか？,나중에 사용하기 위해 이 토큰을 저장하시겠습니까?,Zapisać ten token do wykorzystania w przyszłości?,Salvar este token para uso futuro?,Guardar este token para uso futuro?,Сохранить этот токен для дальнейшего использования?,是否保存此令牌以备将来使用？,是否儲存此權杖以備將來使用？
host,l10n/bundle.l10n.json,Saved GitLab token cleared.,,,Saved GitLab token cleared.,"Extension-host runtime notification, command label, quick pick text, or status message.",,GitLab,Gespeichertes GitLab-Token gelöscht.,Token de GitLab guardado borrado.,Jeton GitLab enregistré supprimé.,保存されていたGitLabトークンが削除されました。,저장된 GitLab 토큰이 삭제되었습니다.,Zapisany token GitLab został wyczyszczony.,Token do GitLab salvo e apagado.,Token do GitLab salvo e apagado.,Сохраненный токен GitLab очищен.,已清除已保存的 GitLab 令牌。,已清除已儲存的 GitLab 令牌。
host,l10n/bundle.l10n.json,Search or select a repository to clone,,,Search or select a repository to clone,"Extension-host runtime notification, command label, quick pick text, or status message.",,,Suchen oder wählen Sie ein Repository zum Klonen aus.,Busca o selecciona un repositorio para clonar.,Recherchez ou sélectionnez un dépôt à cloner,クローンするリポジトリを検索または選択する,복제할 저장소를 검색하거나 선택하세요.,Wyszukaj lub wybierz repozytorium do sklonowania,Pesquise ou selecione um repositório para clonar.,Pesquise ou selecione um repositório para clonar.,Найдите или выберите репозиторий для клонирования.,搜索或选择要克隆的存储库,搜尋或選擇要複製的儲存庫
host,l10n/bundle.l10n.json,Select a folder to initialize a Git repository,,,Select a folder to initialize a Git repository,"Extension-host prompt, validation, or error/empty-state message.",,Git,"Wählen Sie einen Ordner aus, um ein Git-Repository zu initialisieren.",Seleccione una carpeta para inicializar un repositorio Git.,Sélectionnez un dossier pour initialiser un dépôt Git,Gitリポジトリを初期化するフォルダを選択してください,Git 저장소를 초기화할 폴더를 선택하세요.,"Wybierz folder, aby zainicjować repozytorium Git",Selecione uma pasta para inicializar um repositório Git.,Selecione uma pasta para inicializar um repositório Git.,Выберите папку для инициализации репозитория Git.,选择一个文件夹来初始化 Git 仓库,選擇一個資料夾來初始化 Git 倉庫
host,l10n/bundle.l10n.json,Select Destination,,,Select Destination,"Extension-host prompt, validation, or error/empty-state message.",,,Ziel auswählen,Seleccione destino,Sélectionnez votre destination,目的地を選択してください,목적지를 선택하세요,Wybierz miejsce docelowe,Selecione o destino,Selecione o destino,Выберите пункт назначения,选择目标位置,選擇目標位置
host,l10n/bundle.l10n.json,Select files to commit.,,,Select files to commit.,"Extension-host prompt, validation, or error/empty-state message.",,commit,Dateien zum Commit auswählen.,Seleccione los archivos que desea confirmar.,Sélectionnez les fichiers à valider.,コミットするファイルを選択してください。,커밋할 파일을 선택하세요.,Wybierz pliki do zatwierdzenia.,Selecione os arquivos que deseja confirmar.,Selecione os arquivos que deseja confirmar.,Выберите файлы для фиксации изменений.,选择要提交的文件。,選擇要提交的文件。
host,l10n/bundle.l10n.json,Select IntelliGit repository,,,Select IntelliGit repository,"Extension-host prompt, validation, or error/empty-state message.",,IntelliGit,IntelliGit-Repository auswählen,Seleccione el repositorio IntelliGit,Sélectionner le dépôt IntelliGit,IntelliGitリポジトリを選択してください,IntelliGit 저장소를 선택하세요,Wybierz repozytorium IntelliGit,Selecione o repositório IntelliGit,Selecione o repositório IntelliGit,Выберите репозиторий IntelliGit,选择 IntelliGit 存储库,選擇 IntelliGit 儲存庫
host,l10n/bundle.l10n.json,Selected file is outside the current IntelliGit repository workspace.,,,Selected file is outside the current IntelliGit repository workspace.,"Extension-host runtime notification, command label, quick pick text, or status message.",,IntelliGit,Die ausgewählte Datei befindet sich außerhalb des aktuellen IntelliGit-Repository-Arbeitsbereichs.,El archivo seleccionado se encuentra fuera del espacio de trabajo actual del repositorio IntelliGit.,Le fichier sélectionné se trouve en dehors de l'espace de travail actuel du dépôt IntelliGit.,選択されたファイルは、現在のIntelliGitリポジトリワークスペース外にあります。,선택한 파일이 현재 IntelliGit 저장소 작업 공간 외부에 있습니다.,Wybrany plik znajduje się poza bieżącym obszarem roboczym repozytorium IntelliGit.,O arquivo selecionado está fora do espaço de trabalho atual do repositório IntelliGit.,O arquivo selecionado está fora do espaço de trabalho atual do repositório IntelliGit.,Выбранный файл находится за пределами текущей рабочей области репозитория IntelliGit.,所选文件位于当前 IntelliGit 存储库工作区之外。,所選檔案位於目前 IntelliGit 儲存庫工作區之外。
host,l10n/bundle.l10n.json,Sign in with your GitHub account,,,Sign in with your GitHub account,"Extension-host runtime notification, command label, quick pick text, or status message.",,GitHub,Melde dich mit deinem GitHub-Konto an,Inicia sesión con tu cuenta de GitHub.,Connectez-vous avec votre compte GitHub,GitHubアカウントでサインインしてください,GitHub 계정으로 로그인하세요,Zaloguj się za pomocą swojego konta GitHub,Faça login com sua conta do GitHub.,Faça login com sua conta do GitHub.,"Войдите в систему, используя свою учетную запись GitHub.",使用您的 GitHub 帐户登录,使用您的 GitHub 帳號登入
host,l10n/bundle.l10n.json,Squash Commits is available only for unpushed commits.,,,Squash Commits is available only for unpushed commits.,"Extension-host runtime notification, command label, quick pick text, or status message.",,,Squash Commits ist nur für nicht gepushte Commits verfügbar.,La función Squash Commits solo está disponible para confirmaciones no enviadas.,La fonction Squash Commits est disponible uniquement pour les commits non poussés.,スクワッシュコミットは、プッシュされていないコミットに対してのみ利用可能です。,Squash Commits는 푸시되지 않은 커밋에 대해서만 사용할 수 있습니다.,Funkcja Squash Commits jest dostępna tylko w przypadku niezaładowanych commitów.,A opção Squash Commits está disponível apenas para commits não enviados (unpush).,A opção Squash Commits está disponível apenas para commits não enviados (unpush).,Функция Squash Commits доступна только для неотправленных коммитов.,压缩提交仅适用于未推送的提交。,壓縮提交僅適用於未推送的提交。
host,l10n/bundle.l10n.json,Squash Commits is available only when every commit in the selected range is unpushed.,,,Squash Commits is available only when every commit in the selected range is unpushed.,"Extension-host runtime notification, command label, quick pick text, or status message.",,commit,"Commits squaschen ist nur verfügbar, wenn alle Commits im ausgewählten Bereich nicht gepusht wurden.",La función Squash Commits solo está disponible cuando no se ha enviado ningún commit del rango seleccionado.,L'option Squash Commits n'est disponible que lorsque tous les commits de la plage sélectionnée n'ont pas été poussés.,コミットの統合機能は、選択した範囲内のすべてのコミットがプッシュされていない場合にのみ使用できます。,스쿼시 커밋 기능은 선택한 범위 내의 모든 커밋이 푸시되지 않은 경우에만 사용할 수 있습니다.,"Opcja Squash Commits jest dostępna tylko wtedy, gdy wszystkie zatwierdzenia w wybranym zakresie zostaną odłożone.",A opção Squash Commits só está disponível quando todos os commits no intervalo selecionado forem desfeitos (unpush).,A opção Squash Commits só está disponível quando todos os commits no intervalo selecionado forem desfeitos (unpush).,"Функция Squash Commits доступна только тогда, когда все коммиты в выбранном диапазоне не отправлены.",只有当所选范围内的所有提交都未推送时，才能使用“压缩提交”功能。,只有當所選範圍內的所有提交都未推送時，才能使用「壓縮提交」功能。
host,l10n/bundle.l10n.json,Squash Commits is not available for merge commits.,,,Squash Commits is not available for merge commits.,"Extension-host runtime notification, command label, quick pick text, or status message.",,merge,Squash Commits ist für Merge-Commits nicht verfügbar.,La función Squash Commits no está disponible para confirmaciones de fusión.,La fonction Squash Commits n'est pas disponible pour les commits de fusion.,マージコミットに対しては、スクワッシュコミットは利用できません。,병합 커밋에는 스쿼시 커밋 기능을 사용할 수 없습니다.,Funkcja Squash Commits nie jest dostępna w przypadku zatwierdzeń scalania.,A opção Squash Commits não está disponível para commits de merge.,A opção Squash Commits não está disponível para commits de merge.,Функция Squash Commits недоступна для коммитов слияния.,合并提交不支持“压缩提交”功能。,合併提交不支援“壓縮提交”功能。
host,l10n/bundle.l10n.json,Squash Commits is not available for ranges containing merge commits.,,,Squash Commits is not available for ranges containing merge commits.,"Extension-host runtime notification, command label, quick pick text, or status message.",,merge,"Squash Commits ist für Bereiche, die Merge-Commits enthalten, nicht verfügbar.",La función Squash Commits no está disponible para rangos que contienen confirmaciones de fusión.,La fonction Squash Commits n'est pas disponible pour les plages contenant des commits de fusion.,マージコミットを含む範囲では、スクワッシュコミットは使用できません。,병합 커밋이 포함된 범위에서는 스쿼시 커밋 기능을 사용할 수 없습니다.,Funkcja Squash Commits nie jest dostępna w przypadku zakresów zawierających zatwierdzenia scalenia.,A opção Squash Commits não está disponível para intervalos que contenham commits de merge.,A opção Squash Commits não está disponível para intervalos que contenham commits de merge.,"Функция Squash Commits недоступна для диапазонов, содержащих коммиты слияния.",对于包含合并提交的范围，无法使用“压缩提交”功能。,對於包含合併提交的範圍，無法使用「壓縮提交」功能。
host,l10n/bundle.l10n.json,Squash Commits is not available for the initial commit.,,,Squash Commits is not available for the initial commit.,"Extension-host runtime notification, command label, quick pick text, or status message.",,commit,Squash Commits ist für den ersten Commit nicht verfügbar.,La opción Squash Commits no está disponible para la confirmación inicial.,La fonction Squash Commits n'est pas disponible pour le commit initial.,最初のコミットでは、スクワッシュコミットは利用できません。,Squash Commits는 초기 커밋에는 사용할 수 없습니다.,Funkcja Squash Commits nie jest dostępna dla początkowego zatwierdzenia.,A opção Squash Commits não está disponível para o commit inicial.,A opção Squash Commits não está disponível para o commit inicial.,Функция Squash Commits недоступна для первоначального коммита.,初始提交无法使用“压缩提交”功能。,初始提交無法使用「壓縮提交」功能。
host,l10n/bundle.l10n.json,Squash Commits requires at least two commits in the selected range.,,,Squash Commits requires at least two commits in the selected range.,"Extension-host runtime notification, command label, quick pick text, or status message.",,,Für Squash Commits sind mindestens zwei Commits im ausgewählten Bereich erforderlich.,La función Squash Commits requiere al menos dos confirmaciones en el rango seleccionado.,La fonction Squash Commits requiert au moins deux commits dans la plage sélectionnée.,Squash Commits では、選択した範囲内に少なくとも 2 つのコミットが必要です。,스쿼시 커밋을 하려면 선택한 범위 내에서 최소 두 개의 커밋이 필요합니다.,Squash Commits wymaga co najmniej dwóch zatwierdzeń w wybranym zakresie.,O comando Squash Commits requer pelo menos dois commits no intervalo selecionado.,O comando Squash Commits requer pelo menos dois commits no intervalo selecionado.,Для использования функции Squash Commits требуется как минимум два коммита в выбранном диапазоне.,压缩提交要求所选范围内至少有两个提交。,壓縮提交要求所選範圍內至少有兩個提交。
host,l10n/bundle.l10n.json,Undo Commit is available only for unpushed commits.,,,Undo Commit is available only for unpushed commits.,"Extension-host runtime notification, command label, quick pick text, or status message.",,Commit,Commit rückgängig machen ist nur für nicht gepushte Commits verfügbar.,La opción Deshacer confirmación solo está disponible para confirmaciones no enviadas.,La fonction Annuler la validation n'est disponible que pour les validations non poussées.,コミットの取り消しは、プッシュされていないコミットに対してのみ利用可能です。,커밋 취소는 푸시되지 않은 커밋에 대해서만 사용할 수 있습니다.,Funkcja Cofnij zatwierdzenie jest dostępna tylko w przypadku niezatwierdzonych zmian.,A função Desfazer Commit está disponível apenas para commits não enviados (unpush).,A função Desfazer Commit está disponível apenas para commits não enviados (unpush).,Функция «Отменить коммит» доступна только для неотправленных коммитов.,撤销提交功能仅适用于尚未推送的提交。,撤銷提交功能僅適用於尚未推送的提交。
host,l10n/bundle.l10n.json,Undo Commit is not available for merge commits.,,,Undo Commit is not available for merge commits.,"Extension-host runtime notification, command label, quick pick text, or status message.",,Commit; merge,Die Funktion „Commit rückgängig machen“ ist für Merge-Commits nicht verfügbar.,La opción Deshacer confirmación no está disponible para confirmaciones de fusión.,La fonction Annuler la validation n'est pas disponible pour les validations de fusion.,マージコミットに対しては、コミットの取り消しは利用できません。,병합 커밋에 대해서는 커밋 취소 기능을 사용할 수 없습니다.,Opcja Cofnij zatwierdzenie nie jest dostępna w przypadku zatwierdzeń scalania.,"A opção ""Desfazer Commit"" não está disponível para commits de merge.","A opção ""Desfazer Commit"" não está disponível para commits de merge.",Функция отмены фиксации недоступна для фиксаций слияния.,撤销提交功能不适用于合并提交。,撤銷提交功能不適用於合併提交。
host,l10n/bundle.l10n.json,Undock in Editor Tab,,,Undock in Editor Tab,"Extension-host runtime notification, command label, quick pick text, or status message.",,,Im Editor-Tab abdocken,Desacoplar en la pestaña Editor,Détacher dans l'onglet Éditeur,エディタータブでドッキングを解除,편집기 탭에서 도킹 해제,Oddokuj w karcie edytora,Desencaixar na aba Editor,Desencaixar na aba Editor,Открепить вкладку «Редактор»,在编辑器选项卡中取消停靠,在編輯器標籤中取消停靠
host,l10n/bundle.l10n.json,Undock in New Window,,,Undock in New Window,"Extension-host runtime notification, command label, quick pick text, or status message.",,,In neuem Fenster abdocken,Desacoplar en una ventana nueva,Détacher dans une nouvelle fenêtre,新しいウィンドウでドッキング解除,새 창에서 도킹 해제,Oddokuj w nowym oknie,Desencaixar em nova janela,Desencaixar em nova janela,Открепить в новом окне,在新窗口中取消停靠,在新視窗中取消停靠
host,l10n/bundle.l10n.json,Use Saved Token,,,Use Saved Token,"Extension-host runtime notification, command label, quick pick text, or status message.",,,Gespeichertes Token verwenden,Usar token guardado,Utiliser le jeton enregistré,保存済みトークンを使用する,저장된 토큰 사용,Użyj zapisanego tokena,Usar token salvo,Usar token salvo,Используйте сохраненный токен,使用已保存的令牌,使用已儲存的令牌
host,l10n/bundle.l10n.json,Use the current origin remote without creating a new repository,,,Use the current origin remote without creating a new repository,"Extension-host runtime notification, command label, quick pick text, or status message.",,remote,"Den aktuellen origin-Remote verwenden, ohne ein neues Repository zu erstellen",Usar el remoto origin actual sin crear un repositorio nuevo,Utiliser le dépôt distant d'origine actuel sans créer de nouveau dépôt origin,新しいリポジトリを作成せずに、現在のオリジンリモートを使用します。 origin,새 저장소를 만들지 않고 현재 origin 원격을 사용합니다,Użyj bieżącego zdalnego origin bez tworzenia nowego repozytorium,Use o remoto origin atual sem criar um novo repositório,Utilize o remoto origin atual sem criar um novo repositório,Используйте текущий удаленный репозиторий origin без создания нового репозитория.,使用当前 origin 远程仓库，无需创建新仓库。,使用目前 origin 遠端倉庫，無需建立新倉庫。
host,l10n/bundle.l10n.json,Where do you want to publish this branch?,,,Where do you want to publish this branch?,Extension-host confirmation prompt or quick pick question.,,branch,Wo soll dieser Branch veröffentlicht werden?,¿Dónde quieres publicar esta rama?,Où souhaitez-vous publier cette branche ?,このブランチをどこに公開しますか？,이 브랜치를 어디에 게시하시겠습니까?,Gdzie chcesz opublikować tę gałąź?,Onde você deseja publicar esta ramificação?,Onde você deseja publicar esta ramificação?,Где вы хотите опубликовать эту ветку?,你想把这个分支发布到哪里？,你想把這個分支發佈到哪裡？
host,l10n/bundle.l10n.json,Add to Workspace,,,Add to Workspace,Extension-host action button label.,,,Zum Arbeitsbereich hinzufügen,Agregar al espacio de trabajo,Ajouter à l'espace de travail,ワークスペースに追加,워크스페이스에 추가,Dodaj do obszaru roboczego,Adicionar ao espaço de trabalho,Adicionar ao espaço de trabalho,Добавить в рабочую область,添加到工作区,加入工作區
host,l10n/bundle.l10n.json,"Branch ""{branch}"" published to {remote}.",,,"Branch ""{branch}"" published to {remote}.","Extension-host runtime notification, command label, quick pick text, or status message.",{branch} {remote},branch; remote,"Branch ""{branch}"" wurde auf {remote} veröffentlicht.","Rama ""{branch}"" publicada en {remote}.","Branche ""{branch}"" publiée sur {remote}.","ブランチ ""{branch}"" を {remote} に公開しました。","브랜치 ""{branch}""을(를) {remote}에 게시했습니다.","Branch ""{branch}"" opublikowany w {remote}.","Branch ""{branch}"" publicado em {remote}.","Branch ""{branch}"" publicado em {remote}.","Ветка ""{branch}"" опубликована в {remote}.","分支 ""{branch}"" 已发布到 {remote}。","分支 ""{branch}"" 已發布到 {remote}。"
host,l10n/bundle.l10n.json,"Branch ""{branch}"" published to {url}",,,"Branch ""{branch}"" published to {url}","Extension-host runtime notification, command label, quick pick text, or status message.",{branch} {url},branch; URL,"Branch ""{branch}"" auf {url} veröffentlicht","Rama ""{branch}"" publicada en {url}","Branche ""{branch}"" publiée sur {url}","ブランチ ""{branch}"" を {url} に公開しました","브랜치 ""{branch}""을(를) {url}에 게시했습니다","Branch ""{branch}"" opublikowany w {url}","Branch ""{branch}"" publicado em {url}","Branch ""{branch}"" publicado em {url}","Ветка ""{branch}"" опубликована в {url}","分支 ""{branch}"" 已发布到 {url}","分支 ""{branch}"" 已發布到 {url}"
host,l10n/bundle.l10n.json,Cloned {repo} successfully.,,,Cloned {repo} successfully.,"Extension-host runtime notification, command label, quick pick text, or status message.",{repo},,{repo} wurde erfolgreich geklont.,Clonación de {repo} realizada con éxito.,{repo} cloné avec succès.,{repo} のクローンに成功しました。,{repo}를 성공적으로 복제했습니다.,Klonowanie {repo} przebiegło pomyślnie.,{repo} clonado com sucesso.,Repositório {repo} com sucesso.,Репозиторий {repo} успешно клонирован.,已成功克隆 {repo}。,已成功克隆 {repo}。
host,l10n/bundle.l10n.json,Cloning {repo}...,,,Cloning {repo}...,Extension-host progress notification.,{repo},,{repo} wird geklont...,Clonando {repo}...,Clonage du dépôt {repo}...,{repo}をクローンしています...,{repo} 복제 중...,Klonowanie {repo}...,Clonando {repo}...,A clonar {repo}...,Клонирование {repo}...,正在克隆 {repo}...,正在克隆 {repo}...
host,l10n/bundle.l10n.json,Committing and pushing...,,,Committing and pushing...,Extension-host progress notification.,,commit; push,Commit und Push werden ausgeführt...,Creando commit y haciendo push...,Création du commit et push...,コミットしてプッシュしています...,커밋 및 푸시 중...,Tworzenie commita i push...,Criando commit e fazendo push...,A criar commit e a fazer push...,Создание коммита и push...,正在提交并推送...,正在提交並推送...
host,l10n/bundle.l10n.json,Committing...,,,Committing...,Extension-host progress notification.,,commit,Commit wird erstellt...,Creando commit...,Création du commit...,コミットしています...,커밋 중...,Tworzenie commita...,Criando commit...,A fazer commit...,Создание коммита...,正在提交...,正在提交...
host,l10n/bundle.l10n.json,Creating repository on {provider}...,,,Creating repository on {provider}...,Extension-host progress notification.,{provider},repository,Repository wird auf {provider} erstellt...,Creando repositorio en {provider}...,Création du dépôt sur {provider}...,{provider}上にリポジトリを作成しています...,{provider}에 저장소를 생성하는 중...,Tworzenie repozytorium na {provider}...,Criando repositório em {provider}...,Criando repositório em {provider}...,Создание репозитория у {provider}...,在 {provider} 上创建存储库...,在 {provider} 上建立儲存庫...
host,l10n/bundle.l10n.json,Delete,,,Delete,Extension-host action button label.,,,Löschen,Borrar,Supprimer,消去,삭제,Usuwać,Excluir,Excluir,Удалить,删除,刪除
host,l10n/bundle.l10n.json,Delete {path}?,,,Delete {path}?,Extension-host confirmation prompt or quick pick question.,{path},,{path} löschen?,¿Eliminar {path}?,Supprimer {path} ?,{path}を削除しますか？,{path}를 삭제하시겠습니까?,Usunąć {path}?,Excluir {path}?,Excluir {path}?,Удалить {path}?,删除 {path}？,刪除 {path}？
host,l10n/bundle.l10n.json,Deleted {path},,,Deleted {path},"Extension-host runtime notification, command label, quick pick text, or status message.",{path},,Gelöscht {path},Eliminado {path},{path} supprimé,削除済み {path},삭제됨 {path},Usunięto {path},{path} excluído,Caminho excluído {path},Удалено {path},已删除 {path},已刪除 {path}
host,l10n/bundle.l10n.json,"Directory ""{name}"" already exists. Overwrite?",,,"Directory ""{name}"" already exists. Overwrite?",Extension-host confirmation prompt or quick pick question.,{name},,"Das Verzeichnis ""{name}"" existiert bereits. Überschreiben?","El directorio ""{name}"" ya existe. ¿Sobrescribir?",Le répertoire « {name} » existe déjà. Voulez-vous l'écraser ?,ディレクトリ「{name}」は既に存在します。上書きしますか？,"""{name}"" 디렉터리가 이미 존재합니다. 덮어쓰시겠습니까?",Katalog „{name}” już istnieje. Nadpisać?,"O diretório ""{name}"" já existe. Deseja sobrescrever?","O diretório ""{name}"" já existe. Deseja sobrescrever?","Каталог ""{name}"" уже существует. Перезаписать?",目录“{name}”已存在。是​​否覆盖？,目錄“{name}”已存在。是否覆蓋？
host,l10n/bundle.l10n.json,Don't Save,,,Don't Save,Extension-host action button label.,,,Nicht speichern,No guardar,Ne pas enregistrer,保存しない,저장하지 마세요,Nie zapisuj,Não salve,Não guardar,Не сохранять,不要保存,不要儲存
host,l10n/bundle.l10n.json,Must be a github.com HTTPS URL,,,Must be a github.com HTTPS URL,"Extension-host prompt, validation, or error/empty-state message.",,GitHub; URL,Muss eine HTTPS-URL von github.com sein.,Debe ser una URL HTTPS de github.com,Doit être une URL HTTPS de github.com,github.comのHTTPS URLである必要があります,github.com HTTPS URL이어야 합니다.,Musi to być adres URL HTTPS github.com,Deve ser um URL HTTPS do github.com,Deve ser um URL HTTPS do github.com,Это должен быть HTTPS-адрес github.com.,必须是 github.com 的 HTTPS URL,必須是 github.com 的 HTTPS URL
host,l10n/bundle.l10n.json,Must be an HTTPS URL,,,Must be an HTTPS URL,"Extension-host prompt, validation, or error/empty-state message.",,URL,Muss eine HTTPS-URL sein,Debe ser una URL HTTPS.,Doit être une URL HTTPS,HTTPS URLである必要があります,HTTPS URL이어야 합니다.,Musi to być adres URL HTTPS,Deve ser um URL HTTPS,Deve ser um URL HTTPS,Это должен быть URL-адрес с протоколом HTTPS.,必须是 HTTPS URL,必須是 HTTPS URL
host,l10n/bundle.l10n.json,Name is required,,,Name is required,"Extension-host prompt, validation, or error/empty-state message.",,,Name erforderlich,Se requiere el nombre,Le nom est requis.,名前は必須です,이름은 필수 입력 사항입니다.,Imię jest wymagane,O nome é obrigatório.,O nome é obrigatório.,Имя обязательно для указания.,名称不能为空,名稱不能為空
host,l10n/bundle.l10n.json,Open in New Window,,,Open in New Window,Extension-host action button label.,,,In neuem Fenster öffnen,Abrir en una ventana nueva,Ouvrir dans une nouvelle fenêtre,新しいウィンドウで開く,새 창에서 열기,Otwórz w nowym oknie,Abrir em uma nova janela,Abrir em uma nova janela,Открыть в новом окне,在新窗口中打开,在新視窗中開啟
host,l10n/bundle.l10n.json,Open Repository,,,Open Repository,Extension-host action button label.,,,Repository öffnen,Repositorio abierto,Ouvrir le dépôt,オープンリポジトリ,오픈 리포지토리,Otwórz repozytorium,Abrir Repositório,Abrir Repositório,Открыть репозиторий,打开存储库,開啟儲存庫
host,l10n/bundle.l10n.json,"Only letters, digits, ., -, _ are allowed",,,"Only letters, digits, ., -, _ are allowed","Extension-host prompt, validation, or error/empty-state message.",,,"Nur Buchstaben, Ziffern, ., -, _ sind erlaubt.","Solo se permiten letras, dígitos, ., -, _","Seules les lettres, les chiffres, le point (.), le tiret (-) et le caractère de soulignement (_) sont autorisés.",使用できるのは、文字、数字、ピリオド、ハイフン、アンダースコアのみです。,"문자, 숫자, 마침표(.), 하이픈(-), 밑줄(_)만 허용됩니다.","Dozwolone są tylko litery, cyfry, ., -, _","Somente letras, dígitos, ., -, _ são permitidos.","Somente letras, dígitos, ., -, _ são permitidos.","Разрешены только буквы, цифры, ., -, _.",只允许输入字母、数字、句点、连字符和下划线。,只允許輸入字母、數字、句點、連字符和底線。
host,l10n/bundle.l10n.json,Overwrite,,,Overwrite,Extension-host action button label.,,,Überschreiben,Sobrescribir,Écraser,上書き,덮어쓰기,Przepisać,Sobrescrever,Sobrescrever,Перезаписать,覆盖,覆蓋
host,l10n/bundle.l10n.json,Pushing to {remote}...,,,Pushing to {remote}...,Extension-host progress notification.,{remote},remote; push,Push an {remote}...,Enviando a {remote}...,Envoi vers {remote}...,{remote}へプッシュ中...,{remote}으로 푸시 중...,Przesyłanie do {remote}...,Enviando para {remote}...,Enviando para {remote}...,Отправка на {remote}...,正在推送至{remote}...,正在推送至{remote}...
host,l10n/bundle.l10n.json,"Remote ""{remote}"" already exists",,,"Remote ""{remote}"" already exists","Extension-host prompt, validation, or error/empty-state message.",{remote},remote,"Remote ""{remote}"" existiert bereits","El control remoto ""{remote}"" ya existe.",Le serveur distant « {remote} » existe déjà.,リモート「{remote}」は既に存在します,"원격 ""{remote}""이 이미 존재합니다.",Zdalny „{remote}” już istnieje,"O repositório remoto ""{remote}"" já existe.","O repositório remoto ""{remote}"" já existe.","Удаленный ресурс ""{remote}"" уже существует.",远程“{remote}”已存在,遠端“{remote}”已存在
host,l10n/bundle.l10n.json,Rollback,,,Rollback,Extension-host action button label.,,,Rollback,Revertir,Annulation,ロールバック,롤백,Cofnij,Reverter,Reverter,Откатить,回滚,復原
host,l10n/bundle.l10n.json,Rollback {count} file(s)?,,,Rollback {count} file(s)?,Extension-host confirmation prompt or quick pick question.,{count},,{count} Dateien zurücksetzen?,¿Revertir {count} archivo(s)?,Annuler {count} fichier(s) ?,{count}個のファイルをロールバックしますか？,{count}개의 파일을 롤백하시겠습니까?,Przywrócić {count} plików?,Reverter {count} arquivo(s)?,Reverter {count} arquivo(s)?,Откатить {count} файлов?,回滚 {count} 个文件？,回滾 {count} 個檔案？
host,l10n/bundle.l10n.json,Rollback {path}?,,,Rollback {path}?,Extension-host confirmation prompt or quick pick question.,{path},,Rollback {path}?,¿Revertir {path}?,Annuler {path} ?,ロールバック {path}?,{path}를 롤백하시겠습니까?,Cofnąć {path}?,Reverter {path}?,Reverter {path}?,Откатить {path}?,回滚 {path}？,回滾 {path}？
host,l10n/bundle.l10n.json,Save,,,Save,Extension-host action button label.,,,Speichern,Guardar,Enregistrer,保存,저장,Zapisz,Salvar,Guardar,Сохранить,节省,儲存
host,l10n/bundle.l10n.json,Token is required,,,Token is required,"Extension-host prompt, validation, or error/empty-state message.",,token,Token erforderlich,Se requiere token,Un jeton est requis.,トークンが必要です,토큰이 필요합니다,Token jest wymagany,É necessário um token.,É necessário um token.,Требуется токен,需要令牌,需要令牌
host,l10n/bundle.l10n.json,URL is required,,,URL is required,"Extension-host prompt, validation, or error/empty-state message.",,URL,Eine URL ist erforderlich.,Se requiere una URL,L'URL est requise.,URLは必須です,URL이 필요합니다.,Adres URL jest wymagany,É necessário um URL.,É necessário um URL.,URL-адрес обязателен,必须提供网址,必須提供網址
host,l10n/bundle.l10n.json,"URL must start with ""git@""",,,"URL must start with ""git@""","Extension-host prompt, validation, or error/empty-state message.",,URL; Git,"Die URL muss mit ""git@"" beginnen.","La URL debe comenzar con ""git@"".",L'URL doit commencer par « git@ »,URLは「git@」で始まる必要があります,"URL은 ""git@""로 시작해야 합니다.",Adres URL musi zaczynać się od „git@”,"O URL deve começar com ""git@""","O URL deve começar com ""git@""","URL должен начинаться с ""git@""",URL 必须以“git@”开头,URL 必須以「git@」開頭
webview,src/webviews/i18n/en.json,common.refresh,,,Refresh,"Shared webview button, menu, label, or status text.",,,Aktualisieren,Actualizar,Rafraîchir,更新,새로 고침,Odświeżać,Atualizar,Atualizar,Обновить,刷新,重新整理
webview,src/webviews/i18n/en.json,common.refreshing,,,Refreshing…,"Shared webview button, menu, label, or status text.",,,Wird aktualisiert…,Actualizando…,Rafraîchissant…,更新中…,새로 고치는 중…,Odświeżanie…,Atualizando…,A atualizar…,Обновление…,正在刷新……,正在重新整理…
webview,src/webviews/i18n/en.json,common.rollback,,,Rollback,"Shared webview button, menu, label, or status text.",,,Rückgängigmachen,Revertir,Annulation,ロールバック,롤백,Cofnij,Reverter,Reverter,Откат,回滚,復原
webview,src/webviews/i18n/en.json,common.groupByDirectory,,,Group by Directory,"Shared webview button, menu, label, or status text.",,,Nach Verzeichnis gruppieren,Agrupar por directorio,Grouper par répertoire,ディレクトリ別にグループ化,디렉토리별 그룹화,Grupuj według katalogu,Agrupar por diretório,Agrupar por diretório,Группировка по каталогу,按目录分组,按目錄分組
webview,src/webviews/i18n/en.json,common.viewOptions,,,View Options,"Shared webview button, menu, label, or status text.",,,View Options,View Options,View Options,View Options,View Options,View Options,View Options,View Options,View Options,视图选项,檢視選項
webview,src/webviews/i18n/en.json,common.groupBy,,,Group By,"Shared webview button, menu, label, or status text.",,,Group By,Group By,Group By,Group By,Group By,Group By,Group By,Group By,Group By,分组依据,分組依據
webview,src/webviews/i18n/en.json,common.directory,,,Directory,"Shared webview button, menu, label, or status text.",,,Directory,Directory,Directory,Directory,Directory,Directory,Directory,Directory,Directory,目录,目錄
webview,src/webviews/i18n/en.json,common.show,,,Show,"Shared webview button, menu, label, or status text.",,,Show,Show,Show,Show,Show,Show,Show,Show,Show,显示,顯示
webview,src/webviews/i18n/en.json,common.showDiffPreview,,,Show Diff Preview,"Shared webview button, menu, label, or status text.",,,Diff-Vorschau anzeigen,Mostrar vista previa de diferencias,Afficher l'aperçu des différences,差分プレビューを表示,차이점 미리보기 보기,Pokaż podgląd różnic,Mostrar pré-visualização das diferenças,Mostrar pré-visualização das diferenças,Показать предварительный просмотр различий,显示差异预览,顯示差異預覽
webview,src/webviews/i18n/en.json,common.expandAll,,,Expand All,"Shared webview button, menu, label, or status text.",,,Alle erweitern,Expandir todo,Développer tout,すべて展開,모두 펼치기,Rozwiń wszystko,Expandir tudo,Expandir tudo,Развернуть все,全部展开,全部展開
webview,src/webviews/i18n/en.json,common.collapseAll,,,Collapse All,"Shared webview button, menu, label, or status text.",,,Alle reduzieren,Contraer todo,Tout réduire,すべて折りたたむ,모두 접기,Zwiń wszystko,Recolher tudo,Recolher tudo,Свернуть все,全部收起,全部收起
webview,src/webviews/i18n/en.json,common.cancel,,,Cancel,"Shared webview button, menu, label, or status text.",,,Abbrechen,Cancelar,Annuler,キャンセル,취소,Anulować,Cancelar,Cancelar,Отмена,取消,取消
webview,src/webviews/i18n/en.json,common.close,,,Close,"Shared webview button, menu, label, or status text.",,,Schließen,Cerca,Fermer,閉じる,닫기,Zamknąć,Fechar,Fechar,Закрыть,关闭,關閉
webview,src/webviews/i18n/en.json,common.dock,,,Dock,"Shared webview button, menu, label, or status text.",,,Dock,Muelle,Ancrer,ドック,독,Dok,Encaixar,Ancorar,Прикрепить,停靠,停靠
webview,src/webviews/i18n/en.json,common.dockIntelliGit,,,Dock IntelliGit,"Shared webview button, menu, label, or status text.",,IntelliGit,IntelliGit andocken,Dock IntelliGit,Dock IntelliGit,ドック IntelliGit,Dock IntelliGit,Dock IntelliGit,Dock IntelliGit,Dock IntelliGit,Прикрепить IntelliGit,Dock IntelliGit,Dock IntelliGit
webview,src/webviews/i18n/en.json,common.loading,,,Loading…,"Shared webview button, menu, label, or status text.",,,Laden…,Cargando…,Chargement…,読み込み中…,로딩 중…,Ładowanie…,Carregando…,A carregar…,Загрузка…,加载中…,載入中…
webview,src/webviews/i18n/en.json,common.showDiff,,,Show Diff,"Shared webview button, menu, label, or status text.",,,Diff anzeigen,Mostrar diferencia,Afficher la différence,差分を表示,차이점 표시,Pokaż różnice,Mostrar diferença,Mostrar diferença,Показать различия,显示差异,顯示差異
webview,src/webviews/i18n/en.json,common.ungroupFiles,,,Ungroup Files,"Shared webview button, menu, label, or status text.",,,Gruppierung aufheben,Desagrupar archivos,Dégrouper les fichiers,ファイルのグループ解除,파일 그룹 해제,Rozgrupuj pliki,Desagrupar arquivos,Desagrupar arquivos,Разгруппировать файлы,取消文件分组,取消文件分組
webview,src/webviews/i18n/en.json,common.apply,,,Apply,"Shared webview button, menu, label, or status text.",,,Anwenden,Aplicar,Appliquer,適用する,적용하다,Stosować,Aplicar,Aplicar,Применить,应用,套用
webview,src/webviews/i18n/en.json,common.pop,,,Pop,"Shared webview button, menu, label, or status text.",,,Pop,Estallido,Pop,ポップ,팝,Zdejmij,Pop,Pop,Pop,弹出,還原暫存
webview,src/webviews/i18n/en.json,common.drop,,,Drop,"Shared webview button, menu, label, or status text.",,,Verwerfen,Descartar,Supprimer,破棄,버리기,Odrzuć,Descartar,Descartar,Удалить,丢弃,丟棄
webview,src/webviews/i18n/en.json,common.delete,,,Delete,"Shared webview button, menu, label, or status text.",,,Löschen,Borrar,Supprimer,消去,삭제,Usuwać,Excluir,Excluir,Удалить,删除,刪除
webview,src/webviews/i18n/en.json,common.clear,,,Clear,"Shared webview button, menu, label, or status text.",,,Leeren,Borrar,Effacer,クリア,지우기,Wyczyść,Limpar,Limpar,Очистить,清除,清除
webview,src/webviews/i18n/en.json,common.branches,,,Branches,"Shared webview button, menu, label, or status text.",,,Branches,Ramas,Branches,ブランチ,브랜치,Branche,Ramos,Ramos,Ветки,分支,分支
webview,src/webviews/i18n/en.json,common.tags,,,Tags,"Shared webview button, menu, label, or status text.",,,Tags,Etiquetas,Étiquettes,タグ,태그,Tagi,Etiquetas,Etiquetas,Теги,标签,標籤
webview,src/webviews/i18n/en.json,common.fileCount.one,one,de es fr pl pt-br pt-pt ru,{count} file,"Shared webview button, menu, label, or status text.",{count},,{count} Datei,{count} archivo,fichier {count},,,plik {count},{count} arquivo,{count} arquivo,файл {count},,
webview,src/webviews/i18n/en.json,common.fileCount.other,other,de es fr ja ko pl pt-br pt-pt ru zh-cn zh-tw,{count} files,"Shared webview button, menu, label, or status text.",{count},,{count} Dateien,{count} archivos,{count} fichiers,{count}個のファイル,{count}개 파일,{count} plików,{count} arquivos,{count} arquivos,{count} файлов,{count} 个文件,{count} 個文件
webview,src/webviews/i18n/en.json,commit.message.placeholder,,,What changed and why?,"Webview commit graph, commit search, or commit action UI.",,Commit,Was hat sich geändert und warum?,¿Qué cambió y por qué?,Qu'est-ce qui a changé et pourquoi ?,何をなぜ変更しましたか？,무엇을 왜 변경했나요?,Co się zmieniło i dlaczego?,O que mudou e por quê?,O que mudou e porquê?,Что изменилось и почему?,改了什么，为什么改？,改了什麼，為什麼改？
webview,src/webviews/i18n/en.json,commit.amend,,,Amend commit,"Webview commit graph, commit search, or commit action UI.",,commit,Commit nachbessern,Modificar commit,Modifier le commit,コミットを修正,커밋 수정,Zmień commit,Alterar commit,Alterar commit,Изменить коммит,修改提交,修改提交
webview,src/webviews/i18n/en.json,commit.action.commit,,,Commit,"Webview commit graph, commit search, or commit action UI.",,Commit,Commit,Commit,Commit,コミット,커밋,Commit,Commit,Commit,Коммит,提交,提交
webview,src/webviews/i18n/en.json,commit.action.amend,,,Amend commit,"Webview commit graph, commit search, or commit action UI.",,commit,Commit ändern,Modificar commit,Modifier le commit,コミットを修正,커밋 수정,Zmień commit,Alterar commit,Alterar commit,Изменить коммит,修改提交,修改提交
webview,src/webviews/i18n/en.json,commit.action.commitAndPush,,,Commit and Push…,"Webview commit graph, commit search, or commit action UI.",,Commit; Push,Commit und Push…,Commit y Push…,Commit et Push…,コミットしてプッシュ…,커밋 및 푸시…,Commit i Push…,Commit e Push…,Commit e Push…,Коммит и Push…,提交并推送…,提交並推送…
webview,src/webviews/i18n/en.json,commit.action.amendAndPush,,,Amend commit and Push…,"Webview commit graph, commit search, or commit action UI.",,commit; Push,Commit ändern und Push…,Modificar commit y Push…,Modifier le commit et Push…,コミットを修正してプッシュ…,커밋 수정 및 푸시…,Zmień commit i Push…,Alterar commit e Push…,Alterar commit e Push…,Изменить коммит и Push…,修改提交并推送…,修改提交並推送…
webview,src/webviews/i18n/en.json,commit.action.publishBranch,,,Publish Branch…,"Webview commit graph, commit search, or commit action UI.",,Branch,Branch veröffentlichen…,Publicar rama…,Publier la branche…,ブランチを公開…,브랜치 게시…,Opublikuj branch…,Publicar branch…,Publicar branch…,Опубликовать ветку…,发布分支…,發布分支…
webview,src/webviews/i18n/en.json,commit.search.placeholder,,,Text or hash,"Webview commit graph, commit search, or commit action UI.",,,Text oder Hash,Texto o hash,Texte ou hachage,テキストまたはハッシュ,텍스트 또는 해시,Tekst lub hash,Texto ou hashtag,Texto ou hashtag,Текст или хеш,文本或哈希,文字或哈希
webview,src/webviews/i18n/en.json,commit.search.clear,,,Clear commit search,"Webview commit graph, commit search, or commit action UI.",,commit,Commit-Suche löschen,Borrar la búsqueda de confirmación,Effacer la recherche de commits,クリアコミット検索,커밋 검색 지우기,Wyczyść wyszukiwanie zatwierdzenia,Limpar pesquisa de commit,Limpar pesquisa de commit,Очистить поиск коммитов,清除提交搜索,清除提交搜索
webview,src/webviews/i18n/en.json,commit.list.header.commit,,,Commit,"Webview commit graph, commit search, or commit action UI.",,Commit,Commit,Commit,Commit,コミット,커밋,Commit,Commit,Commit,Коммит,提交,提交
webview,src/webviews/i18n/en.json,commit.list.header.author,,,Author,"Webview commit graph, commit search, or commit action UI.",,,Autor,Autor,Auteur,著者,작가,Autor,Autor,Autor,Автор,作者,作者
webview,src/webviews/i18n/en.json,commit.list.header.date,,,Date,"Webview commit graph, commit search, or commit action UI.",,,Datum,Fecha,Date,日付,날짜,Data,Data,Data,Дата,日期,日期
webview,src/webviews/i18n/en.json,commit.menu.copyRevision,,,Copy Revision Number,Webview commit graph context-menu action.,,,Revisionsnummer kopieren,Número de revisión de la copia,Copier le numéro de révision,リビジョン番号をコピー,리비전 번호 복사,Kopiuj numer rewizji,Copiar Número da Revisão,Copiar Número da Revisão,Копировать номер ревизии,复制修订号,複製修訂號
webview,src/webviews/i18n/en.json,commit.menu.createPatch,,,Create Patch…,Webview commit graph context-menu action.,,,Patch erstellen…,Crear parche…,Créer un correctif…,パッチを作成中…,패치를 생성하세요…,Utwórz poprawkę…,Criar Patch…,Criar Patch…,Создать патч…,创建补丁…,建立補丁…
webview,src/webviews/i18n/en.json,commit.menu.cherryPick,,,Cherry-Pick,Webview commit graph context-menu action.,,Cherry-Pick,Cherry-pick,Cherry-pick,Cherry-pick,チェリーピック,체리픽,Cherry-pick,Cherry-pick,Cherry-pick,Cherry-pick,Cherry-pick,Cherry-pick
webview,src/webviews/i18n/en.json,commit.menu.checkoutRevision,,,Checkout Revision,Webview commit graph context-menu action.,,Checkout,Checkout-Revision,Revisión de pago,Extraire la révision,リビジョンをチェックアウト,리비전 체크아웃,Przełącz na rewizję,Fazer Checkout da Revisão,Fazer Checkout da Revisão,Извлечь ревизию,检出修订版,檢出修訂版
webview,src/webviews/i18n/en.json,commit.menu.resetCurrentToHere,,,Reset Current Branch to Here…,Webview commit graph context-menu action.,,Branch,Aktuellen Branch hierher zurücksetzen…,Restablecer la rama actual aquí…,Réinitialiser la branche actuelle ici…,現在のブランチをここにリセットします…,현재 분기를 여기로 재설정…,Zresetuj bieżącą gałąź do tego miejsca…,Redefinir o branch atual para cá…,Redefinir o branch atual para cá…,Сбросить текущую ветку сюда…,重置当前分支到此处…,重置目前分支到此處…
webview,src/webviews/i18n/en.json,commit.menu.revertCommit,,,Revert Commit,Webview commit graph context-menu action.,,Commit,Commit zurücknehmen,Revertir confirmación,Annuler la validation,コミットを元に戻す,커밋 되돌리기,Cofnij commit,Reverter Commit,Reverter Commit,Отменить коммит,还原提交,還原提交
webview,src/webviews/i18n/en.json,commit.menu.pushAllUpToHere,,,Push All up to Here…,Webview commit graph context-menu action.,,Push,Alles bis hierher pushen…,Hacer push de todo hasta aquí…,Tout pousser jusqu’ici…,ここまでプッシュ…,여기까지 모두 푸시…,Push wszystkiego do tego miejsca…,Push de tudo até aqui…,Push de tudo até aqui…,Push всех коммитов до этой точки…,全部推送至此处…,全部推送至此處…
webview,src/webviews/i18n/en.json,commit.menu.undoCommit,,,Undo Commit…,Webview commit graph context-menu action.,,Commit,Commit rückgängig machen…,Deshacer confirmación…,Annuler la validation…,コミットを取り消す…,실행 취소…,Cofnij zatwierdzenie…,Desfazer Commit…,Desfazer Commit…,Отменить коммит…,撤销提交…,撤銷提交…
webview,src/webviews/i18n/en.json,commit.menu.editMessage,,,Edit Commit Message…,Webview commit graph context-menu action.,,Commit,Commit-Nachricht bearbeiten…,Editar mensaje de confirmación…,Modifier le message de validation…,コミットメッセージを編集…,커밋 메시지 수정…,Edytuj wiadomość zatwierdzenia…,Editar mensagem de commit…,Editar mensagem de commit…,Редактировать сообщение коммита…,编辑提交信息…,編輯提交資訊…
webview,src/webviews/i18n/en.json,commit.menu.squashCommits,,,Squash Commits…,Webview commit graph context-menu action.,,,Commits squaschen…,Squash commits…,Squash commits…,コミットをSquash…,커밋 스쿼시…,Squash commitów…,Squash de commits…,Squash de commits…,Squash коммитов…,压缩提交…,壓縮提交…
webview,src/webviews/i18n/en.json,commit.menu.dropCommit,,,Drop Commit,Webview commit graph context-menu action.,,Commit,Commit verwerfen,Eliminar confirmación,Abandonner l'commit,コミットを破棄,드롭 커밋,Porzuć commit,Descartar Commit,Cancelar Commit,Отменить подтверждение,放弃提交,放棄提交
webview,src/webviews/i18n/en.json,commit.menu.interactiveRebaseFromHere,,,Interactively Rebase from Here…,Webview commit graph context-menu action.,,Rebase,Interaktives Rebase ab hier…,Rebase interactivo desde aquí…,Rebaser de manière interactive à partir d'ici…,ここからインタラクティブリベース…,여기에서 대화형으로 리베이스를 시작하세요…,Interaktywne ponowne bazowanie stąd…,Rebase interativo a partir daqui…,Rebase interativo a partir daqui…,Перебазируйтесь в интерактивном режиме отсюда…,从此处交互式变基…,從此處互動式變基…
webview,src/webviews/i18n/en.json,commit.menu.newBranch,,,New Branch…,Webview commit graph context-menu action.,,Branch,Neuer Branch…,Nueva rama…,Nouvelle branche…,新しいブランチ…,새 브랜치…,Nowy branch…,Novo branch…,Novo branch…,Новая ветка…,新建分支…,建立新分支…
webview,src/webviews/i18n/en.json,commit.menu.newTag,,,New Tag…,Webview commit graph context-menu action.,,Tag,Neuer Tag…,Nueva etiqueta…,Nouvelle étiquette…,新しいタグ…,새로운 태그…,Nowy tag…,Nova etiqueta…,Nova etiqueta…,Новый тег…,新标签…,新標籤…
webview,src/webviews/i18n/en.json,commit.scope.branch,,,Branch: {branch},"Webview commit graph, commit search, or commit action UI.",{branch},Branch; branch,Branch: {branch},Rama: {branch},Branche : {branch},ブランチ: {branch},브랜치: {branch},Branch: {branch},Branch: {branch},Branch: {branch},Ветка: {branch},分支：{branch},分支：{branch}
webview,src/webviews/i18n/en.json,commit.scope.allBranches,,,Branch: All branches,"Webview commit graph, commit search, or commit action UI.",,Branch,Branch: Alle Branches,Rama: todas las ramas,Branche : toutes les branches,ブランチ: すべてのブランチ,브랜치: 모든 브랜치,Branch: wszystkie branche,Branch: todos os branches,Branch: todos os branches,Ветка: все ветки,分支：所有分支,分支：所有分支
webview,src/webviews/i18n/en.json,commit.loadingMore,,,Loading more…,"Webview commit graph, commit search, or commit action UI.",,,Weitere Informationen werden geladen…,Cargando más…,Chargement en cours…,さらに読み込み中…,더 많은 내용을 불러오는 중…,Ładowanie kolejnych…,Carregando mais…,Carregando mais…,Загрузка дополнительных данных…,加载中……,載入中……
webview,src/webviews/i18n/en.json,commit.tooltip.branchesList,,,Branches: {refs},Webview commit graph tooltip.,{refs},,Branches: {refs},Ramas: {refs},Branches : {refs},ブランチ: {refs},분기: {refs},Gałęzie: {refs},Ramos: {refs},Ramos: {refs},Ветви: {refs},分支：{refs},分支：{refs}
webview,src/webviews/i18n/en.json,commit.tooltip.tagsList,,,Tags: {refs},Webview commit graph tooltip.,{refs},,Tags: {refs},Etiquetas: {refs},Étiquettes : {refs},タグ: {refs},태그: {refs},Tagi: {refs},Etiquetas: {refs},Etiquetas: {refs},Теги: {refs},标签：{refs},標籤：{refs}
webview,src/webviews/i18n/en.json,commit.tooltip.branchLabels.one,one,de es fr pl pt-br pt-pt ru,{count} branch label,Webview commit graph tooltip.,{count},branch,{count} Branch-Label,{count} etiqueta de rama,{count} étiquette de branche,,,{count} etykieta brancha,{count} rótulo de branch,{count} rótulo de branch,{count} метка ветки,,
webview,src/webviews/i18n/en.json,commit.tooltip.branchLabels.other,other,de es fr ja ko pl pt-br pt-pt ru zh-cn zh-tw,{count} branch labels,Webview commit graph tooltip.,{count},branch,{count} Branch-Labels,{count} etiquetas de rama,{count} étiquettes de branche,{count} 個のブランチラベル,브랜치 레이블 {count}개,{count} etykiet brancha,{count} rótulos de branch,{count} rótulos de branch,{count} меток ветки,{count} 个分支标签,{count} 個分支標籤
webview,src/webviews/i18n/en.json,commit.tooltip.moreTags.one,one,de es fr pl pt-br pt-pt ru,{count} more tag,Webview commit graph tooltip.,{count},tag,{count} mehr Tag,{count} más etiquetas,{count} autres balises,,,{count} więcej tagów,{count} mais tag,{count} mais tag,еще {count} тег,,
webview,src/webviews/i18n/en.json,commit.tooltip.moreTags.other,other,de es fr ja ko pl pt-br pt-pt ru zh-cn zh-tw,{count} more tags,Webview commit graph tooltip.,{count},,{count} weitere Tags,{count} más etiquetas,{count} autres tags,タグをもっと見る{count}個,{count}개 태그 더 보기,{count} więcej tagów,{count} mais tags,{count} mais tags,{count} больше тегов,还有 {count} 个标签,還有 {count} 個標籤
webview,src/webviews/i18n/en.json,commit.tab.commit,,,Commit,Webview commit/stash tab label.,,Commit,Commit,Commit,Commit,コミット,커밋,Commit,Commit,Commit,Коммит,提交,提交
webview,src/webviews/i18n/en.json,commit.tab.stash,,,Stash,Webview commit/stash tab label.,,Stash,Stash,Stash,Stash,スタッシュ,Stash,Chować na potem,Stash,Stash,Stash,储藏,儲藏
webview,src/webviews/i18n/en.json,commit.tab.stashWithCount,,,Stash ({count}),Webview commit/stash tab label.,{count},Stash,Stash ({count}),Alijo ({count}),Réserve ({count}),保管庫（{count}）,보관함({count}),Zapas ({count}),Armazém ({count}),Armazém ({count}),Stash ({count}),储藏（{count}）,儲藏（{count}）
webview,src/webviews/i18n/en.json,commit.amendContext.title,,,Commits on this branch,Webview amend-commit context panel.,,branch,Commits in diesem Branch,Commits en esta rama,Commits sur cette branche,このブランチでのコミット,이 브랜치의 커밋,Zatwierdzenia na tej gałęzi,Commits nesta ramificação,Commits nesta ramificação,Коммиты в этой ветке,此分支上的提交,此分支上的提交
webview,src/webviews/i18n/en.json,commit.amendContext.description,,,Working tree Changes and Unversioned Files are listed below.,Webview amend-commit context panel.,,,Die Änderungen im Arbeitsverzeichnis und die nicht versionierten Dateien sind unten aufgeführt.,A continuación se enumeran los cambios en el árbol de trabajo y los archivos sin control de versiones.,Les modifications apportées à l'arborescence de travail et les fichiers non versionnés sont listés ci-dessous.,作業ツリーの変更点とバージョン管理されていないファイルの一覧は以下のとおりです。,작업 트리 변경 사항 및 버전 관리되지 않은 파일 목록은 아래와 같습니다.,Poniżej wymieniono zmiany w drzewie roboczym i pliki bez kontroli wersji.,As alterações na árvore de trabalho e os arquivos não versionados estão listados abaixo.,As alterações na árvore de trabalho e os arquivos não versionados estão listados abaixo.,Ниже перечислены изменения в рабочем дереве и неверсионированные файлы.,下面列出了工作树变更和未版本化的文件。,下面列出了工作樹變更和未版本化的檔案。
webview,src/webviews/i18n/en.json,commit.amendContext.loading,,,Loading branch history…,Webview amend-commit context panel.,,branch,Lade Branch-Historie…,Cargando historial de la rama…,Chargement de l'historique des branches…,ブランチ履歴を読み込んでいます…,브랜치 이력을 불러오는 중…,Ładowanie historii gałęzi…,Carregando histórico de ramificações…,Carregando histórico de ramificações…,Загрузка истории веток…,正在加载分支历史记录…,正在載入分支歷史記錄…
webview,src/webviews/i18n/en.json,commit.amendContext.empty,,,No commits to show.,Webview amend-commit context panel.,,,Keine Commits vorhanden.,No hay confirmaciones para mostrar.,Aucun commit à afficher.,表示するコミットはありません。,표시할 커밋이 없습니다.,Brak commitów do wyświetlenia.,Nenhum commit para exibir.,Nenhum commit para exibir.,Нет никаких коммитов для отображения.,没有提交记录可供显示。,沒有提交記錄可供顯示。
webview,src/webviews/i18n/en.json,branch.search.placeholder,,,Search branches,Webview branch search/list UI.,,,Branches durchsuchen,Buscar ramas,Rechercher des branches,ブランチを検索,브랜치 검색,Szukaj branchy,Pesquisar branches,Pesquisar branches,Поиск веток,搜索分支,搜尋分支
webview,src/webviews/i18n/en.json,branch.search.clear,,,Clear branch search,Webview branch search/list UI.,,branch,Branch-Suche löschen,Borrar búsqueda de ramas,Effacer la recherche de branches,ブランチ検索をクリア,브랜치 검색 지우기,Wyczyść wyszukiwanie branchy,Limpar pesquisa de branches,Limpar pesquisa de branches,Очистить поиск веток,清除分支搜索,清除分支搜尋
webview,src/webviews/i18n/en.json,branch.search.clear.title,,,Clear,Webview branch search/list UI.,,,Leeren,Borrar,Clair,クリア,지우기,Wyczyść,Limpar,Limpar,Очистить,清除,清除
webview,src/webviews/i18n/en.json,branch.noMatches,,,No matching branches,Webview branch search/list UI.,,,Keine passenden Branches,No hay ramas coincidentes,Aucune branche correspondante,一致するブランチはありません,일치하는 브랜치가 없습니다,Brak pasujących branchy,Nenhum branch correspondente,Nenhum branch correspondente,Нет подходящих веток,没有匹配的分支,沒有相符的分支
webview,src/webviews/i18n/en.json,branch.section.local,,,Local,Webview branch search/list UI.,,,Lokal,Local,Locale,ローカル,로컬,Lokalne,Local,Local,Локальные,本地,本地
webview,src/webviews/i18n/en.json,branch.section.remote,,,Remote,Webview branch search/list UI.,,Remote,Remote,Remoto,Remote,リモート,원격,Zdalne,Remoto,Remoto,Удаленные,远程,遠端
webview,src/webviews/i18n/en.json,branch.section.worktrees,,,Worktrees,Webview branch search/list UI.,,Git,Worktrees,Árboles de trabajo,Worktrees,ワークツリー,워크트리,Drzewa robocze,Árvores de trabalho,Árvores de trabalho,Рабочие деревья,工作树,工作樹
webview,src/webviews/i18n/en.json,branch.menu.newBranchFrom,,,New Branch from {branch}…,Webview branch context-menu action.,{branch},Branch; branch,Neuer Branch von {branch}…,Nueva rama desde {branch}…,Nouvelle branche depuis {branch}…,{branch} から新しいブランチ…,{branch}에서 새 브랜치…,Nowy branch z {branch}…,Novo branch a partir de {branch}…,Novo branch a partir de {branch}…,Новая ветка из {branch}…,从 {branch} 新建分支…,從 {branch} 建立新分支…
webview,src/webviews/i18n/en.json,branch.menu.update,,,Update,Webview branch context-menu action.,,,Aktualisieren,Actualizar,Mise à jour,アップデート,업데이트,Aktualizacja,Atualizar,Atualizar,Обновить,更新,更新
webview,src/webviews/i18n/en.json,branch.menu.push,,,Push…,Webview branch context-menu action.,,Push,Push…,Push…,Push…,プッシュ…,푸시…,Push…,Push…,Push…,Отправить…,推送…,推送…
webview,src/webviews/i18n/en.json,branch.menu.rename,,,Rename…,Webview branch context-menu action.,,,Umbenennen…,Rebautizar…,Rebaptiser…,名前を変更する…,이름을 바꾸다…,Przemianować…,Renomear…,Renomear…,Переименовать…,重命名…,重命名…
webview,src/webviews/i18n/en.json,branch.menu.checkout,,,Checkout,Webview branch context-menu action.,,Checkout,Checkout,Checkout,Checkout,チェックアウト,체크아웃,Checkout,Checkout,Checkout,Извлечь,检出,簽出
webview,src/webviews/i18n/en.json,branch.menu.checkoutAndRebase,,,Checkout and Rebase onto {branch},Webview branch context-menu action.,{branch},branch; Rebase; Checkout,Checkout und Rebase auf {branch},Checkout y rebase sobre {branch},Checkout et rebase sur {branch},チェックアウトして {branch} にリベース,체크아웃 후 {branch}에 리베이스,Checkout i rebase na {branch},Checkout e rebase sobre {branch},Checkout e rebase sobre {branch},Извлечь и перебазировать на {branch},检出并变基到 {branch},簽出並變基到 {branch}
webview,src/webviews/i18n/en.json,branch.menu.rebaseOnto,,,Rebase {current} onto {selected},Webview branch context-menu action.,{current} {selected},Rebase,{current} auf {selected} rebasen,Rebase {current} sobre {selected},Rebaser {current} sur {selected},{current} を {selected} にリベースします。,{current}를 {selected}에 리베이스합니다.,Zmień bazę {current} na {selected},Rebase {current} em {selected},Rebase {current} em {selected},Перебазировать {current} на {selected},将 {current} 变基到 {selected},將 {current} 變基到 {selected}
webview,src/webviews/i18n/en.json,branch.menu.mergeInto,,,Merge {selected} into {current},Webview branch context-menu action.,{selected} {current},Merge,Zusammenführen von {selected} in {current},Combinar {selected} en {current},Fusionner {selected} dans {current},{selected} を {current} にマージします。,{selected} 항목을 {current} 항목에 병합합니다.,Połącz {selected} z {current},Mesclar {selected} em {current},Mesclar {selected} em {current},Объединить {selected} в {current},将 {selected} 合并到 {current},將 {selected} 合併到 {current}
webview,src/webviews/i18n/en.json,branch.menu.delete,,,Delete,Webview branch context-menu action.,,,Löschen,Borrar,Supprimer,消去,삭제,Usuwać,Excluir,Excluir,Удалить,删除,刪除
webview,src/webviews/i18n/en.json,status.modified,,,Modified,Webview Git file status label.,,,Modifiziert,Modificado,Modifié,修正済み,수정됨,Zmodyfikowany,Modificado,Modificado,Модифицированный,修改的,修改的
webview,src/webviews/i18n/en.json,status.added,,,Added,Webview Git file status label.,,,Hinzugefügt,Agregado,Ajouté,追加した,추가됨,Dodano,Adicionado,Adicionado,Добавлен,已添加,已新增
webview,src/webviews/i18n/en.json,status.deleted,,,Deleted,Webview Git file status label.,,,Gelöscht,Eliminado,Supprimé,削除済み,삭제됨,Usunięto,Excluído,Excluído,Удалено,已删除,已刪除
webview,src/webviews/i18n/en.json,status.renamed,,,Renamed,Webview Git file status label.,,,Umbenannt,Renombrado,Renommé,名称変更,이름이 바뀌었습니다,Zmieniono nazwę,Renomeado,Renomeado,Переименовано,已重命名,更名
webview,src/webviews/i18n/en.json,status.conflicting,,,Conflicting,Webview Git file status label.,,,Konflikt,En conflicto,En conflit,競合中,충돌,Konflikt,Em conflito,Em conflito,Конфликт,冲突,衝突
webview,src/webviews/i18n/en.json,status.unversioned,,,Unversioned,Webview Git file status label.,,,Unversioniert,Sin versión,Non versionné,バージョンなし,버전 없음,Niewersjonowany,Sem versão,Sem versão,Неверсионированный,未版本化,未版本化
webview,src/webviews/i18n/en.json,status.ignored,,,Ignored,Webview Git file status label.,,,Ignored,Ignored,Ignored,Ignored,Ignored,Ignored,Ignored,Ignored,Ignored,已忽略,已忽略
webview,src/webviews/i18n/en.json,status.copied,,,Copied,Webview Git file status label.,,,Kopiert,Copiado,Copié,コピーしました,복사됨,Skopiowano,Copiado,Copiado,Скопировано,已复制,已複製
webview,src/webviews/i18n/en.json,status.typeChanged,,,Type Changed,Webview Git file status label.,,,Typ geändert,Tipo cambiado,Type modifié,タイプが変更されました,유형이 변경되었습니다,Zmieniono typ,Tipo alterado,Tipo alterado,Тип изменен,类型已更改,類型已更改
webview,src/webviews/i18n/en.json,commitInfo.noSelection,,,No commit selected,Webview selected-commit details panel.,,commit,Kein Commit ausgewählt,No se ha seleccionado ninguna confirmación,Aucun commit sélectionné,コミットが選択されていません,커밋을 선택하지 않았습니다.,Nie wybrano zatwierdzenia,Nenhuma confirmação selecionada,Nenhuma confirmação selecionada,Коммит не выбран,未选择任何提交,未選擇任何提交
webview,src/webviews/i18n/en.json,commitInfo.changedFiles,,,Changed Files,Webview selected-commit details panel.,,,Geänderte Dateien,Archivos modificados,Fichiers modifiés,変更されたファイル,변경된 파일,Zmienione pliki,Arquivos alterados,Arquivos alterados,Измененные файлы,已更改的文件,已更改的文件
webview,src/webviews/i18n/en.json,commitInfo.details,,,Commit Details,Webview selected-commit details panel.,,Commit,Details zum Commit,Detalles del commit,Détails de l'commit,コミットの詳細,커밋 세부 정보,Szczegóły zatwierdzenia,Detalhes do commit,Detalhes do commit,Подробности подтверждения,提交详情,提交詳情
webview,src/webviews/i18n/en.json,commitInfo.byAuthor,,,by {author},Webview selected-commit details panel.,{author},,von {author},por {author},par {author},著者：{author},{author},przez {author},por {author},por {author},Автор: {author},作者：{author},作者：{author}
webview,src/webviews/i18n/en.json,commitInfo.emailOnDate,,,{email} on {date},Webview selected-commit details panel.,{email} {date},,{email} am {date},{email} el {date},{email} le {date},{email}に{date},{date}의 {email},{email} w dniu {date},{email} em {date},{email} em {date},{email} от {date},{email} 于 {date},{email} 於 {date}
webview,src/webviews/i18n/en.json,commitInfo.filesChanged.one,one,de es fr pl pt-br pt-pt ru,{count} file changed,Webview selected-commit details panel.,{count},,{count} Datei geändert,Archivo {count} cambiado,Le fichier {count} a été modifié.,,,{count} plik został zmieniony,{count} arquivo alterado,{count} arquivo alterado,{count} файл изменен,,
webview,src/webviews/i18n/en.json,commitInfo.filesChanged.other,other,de es fr ja ko pl pt-br pt-pt ru zh-cn zh-tw,{count} files changed,Webview selected-commit details panel.,{count},,{count} geänderte Dateien,{count} archivos cambiados,{count} fichiers modifiés,{count}個のファイルが変更されました,{count}개의 파일이 변경되었습니다.,{count} zmienionych plików,{count} arquivos alterados,{count} arquivos alterados,{count} файлов изменено,{count} 个文件已更改,{count} 個檔案已變更
webview,src/webviews/i18n/en.json,commitPanel.noChanges,,,No changes,Webview commit panel / changed files area.,,,Keine Änderungen,Sin cambios,Aucun changement,変更なし,변경 사항 없음,Bez zmian,Sem alterações.,Sem alterações.,Без изменений,无变化,無變化
webview,src/webviews/i18n/en.json,commitPanel.changes,,,Changes,Webview commit panel / changed files area.,,,Änderungen,Cambios,Changements,変更点,변경 사항,Zmiany,Mudanças,Mudanças,Изменения,更改,變更
webview,src/webviews/i18n/en.json,commitPanel.unversionedFiles,,,Unversioned Files,Webview commit panel / changed files area.,,,Unversionierte Dateien,Archivos sin control de versiones,Fichiers non versionnés,バージョン管理されていないファイル,버전 관리되지 않은 파일,Pliki bez wersji,Arquivos sem versão,Arquivos sem versão,Файлы без версий,未跟踪的文件,未追蹤的檔案
webview,src/webviews/i18n/en.json,commitPanel.ignoredFiles,,,Ignored Files,Webview commit panel / changed files area.,,,Ignored Files,Ignored Files,Ignored Files,Ignored Files,Ignored Files,Ignored Files,Ignored Files,Ignored Files,Ignored Files,已忽略文件,已忽略檔案
webview,src/webviews/i18n/en.json,merge.count.changes.one,one,de es fr pl pt-br pt-pt ru,{count} change,Webview merge/conflict count or merge-related UI.,{count},,{count} Änderung,{count} cambio,{count} modification,,,{count} zmiana,{count} alteração,{count} alteração,{count} изменение,,
webview,src/webviews/i18n/en.json,merge.count.changes.other,other,de es fr ja ko pl pt-br pt-pt ru zh-cn zh-tw,{count} changes,Webview merge/conflict count or merge-related UI.,{count},,{count} Änderungen,{count} cambios,{count} changements,{count}回変更,{count}번 변경됨,{count} zmian,{count} alterações,{count} alterações,{count} изменений,{count} 次更改,{count} 次更改
webview,src/webviews/i18n/en.json,merge.count.conflicts.one,one,de es fr pl pt-br pt-pt ru,{count} conflict,Webview merge/conflict count or merge-related UI.,{count},,{count} Konflikt,{count} conflicto,{count} conflit,,,konflikt {count},{count} conflito,{count} conflito,{count} конфликт,,
webview,src/webviews/i18n/en.json,merge.count.conflicts.other,other,de es fr ja ko pl pt-br pt-pt ru zh-cn zh-tw,{count} conflicts,Webview merge/conflict count or merge-related UI.,{count},,{count} Konflikte,{count} conflictos,{count} conflits,{count}件の競合,{count} 충돌,{count} konfliktów,{count} conflitos,{count} conflitos,{count} конфликтов,{count} 个冲突,{count} 個衝突
webview,src/webviews/i18n/en.json,merge.toolbar.applyNonConflicting,,,Apply non-conflicting changes,Webview merge/conflict count or merge-related UI.,,,Konfliktfreie Änderungen anwenden,Aplicar cambios que no entren en conflicto,Appliquer des modifications non contradictoires,競合しない変更を適用する,충돌하지 않는 변경 사항을 적용하세요,Zastosuj zmiany nie powodujące konfliktów,Aplicar alterações não conflitantes,Aplicar alterações não conflitantes,Внесите непротиворечащие друг другу изменения.,应用不冲突的更改,應用不衝突的更改
webview,src/webviews/i18n/en.json,merge.toolbar.prevConflict.title,,,Previous conflict (P / Shift+F7),Webview merge/conflict count or merge-related UI.,,,Vorheriger Konflikt (P / Umschalt+F7),Conflicto anterior (P / Mayús+F7),Conflit précédent (P / Maj+F7),前の競合 (P / Shift+F7),이전 충돌(P / Shift+F7),Poprzedni konflikt (P / Shift+F7),Conflito anterior (P / Shift+F7),Conflito anterior (P / Shift+F7),Предыдущий конфликт (P / Shift+F7),先前冲突（P / Shift+F7）,先前衝突（P / Shift+F7）
webview,src/webviews/i18n/en.json,merge.toolbar.prevConflict.label,,,Previous conflict,Webview merge/conflict count or merge-related UI.,,,Vorheriger Konflikt,Conflicto anterior,Conflit antérieur,過去の紛争,이전 분쟁,Poprzedni konflikt,Conflito anterior,Conflito anterior,Предыдущий конфликт,先前的冲突,先前的衝突
webview,src/webviews/i18n/en.json,merge.toolbar.nextConflict.title,,,Next conflict (N / F7),Webview merge/conflict count or merge-related UI.,,,Nächster Konflikt (N / F7),Próximo conflicto (N/F7),Prochain conflit (N / F7),次の競合 (N / F7),다음 충돌 (N/F7),Następny konflikt (N / F7),Próximo conflito (N / F7),Próximo conflito (N / F7),Следующий конфликт (N / F7),下一个冲突（N / F7）,下一個衝突（N / F7）
webview,src/webviews/i18n/en.json,merge.toolbar.nextConflict.label,,,Next conflict,Webview merge/conflict count or merge-related UI.,,,Nächster Konflikt,Próximo conflicto,Prochain conflit,次の紛争,다음 갈등,Następny konflikt,Próximo conflito,Próximo conflito,Следующий конфликт,下一次冲突,下一次衝突
webview,src/webviews/i18n/en.json,merge.toolbar.ignoreMode.title,,,Re-parse conflicts with or without whitespace differences,Webview merge/conflict count or merge-related UI.,,,Konflikte mit oder ohne Leerzeichenunterschiede erneut analysieren,Reanaliza los conflictos con o sin diferencias de espacios en blanco.,Réanalyser les conflits avec ou sans différences d'espacement.,空白の違いの有無にかかわらず、競合を再解析する,공백 차이 유무에 관계없이 충돌을 다시 구문 분석합니다.,Ponowna analiza konfliktów z różnicami odstępów między białymi znakami lub bez nich,Reanalisar conflitos com ou sem diferenças de espaços em branco,Reanalisar conflitos com ou sem diferenças de espaços em branco,Повторный анализ конфликтов с учетом или без учета различий в пробелах.,重新解析包含或不包含空格差异的冲突,重新解析包含或不包含空格差異的衝突
webview,src/webviews/i18n/en.json,merge.toolbar.ignoreMode.none,,,Do not ignore,Webview merge/conflict count or merge-related UI.,,,Nicht ignorieren,No ignorar,Ne pas ignorer,無視しないでください,무시하지 마세요,Nie ignoruj,Não ignore,Não ignore,Не игнорировать,不忽略,不忽略
webview,src/webviews/i18n/en.json,merge.toolbar.ignoreMode.whitespace,,,Ignore whitespace,Webview merge/conflict count or merge-related UI.,,,Leerzeichen ignorieren,Ignorar los espacios en blanco,Ignorer les espaces blancs,空白文字を無視する,공백은 무시하세요,Ignoruj ​​odstępy,Ignore os espaços em branco,Ignore os espaços em branco,Игнорировать пробелы,忽略空格,忽略空格
webview,src/webviews/i18n/en.json,merge.toolbar.highlightWords,,,Highlight words,Webview merge/conflict count or merge-related UI.,,,Wörter hervorheben,Resaltar palabras,Mots en surbrillance,強調表示キーワード,강조 표시된 단어,Podświetl słowa,Palavras-chave a destacar,Palavras-chave a destacar,Подсвечивать слова,突出显示单词,突出顯示單字
webview,src/webviews/i18n/en.json,merge.toolbar.showDetails,,,Show Details,Webview merge/conflict count or merge-related UI.,,,Details anzeigen,Mostrar detalles,Afficher les détails,詳細を表示,세부 정보 보기,Pokaż szczegóły,Mostrar detalhes,Mostrar detalhes,Показать подробности,显示详情,顯示詳情
webview,src/webviews/i18n/en.json,merge.toolbar.hideDetails,,,Hide Details,Webview merge/conflict count or merge-related UI.,,,Details ausblenden,Ocultar detalles,Masquer les détails,詳細を非表示にする,세부 정보 숨기기,Ukryj szczegóły,Ocultar detalhes,Ocultar detalhes,Скрыть подробности,隐藏详情,隱藏詳情
webview,src/webviews/i18n/en.json,merge.toolbar.jumpUnresolved.title,,,Jump to next unresolved conflict,Webview merge/conflict count or merge-related UI.,,,Zum nächsten ungelösten Konflikt springen,Saltar al siguiente conflicto sin resolver,Passer au conflit non résolu suivant,次の未解決の紛争へジャンプ,다음 미해결 분쟁으로 이동,Przejdź do następnego nierozwiązanego konfliktu,Ir para o próximo conflito não resolvido,Ir para o próximo conflito não resolvido,Перейти к следующему неразрешенному конфликту,跳转至下一个未解决的冲突,跳轉至下一個未解決的衝突
webview,src/webviews/i18n/en.json,merge.toolbar.acceptAllYours.title,,,Accept all left-side changes into the result,Webview merge/conflict count or merge-related UI.,,,Übernehme alle Änderungen auf der linken Seite in das Ergebnis.,Aceptar todos los cambios del lado izquierdo en el resultado,Intégrez toutes les modifications du côté gauche dans le résultat.,左側の変更をすべて結果に反映させる,왼쪽의 모든 변경 사항을 결과에 반영합니다.,Zaakceptuj wszystkie zmiany po lewej stronie wyniku,Aceitar todas as alterações do lado esquerdo no resultado.,Aceitar todas as alterações do lado esquerdo no resultado.,Принять все изменения с левой стороны в результат,接受左侧所有更改并纳入结果,接受左側所有更改並納入結果
webview,src/webviews/i18n/en.json,merge.toolbar.acceptAllYours.label,,,Accept All Yours,Webview merge/conflict count or merge-related UI.,,,Alle eigenen Änderungen übernehmen,Aceptar todos los cambios propios,Accepter tout le vôtre,すべて受け入れます,모든 내 쪽 변경 사항 적용,Akceptuj wszystko co twoje,Aceitar Todas as Alterações Locais,Aceitar Todas as Alterações Locais,Принять все мои,全部接受我方,全部接受我方
webview,src/webviews/i18n/en.json,merge.toolbar.acceptAllTheirs.title,,,Accept all right-side changes into the result,Webview merge/conflict count or merge-related UI.,,,Alle Änderungen auf der rechten Seite sollen in das Ergebnis übernommen werden.,Aceptar todos los cambios del lado derecho en el resultado,Intégrez toutes les modifications du côté droit dans le résultat.,結果に右側の変更をすべて受け入れる,우측의 모든 변경 사항을 결과에 반영합니다.,Zaakceptuj wszystkie zmiany po prawej stronie wyniku,Aceitar todas as alterações do lado direito no resultado.,Aceitar todas as alterações do lado direito no resultado.,Принять все изменения с правой стороны в результат,接受右侧所有更改并纳入结果,接受右側所有變更並納入結果
webview,src/webviews/i18n/en.json,merge.toolbar.acceptAllTheirs.label,,,Accept All Theirs,Webview merge/conflict count or merge-related UI.,,,Alle eingehenden Änderungen übernehmen,Aceptar todos los cambios entrantes,Accepter toutes les modifications entrantes,すべての受信側の変更を採用,모든 수신 변경 사항 적용,Zaakceptuj wszystkie przychodzące zmiany,Aceitar todas as alterações recebidas,Aceitar todas as alterações recebidas,Принять все входящие изменения,接受所有传入更改,接受所有傳入變更
webview,src/webviews/i18n/en.json,merge.status.unresolved,,,{count} unresolved,Webview merge/conflict count or merge-related UI.,{count},,{count} unaufgelöst,{count} sin resolver,{count} non résolu,未解決件数：{count},{count} 미해결,{count} nierozwiązanych,{count} não resolvido,{count} não resolvido,{count} неразрешено,{count} 未解决,{count} 未解決
webview,src/webviews/i18n/en.json,merge.status.resolved,,,{resolved}/{total} resolved,Webview merge/conflict count or merge-related UI.,{resolved} {total},,{resolved}/{total} aufgelöst,{resolved}/{total} resuelto,{resolved}/{total} résolu,{resolved}/{total}件解決済み,해결됨/총 해결됨 {resolved} {total},{resolved}/{total} rozwiązano,{resolved}/{total} resolvido,{resolved}/{total} resolvido,{resolved}/{total} решено,{resolved}/{total} 已解决,{resolved}/{total} 已解決
webview,src/webviews/i18n/en.json,merge.status.hunk,,,Hunk {current}/{total},Webview merge/conflict count or merge-related UI.,{current} {total},,Hunk {current}/{total},Fragmento {current}/{total},Bloc {current}/{total},チャンク {current}/{total},청크 {current}/{total},Fragment {current}/{total},Bloco {current}/{total},Bloco {current}/{total},Фрагмент {current}/{total},变更块 {current}/{total},變更區塊 {current}/{total}
webview,src/webviews/i18n/en.json,merge.header.conflictsResolved,,,{resolved}/{total} conflicts resolved,Webview merge/conflict count or merge-related UI.,{resolved} {total},,{resolved}/{total} Konflikte gelöst,{resolved}/{total} conflictos resueltos,{resolved}/{total} conflits résolus,解決済み競合数：{resolved}/{total},해결된 충돌 수: {resolved}/{total},{resolved}/{total} rozwiązanych konfliktów,{resolved}/{total} conflitos resolvidos,{resolved}/{total} conflitos resolvidos,{resolved}/{total} конфликтов разрешено,{resolved}/{total} 个冲突已解决,{resolved}/{total} 個衝突已解決
webview,src/webviews/i18n/en.json,merge.pane.changesFrom,,,Changes from {label},Webview merge/conflict count or merge-related UI.,{label},,Änderungen gegenüber {label},Cambios desde {label},Modifications apportées par {label},{label}からの変更点,{label}에서 변경됨,Zmiany od {label},Alterações de {label},Alterações de {label},Изменения по сравнению с {label},来自 {label} 的更改,來自 {label} 的更改
webview,src/webviews/i18n/en.json,merge.pane.result,,,Result {path},Webview merge/conflict count or merge-related UI.,{path},,Ergebnis {path},Resultado {path},Résultat {path},結果 {path},결과 {path},Wynik {path},Resultado {path},Resultado {path},Результат {path},结果 {path},結果 {path}
webview,src/webviews/i18n/en.json,merge.footer.useFileOurs,,,Use File Ours,Webview merge/conflict count or merge-related UI.,,,Verwenden Sie unsere Datei,Usar archivo 'Ours',Utilisez le fichier Ours,自分側のファイルを使用,'Ours' 파일 사용,Użyj pliku Ours,Use o File Ours,Use o File Ours,Используйте наш файл,使用我们的文件,使用我方檔案
webview,src/webviews/i18n/en.json,merge.footer.useFileTheirs,,,Use File Theirs,Webview merge/conflict count or merge-related UI.,,,Verwenden Sie ihre Datei,Usar archivo 'Theirs',Utiliser le fichier Leurs,相手側のファイルを使用,그들의 파일을 사용하세요,Użyj pliku Ich,Use o arquivo deles,Utilizar Ficheiro 'Theirs',Используйте их файлы.,使用他们的文件,使用他方檔案
webview,src/webviews/i18n/en.json,merge.footer.hint,,,N/P navigate • Ctrl+←/Ctrl+→ take side • B both • X drop • Ctrl/Cmd+Enter apply,Webview merge/conflict count or merge-related UI.,,,Konflikte mit N/P umgehen • Strg/Cmd+Eingabe anwenden,N/P conflictos de navegación • Ctrl/Cmd+Enter aplicar,N/P pour naviguer entre les conflits • Ctrl/Cmd+Entrée pour appliquer,N/Pで競合をナビゲート • Ctrl/Cmd+Enterで適用,"N/P 키로 충돌을 해결하고, Ctrl/Cmd+Enter 키로 적용합니다.",N/P nawiguje w konfliktach • Zastosuj Ctrl/Cmd+Enter,N/P resolve conflitos • Ctrl/Cmd+Enter aplica,N/P resolve conflitos • Ctrl/Cmd+Enter aplica,N/P для навигации по конфликтам • Ctrl/Cmd+Enter для применения,N/P 解决冲突 • Ctrl/Cmd+Enter 应用,N/P 解決衝突 • Ctrl/Cmd+Enter 應用
webview,src/webviews/i18n/en.json,merge.footer.apply,,,Apply ({resolved}/{total}),Webview merge/conflict count or merge-related UI.,{resolved} {total},,Anwenden ({resolved}/{total}),Aplicar ({resolved}/{total}),Appliquer ({resolved}/{total}),適用（{resolved}/{total}）,({resolved}/{total})을 적용합니다.,Zastosuj ({resolved}/{total}),Aplicar ({resolved}/{total}),Aplicar ({resolved}/{total}),Применить ({resolved}/{total}),应用（{resolved}/{total}）,套用（{resolved}/{total}）
webview,src/webviews/i18n/en.json,merge.kind.leftOnly,,,Left only,Webview merge/conflict count or merge-related UI.,,,Nur links,Solo izquierda,Gauche uniquement,左のみ,왼쪽만,Tylko lewy,Apenas esquerda,Apenas esquerda,Только слева,仅左,僅左
webview,src/webviews/i18n/en.json,merge.kind.rightOnly,,,Right only,Webview merge/conflict count or merge-related UI.,,,Nur rechts,Solo derecha,Droite uniquement,右のみ,오른쪽만,Tylko w prawo,Apenas direita,Apenas direita,Только право,仅右侧,僅右側
webview,src/webviews/i18n/en.json,merge.kind.conflict,,,Conflict,Webview merge/conflict count or merge-related UI.,,,Konflikt,Conflicto,Conflit,競合,충돌,Konflikt,Conflito,Conflito,Конфликт,冲突,衝突
webview,src/webviews/i18n/en.json,merge.hunk.detail,,,L:{left} R:{right} Result: {result},Webview merge/conflict count or merge-related UI.,{left} {right} {result},,L:{left} R:{right} Ergebnis: {result},I:{left} D:{right} Resultado: {result},G:{left} D:{right} Résultat : {result},L:{left} R:{right} 結果: {result},L:{left} R:{right} 결과: {result},L:{left} R:{right} Wynik: {result},E:{left} D:{right} Resultado: {result},E:{left} D:{right} Resultado: {result},Л: {left} Р: {right} Результат: {result},左：{left} 右：{right} 结果：{result},左：{left} 右：{right} 結果：{result}
webview,src/webviews/i18n/en.json,merge.hunk.useLeft,,,Use left block,Webview merge/conflict count or merge-related UI.,,,Linken Block verwenden,Utilice el bloque izquierdo,Utilisez le bloc de gauche,左ブロックを使用する,왼쪽 블록을 사용하세요,Użyj lewego bloku,Use o bloco esquerdo,Use o bloco esquerdo,Используйте левый блок,使用左侧块,使用左側區塊
webview,src/webviews/i18n/en.json,merge.hunk.left,,,Left,Webview merge/conflict count or merge-related UI.,,,Links,Izquierda,Gauche,左,왼쪽,Lewy,Esquerda,Esquerda,Левый,左边,左邊
webview,src/webviews/i18n/en.json,merge.hunk.useBoth,,,Use both blocks,Webview merge/conflict count or merge-related UI.,,,Verwenden Sie beide Blöcke,Utilice ambos bloques,Utilisez les deux blocs,両方のブロックを使用する,두 블록을 모두 사용하세요,Użyj obu bloków,Use ambos os blocos,Use ambos os blocos,Используйте оба блока,使用两个块,使用兩個區塊
webview,src/webviews/i18n/en.json,merge.hunk.both,,,Both,Webview merge/conflict count or merge-related UI.,,,Beide,Ambos,Les deux,両方,둘 다,Obydwa,Ambos,Ambos,Оба,两个都,兩個都
webview,src/webviews/i18n/en.json,merge.hunk.useRight,,,Use right block,Webview merge/conflict count or merge-related UI.,,,Verwenden Sie den rechten Block,Utilice el bloque derecho,Utilisez le bloc de droite,右ブロックを使用する,오른쪽 블록을 사용하세요,Użyj prawego bloku,Use o bloco direito,Use o bloco direito,Используйте правый блок,使用右块,使用右塊
webview,src/webviews/i18n/en.json,merge.hunk.right,,,Right,Webview merge/conflict count or merge-related UI.,,,Rechts,Bien,Droite,右,오른쪽,Prawidłowy,Direita,Direita,Правый,右,右側
webview,src/webviews/i18n/en.json,merge.hunk.dropTitle,,,Remove this block from result,Webview merge/conflict count or merge-related UI.,,,Diesen Block aus dem Ergebnis entfernen,Eliminar este bloque del resultado,Supprimer ce bloc du résultat,結果からこのブロックを削除する,결과에서 이 블록을 제거하세요,Usuń ten blok z wyniku,Remova este bloco do resultado.,Remova este bloco do resultado.,Удалить этот блок из результатов,从结果中移除此块,從結果中移除此區塊
webview,src/webviews/i18n/en.json,merge.hunk.drop,,,Drop,Webview merge/conflict count or merge-related UI.,,,Verwerfen,Descartar,Supprimer,破棄,버리기,Odrzuć,Descartar,Descartar,Отбросить,丢弃,丟棄
webview,src/webviews/i18n/en.json,merge.hunk.ignoreLeft,,,Ignore left block,Webview merge/conflict count or merge-related UI.,,,Linken Block ignorieren,Ignorar el bloque izquierdo,Ignorer le bloc de gauche,左ブロックを無視する,왼쪽 블록은 무시하세요,Zignoruj ​​lewy blok,Ignore o bloco esquerdo,Ignore o bloco esquerdo,Игнорировать левый блок,忽略左侧方块,忽略左側區塊
webview,src/webviews/i18n/en.json,merge.hunk.acceptLeft,,,Accept left block,Webview merge/conflict count or merge-related UI.,,,Linken Block akzeptieren,Aceptar bloque izquierdo,Accepter le bloc de gauche,左ブロックを受け入れる,왼쪽 블록 수락,Zaakceptuj lewy blok,Aceitar bloco esquerdo,Aceitar bloco esquerdo,Принять левый блок,接受左侧块,接受左側區塊
webview,src/webviews/i18n/en.json,merge.hunk.acceptRight,,,Accept right block,Webview merge/conflict count or merge-related UI.,,,Rechten Block akzeptieren,Aceptar bloque derecho,Accepter le bloc droit,右ブロックを受け入れる,오른쪽 블록을 수락합니다,Zaakceptuj prawy blok,Aceitar bloco direito,Aceitar bloco direito,Принять правый блок,接受右侧块,接受右側方塊
webview,src/webviews/i18n/en.json,merge.hunk.ignoreRight,,,Ignore right block,Webview merge/conflict count or merge-related UI.,,,Rechten Block ignorieren,Ignorar bloque derecho,Ignorer le bloc de droite,右側のブロックを無視する,오른쪽 블록은 무시하세요,Zignoruj ​​prawy blok,Ignore o bloco direito,Ignore o bloco direito,Игнорировать правый блок,忽略右侧方块,忽略右側區塊
webview,src/webviews/i18n/en.json,merge.status.droppedLeftOnly,,,Dropped left-only change,Webview merge/conflict count or merge-related UI.,,,Änderung nur auf der linken Seite verworfen,Se eliminó el cambio solo a la izquierda,Suppression du changement uniquement à gauche,左側のみの変更を破棄しました,왼쪽 전용 변경 사항 제거됨,Usunięto zmianę tylko po lewej stronie,Alteração apenas da esquerda descartada,Alteração apenas da esquerda descartada,Отменено изменение только слева,已丢弃仅左侧的更改,已丟棄僅左側的變更
webview,src/webviews/i18n/en.json,merge.status.leftOnly,,,Left-only change,Webview merge/conflict count or merge-related UI.,,,Änderung nur links,Cambio solo a la izquierda,Changement uniquement à gauche,左側のみの変更,왼쪽 전용 변경 사항,Zmiana tylko po lewej stronie,Alteração apenas para a esquerda,Alteração apenas para a esquerda,Изменение только влево,仅左侧更改,僅左側變更
webview,src/webviews/i18n/en.json,merge.status.droppedRightOnly,,,Dropped right-only change,Webview merge/conflict count or merge-related UI.,,,Änderung nur rechts fallen gelassen,Se eliminó el cambio solo a la derecha,Modification de la droite uniquement abandonnée,右側のみの変更を破棄しました,오른쪽 전용 변경 사항 제거됨,Porzucono zmianę tylko po prawej stronie,Alteração apenas da direita descartada,Alteração apenas da direita descartada,Отменено изменение только справа,已丢弃仅右侧的更改,已丟棄僅右側的變更
webview,src/webviews/i18n/en.json,merge.status.rightOnly,,,Right-only change,Webview merge/conflict count or merge-related UI.,,,Änderung nur rechts,Cambio solo a la derecha,Modification à droite uniquement,右側のみの変更,오른쪽 전용 변경 사항,Zmiana tylko po prawej stronie,Alteração somente para a direita,Alteração somente para a direita,Изменение только справа,仅右侧更改,僅右側變更
webview,src/webviews/i18n/en.json,merge.status.unresolvedLabel,,,Unresolved,Webview merge/conflict count or merge-related UI.,,,Ungelöst,Irresoluto,Non résolu,未解決,미해결,Nie rozwiązany,Não resolvido,Não resolvido,Не решено,未解决,未解決
webview,src/webviews/i18n/en.json,merge.status.useLeft,,,Use left,Webview merge/conflict count or merge-related UI.,,,Links benutzen,Usar izquierda,Utilisez la gauche,左を使う,왼쪽을 사용하세요,Użyj lewej,Use a esquerda,Use a esquerda,Используйте левую сторону,使用左侧,使用左側
webview,src/webviews/i18n/en.json,merge.status.useRight,,,Use right,Webview merge/conflict count or merge-related UI.,,,Rechte Seite verwenden,Usar lado derecho,Utiliser la droite,右側を使用,오른쪽 사용,Użyj prawej strony,Usar direita,Utilizar direita,Использовать правую сторону,使用右侧,使用右側
webview,src/webviews/i18n/en.json,merge.status.useBoth,,,Use both,Webview merge/conflict count or merge-related UI.,,,Verwenden Sie beides,Utilice ambos,Utilisez les deux,両方使用する,둘 다 사용하세요,Użyj obu,Use ambos,Use ambos,Используйте оба варианта,两者兼备,兩者兼備
webview,src/webviews/i18n/en.json,merge.status.removeBlock,,,Remove block,Webview merge/conflict count or merge-related UI.,,,Block entfernen,Eliminar bloque,Supprimer le bloc,ブロックを削除,블록 제거,Usuń blok,Remover bloco,Remover bloco,Удалить блок,移除块,移除區塊
webview,src/webviews/i18n/en.json,merge.overview.label,,,Conflict overview,Webview merge/conflict count or merge-related UI.,,,Konfliktübersicht,Resumen del conflicto,Aperçu du conflit,競合の概要,분쟁 개요,Przegląd konfliktów,Visão geral do conflito,Visão geral do conflito,Обзор конфликта,冲突概述,衝突概述
webview,src/webviews/i18n/en.json,merge.error.load,,,Failed to load conflict data: {error},Webview merge/conflict count or merge-related UI.,{error},,Fehler beim Laden der Konfliktdaten: {error},Error al cargar los datos de conflicto: {error},Échec du chargement des données de conflit : {error},競合データの読み込みに失敗しました: {error},충돌 데이터 로드 실패: {error},Nie udało się załadować danych konfliktu: {error},Falha ao carregar dados de conflito: {error},Falha ao carregar dados de conflito: {error},Не удалось загрузить данные о конфликте: {error},加载冲突数据失败：{error},載入衝突資料失敗：{error}
webview,src/webviews/i18n/en.json,merge.error.retry,,,Retry,Webview merge/conflict count or merge-related UI.,,,Wiederholen,Rever,Réessayer,リトライ,다시 해 보다,Spróbować ponownie,Tentar novamente,Tentar novamente,Повторить попытку,重试,重試
webview,src/webviews/i18n/en.json,merge.loading,,,Loading conflict data…,Webview merge/conflict count or merge-related UI.,,,Konfliktdaten werden geladen…,Cargando datos de conflicto…,Chargement des données de conflit…,競合データを読み込んでいます…,충돌 데이터를 불러오는 중…,Ładowanie danych o konflikcie…,Carregando dados de conflito…,Carregando dados de conflito…,Загрузка данных о конфликтах…,正在加载冲突数据……,正在載入衝突資料…
webview,src/webviews/i18n/en.json,mergeSession.title,,,Conflicts,Webview React UI string.,,,Konflikte,Conflictos,Conflits,競合,충돌,Konflikty,Conflitos,Conflitos,Конфликты,冲突,衝突
webview,src/webviews/i18n/en.json,mergeSession.subtitle.pre,,,Merging branch ,Webview React UI string.,,branch,Merge von Branch ,Fusionando rama ,Fusion de la branche ,ブランチ ,브랜치 ,Łączenie gałęzi ,Mesclando branch ,A integrar o ramo ,Слияние ветки ,正在将分支 ,正在將分支 
webview,src/webviews/i18n/en.json,mergeSession.subtitle.mid,,, into branch ,Webview React UI string.,,branch, in Branch , en rama , dans la branche , をブランチ , 브랜치를 , do gałęzi , no branch , no ramo , в ветку , 合并到分支 , 合併到分支 
webview,src/webviews/i18n/en.json,mergeSession.subtitle.post,,,,Webview React UI string.,,,,,, にマージ中, 브랜치로 병합 중,,,,,,
webview,src/webviews/i18n/en.json,mergeSession.defaultSource,,,incoming branch,Webview React UI string.,,branch,eingehender Branch,rama entrante,branche entrante,受信側ブランチ,수신 브랜치,branch przychodzący,branch recebido,branch recebido,входящая ветка,传入分支,傳入分支
webview,src/webviews/i18n/en.json,mergeSession.defaultTarget,,,current branch,Webview React UI string.,,branch,aktueller Branch,rama actual,branche actuelle,現在のブランチ,현재 브랜치,bieżący branch,branch atual,branch atual,текущая ветка,当前分支,目前分支
webview,src/webviews/i18n/en.json,mergeSession.unresolvedFiles.one,one,de es fr pl pt-br pt-pt ru,{count} unresolved file,Webview React UI string.,{count},,{count} nicht aufgelöste Datei,{count} archivo sin resolver,{count} fichier non résolu,,,{count} nierozwiązany plik,{count} arquivo não resolvido,{count} arquivo não resolvido,{count} неразрешенный файл,,
webview,src/webviews/i18n/en.json,mergeSession.unresolvedFiles.other,other,de es fr ja ko pl pt-br pt-pt ru zh-cn zh-tw,{count} unresolved files,Webview React UI string.,{count},,{count} unaufgelöste Dateien,{count} archivos sin resolver,{count} fichiers non résolus,未解決のファイル数：{count},해결되지 않은 파일 {count}개,{count} nierozwiązanych plików,{count} arquivos não resolvidos,{count} arquivos não resolvidos,{count} неразрешенных файлов,{count} 个未解决的文件,{count} 個未解決的檔案
webview,src/webviews/i18n/en.json,mergeSession.col.name,,,Name,Webview React UI string.,,,Name,Nombre,Nom,名前,이름,Nazwa,Nome,Nome,Имя,文件名,檔名
webview,src/webviews/i18n/en.json,mergeSession.col.yours,,,Yours ({branch}),Webview React UI string.,{branch},branch,Ihr ({branch}),Atentamente ({branch}),Le vôtre ({branch}),自分側 ({branch}),내 쪽 ({branch}),Nasze ({branch}),Nosso ({branch}),Nosso ({branch}),Наша ({branch}),您的（{branch}）,您的（{branch}）
webview,src/webviews/i18n/en.json,mergeSession.col.theirs,,,Theirs ({branch}),Webview React UI string.,{branch},branch,Ihre ({branch}),Suyo ({branch}),Leur ({branch}),彼らの（{branch}）,상대 쪽 ({branch}),Ich ({branch}),Entrante ({branch}),Entrante ({branch}),Входящая ({branch}),他们的（{branch}）,他們的（{branch}）
webview,src/webviews/i18n/en.json,mergeSession.acceptYours,,,Accept Yours,Webview React UI string.,,,Eigene Änderung übernehmen,Aceptar cambios actuales,Accepter les modifications actuelles,現在の変更を採用,현재 변경 사항 적용,Zaakceptuj bieżące zmiany,Aceitar alterações atuais,Aceitar alterações atuais,Принять текущие изменения,接受当前更改,接受目前變更
webview,src/webviews/i18n/en.json,mergeSession.acceptTheirs,,,Accept Theirs,Webview React UI string.,,,Eingehende Änderung übernehmen,Aceptar cambios entrantes,Accepter les modifications entrantes,受信側の変更を採用,수신 변경 사항 적용,Zaakceptuj przychodzące zmiany,Aceitar alterações recebidas,Aceitar alterações recebidas,Принять входящие изменения,接受传入更改,接受傳入變更
webview,src/webviews/i18n/en.json,mergeSession.merge,,,Merge…,Webview React UI string.,,Merge,Mergen…,Fusionar…,Fusionner…,マージ…,병합…,Łączyć…,Mesclar…,Fusão…,Слияние…,合并…,合併…
webview,src/webviews/i18n/en.json,mergeSession.groupByDirectory,,,Group files by directory,Webview React UI string.,,,Dateien nach Verzeichnis gruppieren,Agrupar archivos por directorio,Grouper les fichiers par répertoire,ディレクトリごとにファイルをグループ化する,디렉토리별로 파일을 그룹화합니다.,Grupuj pliki według katalogu,Agrupe os arquivos por diretório.,Agrupe os arquivos por diretório.,Группируйте файлы по каталогам,按目录对文件进行分组,按目錄對文件進行分組
host,l10n/bundle.l10n.json,Copied revision {short}.,,,Copied revision {short}.,"Extension-host runtime prompt, progress, confirmation action, or notification.",{short},Git; commit; branch; rebase; merge; push; remote; HEAD,Kopierte Revision {short}.,Revisión copiada {short}.,Révision copiée {short}.,リビジョン {short} をコピーしました。,리비전 {short} 복사됨.,Skopiowano wersję {short}.,Revisão copiada {short}.,Revisão copiada {short}.,Скопированная редакция {short}.,复制修订版{short}。,複製修訂版{short}。
host,l10n/bundle.l10n.json,Patch,,,Patch,"Extension-host runtime prompt, progress, confirmation action, or notification.",,Git; commit; branch; rebase; merge; push; remote; HEAD,Patch,Parche,Correctif,パッチ,패치,Patch,Patch,Correção,Пластырь,补丁,補丁
host,l10n/bundle.l10n.json,Patch created: {fileName},,,Patch created: {fileName},"Extension-host runtime prompt, progress, confirmation action, or notification.",{fileName},Git; commit; branch; rebase; merge; push; remote; HEAD,Patch erstellt: {fileName},Parche creado: {fileName},Correctif créé : {fileName},パッチが作成されました: {fileName},패치가 생성되었습니다: {fileName},Utworzono łatkę: {fileName},Patch criado: {fileName},Patch criado: {fileName},Патч создан: {fileName},补丁已创建：{fileName},補丁已建立：{fileName}
host,l10n/bundle.l10n.json,Failed to create patch: {message},,,Failed to create patch: {message},"Extension-host runtime prompt, progress, confirmation action, or notification.",{message},Git; commit; branch; rebase; merge; push; remote; HEAD,Fehler beim Erstellen des Patches: {message},Error al crear el parche: {message},Échec de la création du correctif : {message},パッチの作成に失敗しました: {message},패치를 생성하는 데 실패했습니다: {message},Nie udało się utworzyć poprawki: {message},Falha ao criar o patch: {message},Falha ao criar o patch: {message},Не удалось создать патч: {message},创建补丁失败：{message},建立補丁失敗：{message}
host,l10n/bundle.l10n.json,Cherry-pick,,,Cherry-pick,"Extension-host runtime prompt, progress, confirmation action, or notification.",,Git; commit; branch; rebase; merge; push; remote; HEAD,Cherry-pick,Cherry-pick,Cherry-pick,チェリーピック,체리픽,Cherry-pick,Cherry-pick,Cherry-pick,Cherry-pick,Cherry-pick,揀選
host,l10n/bundle.l10n.json,Cherry-pick commit {short}?,,,Cherry-pick commit {short}?,"Extension-host runtime prompt, progress, confirmation action, or notification.",{short},Git; commit; branch; rebase; merge; push; remote; HEAD,Cherry-Pick-Commit {short}?,¿Seleccionar el commit {short}?,Commit Cherry-pick {short} ?,コミット {short} をチェリーピックしますか？,{short} 커밋을 체리픽하시겠습니까?,Wybrać commit {short}?,Selecionar commit {short}?,Selecionar commit {short}?,Выборочная фиксация {short}?,遴选提交 {short}？,遴選提交 {short}？
host,l10n/bundle.l10n.json,Cherry-picked {short}.,,,Cherry-picked {short}.,"Extension-host runtime prompt, progress, confirmation action, or notification.",{short},Git; commit; branch; rebase; merge; push; remote; HEAD,{short} per Cherry-pick übernommen.,{short} aplicado con cherry-pick.,{short} appliqué par cherry-pick.,{short} をチェリーピックしました。,{short} 체리픽 완료.,Zastosowano {short} przez cherry-pick.,{short} aplicado por cherry-pick.,{short} aplicado por cherry-pick.,{short} применён через cherry-pick.,已 Cherry-pick {short}。,已揀選 {short}。
host,l10n/bundle.l10n.json,Cherry-pick failed: {message},,,Cherry-pick failed: {message},"Extension-host runtime prompt, progress, confirmation action, or notification.",{message},Git; commit; branch; rebase; merge; push; remote; HEAD,Cherry-Pick fehlgeschlagen: {message},Error al seleccionar elementos específicos: {message},Échec de la sélection : {message},チェリーピックに失敗しました: {message},체리픽 실패: {message},Nie udało się wybrać opcji: {message},Falha na seleção de opções: {message},Falha na seleção de opções: {message},"Выбор варианта ""cherry-pick"" не удался: {message}",遴选失败：{message},遴選失敗：{message}
host,l10n/bundle.l10n.json,Checkout,,,Checkout,"Extension-host runtime prompt, progress, confirmation action, or notification.",,Git; commit; branch; rebase; merge; push; remote; HEAD,Checkout,Checkout,Checkout,チェックアウト,체크아웃,Checkout,Checkout,Checkout,Checkout,检出,簽出
host,l10n/bundle.l10n.json,Checkout commit {short}? This creates a detached HEAD state.,,,Checkout commit {short}? This creates a detached HEAD state.,"Extension-host runtime prompt, progress, confirmation action, or notification.",{short},Git; commit; branch; rebase; merge; push; remote; HEAD,Checkout-Commit {short}? Dadurch wird ein abgetrennter HEAD-Zustand erzeugt.,¿Consultar el commit {short}? Esto crea un estado HEAD separado.,Checkout le commit {short} ? Cela crée un état HEAD détaché.,コミット{short}をチェックアウトしますか？これにより、デタッチされたHEAD状態が作成されます。,체크아웃 커밋 {short}? 이렇게 하면 분리된 HEAD 상태가 생성됩니다.,Czy chcesz sprawdzić commit {short}? To tworzy odłączony stan HEAD.,Checkout commit {short}? Isso cria um estado HEAD desanexado.,Checkout commit {short}? Isso cria um estado HEAD desanexado.,Checkout commit {short}? Это создаёт состояние отсоединённого HEAD.,检出提交 {short}？这将使 HEAD 分离。,檢出提交 {short}？這將建立一個分離的 HEAD 狀態。
host,l10n/bundle.l10n.json,Checked out revision {short}.,,,Checked out revision {short}.,"Extension-host runtime prompt, progress, confirmation action, or notification.",{short},Git; commit; branch; rebase; merge; push; remote; HEAD,Revision {short} ausgecheckt.,Revisión revisada {short}.,Révision {short} extraite.,リビジョン {short} をチェックアウトしました。,리비전 {short} 체크아웃함.,Sprawdzono wersję {short}.,Revisão resumida. {short},Revisão resumida. {short},Проверена редакция {short}.,已检出修订版{short}。,已檢出修訂版{short}。
host,l10n/bundle.l10n.json,Checkout failed: {message},,,Checkout failed: {message},"Extension-host runtime prompt, progress, confirmation action, or notification.",{message},Git; commit; branch; rebase; merge; push; remote; HEAD,Checkout fehlgeschlagen: {message},Error al finalizar la compra: {message},Échec du checkout : {message},チェックアウトに失敗しました: {message},체크아웃 실패: {message},Przełączanie nie powiodło się: {message},Falha no checkout: {message},Falha no checkout: {message},Ошибка оформления заказа: {message},检出失败：{message},檢出失敗：{message}
host,l10n/bundle.l10n.json,Reset,,,Reset,"Extension-host runtime prompt, progress, confirmation action, or notification.",,Git; commit; branch; rebase; merge; push; remote; HEAD,Zurücksetzen,Reiniciar,Réinitialiser,リセット,재설정,Resetuj,Redefinir,Repor,Перезагрузить,重置,重置
host,l10n/bundle.l10n.json,Reset failed: {message},,,Reset failed: {message},"Extension-host runtime prompt, progress, confirmation action, or notification.",{message},Git; commit; branch; rebase; merge; push; remote; HEAD,Zurücksetzen fehlgeschlagen: {message},Error al reiniciar: {message},Échec de la réinitialisation : {message},リセットに失敗しました: {message},재설정 실패: {message},Resetowanie nie powiodło się: {message},Falha na reinicialização: {message},Falha na reinicialização: {message},Сброс не удался: {message},重置失败：{message},重置失敗：{message}
host,l10n/bundle.l10n.json,Move HEAD only; keep index and working tree.,,,Move HEAD only; keep index and working tree.,"Extension-host runtime prompt, progress, confirmation action, or notification.",,Git; commit; branch; rebase; merge; push; remote; HEAD,Nur HEAD verschieben; Index und Arbeitsbaum beibehalten.,Mover solo HEAD; conservar el índice y el árbol de trabajo.,Déplacer uniquement HEAD ; conserver l’index et l’arbre de travail.,HEAD のみ移動しインデックスと作業ツリーを保持します。,HEAD만 이동하고 인덱스와 작업 트리를 유지합니다.,Przesuń tylko HEAD; zachowaj indeks i drzewo robocze.,Mover apenas HEAD; manter o índice e a árvore de trabalho.,Mover apenas HEAD; manter o índice e a árvore de trabalho.,Переместить только HEAD; сохранить индекс и рабочее дерево.,仅移动 HEAD；保留索引和工作树。,僅移動 HEAD；保留索引與工作樹。
host,l10n/bundle.l10n.json,Reset index; keep working-tree changes.,,,Reset index; keep working-tree changes.,"Extension-host runtime prompt, progress, confirmation action, or notification.",,Git; commit; branch; rebase; merge; push; remote; HEAD,Index zurücksetzen; Änderungen im Arbeitsbaum beibehalten.,Restablecer el índice; conservar los cambios del árbol de trabajo.,Réinitialiser l’index ; conserver les modifications de l’arbre de travail.,インデックスをリセットし作業ツリーの変更を保持します。,인덱스를 재설정하고 작업 트리 변경 사항은 유지합니다.,Zresetuj indeks; zachowaj zmiany w drzewie roboczym.,Redefinir o índice; manter as alterações da árvore de trabalho.,Repor o índice; manter as alterações da árvore de trabalho.,Сбросить индекс; сохранить изменения в рабочем дереве.,重置索引；保留工作树更改。,重設索引；保留工作樹變更。
host,l10n/bundle.l10n.json,Discard index and working-tree changes.,,,Discard index and working-tree changes.,"Extension-host runtime prompt, progress, confirmation action, or notification.",,Git; commit; branch; rebase; merge; push; remote; HEAD,Index- und Arbeitsbaumänderungen verwerfen.,Descartar los cambios del índice y del árbol de trabajo.,Abandonner les modifications de l’index et de l’arbre de travail.,インデックスと作業ツリーの変更を破棄します。,인덱스와 작업 트리 변경 사항을 버립니다.,Odrzuć zmiany indeksu i drzewa roboczego.,Descartar alterações do índice e da árvore de trabalho.,Descartar alterações do índice e da árvore de trabalho.,Отбросить изменения индекса и рабочего дерева.,丢弃索引和工作树更改。,丟棄索引和工作樹變更。
host,l10n/bundle.l10n.json,Keep non-conflicting local changes.,,,Keep non-conflicting local changes.,"Extension-host runtime prompt, progress, confirmation action, or notification.",,Git; commit; branch; rebase; merge; push; remote; HEAD,Nicht konfliktierende lokale Änderungen beibehalten.,Conservar los cambios locales sin conflictos.,Conserver les modifications locales sans conflit.,競合しないローカル変更を保持します。,충돌하지 않는 로컬 변경 사항을 유지합니다.,Zachowaj niekolidujące lokalne zmiany.,Manter alterações locais sem conflito.,Manter alterações locais sem conflito.,Сохранить неконфликтующие локальные изменения.,保留无冲突的本地更改。,保留無衝突的本機變更。
host,l10n/bundle.l10n.json,Abort if affected files have local changes.,,,Abort if affected files have local changes.,"Extension-host runtime prompt, progress, confirmation action, or notification.",,Git; commit; branch; rebase; merge; push; remote; HEAD,Abbrechen wenn betroffene Dateien lokale Änderungen enthalten.,Cancelar si los archivos afectados tienen cambios locales.,Interrompre si les fichiers concernés comportent des modifications locales.,対象ファイルにローカル変更があれば中止します。,영향을 받는 파일에 로컬 변경 사항이 있으면 중단합니다.,Przerwij jeśli objęte pliki zawierają lokalne zmiany.,Interromper se os arquivos afetados tiverem alterações locais.,Interromper se os ficheiros afetados tiverem alterações locais.,Отменить если затронутые файлы содержат локальные изменения.,如果受影响的文件有本地更改则中止。,如果受影響的檔案有本機變更則中止。
host,l10n/bundle.l10n.json,soft,,,soft,"Extension-host runtime prompt, progress, confirmation action, or notification.",,Git; commit; branch; rebase; merge; push; remote; HEAD,weich,suave,souple,ソフト,소프트,miękki,suave,suave,мягкий,软重置,軟重設
host,l10n/bundle.l10n.json,mixed,,,mixed,"Extension-host runtime prompt, progress, confirmation action, or notification.",,Git; commit; branch; rebase; merge; push; remote; HEAD,gemischt,mixto,mixte,ミックス,혼합,mieszany,misto,misto,смешанный,混合重置,混合重設
host,l10n/bundle.l10n.json,hard,,,hard,"Extension-host runtime prompt, progress, confirmation action, or notification.",,Git; commit; branch; rebase; merge; push; remote; HEAD,hart,duro,dur,ハード,하드,twardy,rígido,rígido,жёсткий,硬重置,硬重設
host,l10n/bundle.l10n.json,merge,,,merge,"Extension-host runtime prompt, progress, confirmation action, or notification.",,Git; commit; branch; rebase; merge; push; remote; HEAD,Zusammenführen,combinación,fusion,マージ,병합,scalanie,mesclagem,combinação,слияние,合并重置,合併重設
host,l10n/bundle.l10n.json,keep,,,keep,"Extension-host runtime prompt, progress, confirmation action, or notification.",,Git; commit; branch; rebase; merge; push; remote; HEAD,Beibehalten,conservar,conservation,保持,유지,zachowanie,manter,preservação,сохранение,保留重置,保留重設
host,l10n/bundle.l10n.json,Revert,,,Revert,"Extension-host runtime prompt, progress, confirmation action, or notification.",,Git; commit; branch; rebase; merge; push; remote; HEAD,Revert,Revertir,Rétablir,元に戻す,되돌리기,Odwracać,Reverter,Reverter,Возвращаться,还原,還原
host,l10n/bundle.l10n.json,Revert commit {short}?,,,Revert commit {short}?,"Extension-host runtime prompt, progress, confirmation action, or notification.",{short},Git; commit; branch; rebase; merge; push; remote; HEAD,Commit {short} rückgängig machen?,¿Revertir commit {short}?,Annuler le commit {short} ?,コミット{short}を元に戻す？,{short} 커밋을 되돌리시겠습니까?,Cofnąć zatwierdzenie {short}?,Reverter commit {short}?,Reverter commit {short}?,Отменить коммит {short}?,是否还原提交 {short}？,是否還原提交 {short}？
host,l10n/bundle.l10n.json,Reverted {short}.,,,Reverted {short}.,"Extension-host runtime prompt, progress, confirmation action, or notification.",{short},Git; commit; branch; rebase; merge; push; remote; HEAD,Reverted {short}.,Revertido {short}.,Annulation {short}.,{short} を元に戻しました。,{short}으로 되돌려졌습니다.,Przywrócono {short}.,Revertido {short}.,Revertido {short}.,Отменено {short}.,已还原 {short}。,已還原 {short}。
host,l10n/bundle.l10n.json,Revert failed: {message},,,Revert failed: {message},"Extension-host runtime prompt, progress, confirmation action, or notification.",{message},Git; commit; branch; rebase; merge; push; remote; HEAD,Rückgängigmachen fehlgeschlagen: {message},Error al revertir: {message},Échec du revert : {message},元に戻す処理に失敗しました: {message},되돌리기 실패: {message},Nie udało się przywrócić: {message},Reversão falhou: {message},Reversão falhou: {message},Отмена не удалась: {message},还原失败：{message},還原失敗：{message}
host,l10n/bundle.l10n.json,Commit {short} is not in the current branch history.,,,Commit {short} is not in the current branch history.,"Extension-host runtime prompt, progress, confirmation action, or notification.",{short},Git; commit; branch; rebase; merge; push; remote; HEAD,Commit {short} befindet sich nicht im aktuellen Branchverlauf.,El commit {short} no se encuentra en el historial de la rama actual.,Le commit {short} n'est pas dans l'historique de la branche actuelle.,コミット {short} は現在のブランチの履歴に存在しません。,커밋 {short}는 현재 브랜치 기록에 없습니다.,Zatwierdzenie {short} nie znajduje się w historii bieżącej gałęzi.,O commit {short} não está no histórico do branch atual.,O commit {short} não está no histórico do branch atual.,Коммит {short} отсутствует в истории текущей ветки.,提交 {short} 不在当前分支历史记录中。,提交 {short} 不在目前分支歷史記錄中。
host,l10n/bundle.l10n.json,Could not resolve branch metadata for '{branch}'.,,,Could not resolve branch metadata for '{branch}'.,"Extension-host runtime prompt, progress, confirmation action, or notification.",{branch},Git; commit; branch; rebase; merge; push; remote; HEAD,Branch-Metadaten für '{branch}' konnten nicht aufgelöst werden.,No se pudieron resolver los metadatos de la rama '{branch}'.,Impossible de résoudre les métadonnées de branche pour '{branch}'.,'{branch}' のブランチメタデータを解決できませんでした。,'{branch}'에 대한 브랜치 메타데이터를 확인할 수 없습니다.,Nie można rozwiązać metadanych gałęzi dla '{branch}'.,Não foi possível resolver os metadados da ramificação para '{branch}'.,Não foi possível resolver os metadados da ramificação para '{branch}'.,Не удалось разрешить метаданные ветки для '{branch}'.,无法解析分支“{branch}”的元数据。,無法解析分支“{branch}”的元資料。
host,l10n/bundle.l10n.json,No remote configured for branch {branch}.,,,No remote configured for branch {branch}.,"Extension-host runtime prompt, progress, confirmation action, or notification.",{branch},Git; commit; branch; rebase; merge; push; remote; HEAD,Für Branch {branch} ist kein Remote konfiguriert.,No se ha configurado ningún control remoto para la rama {branch}.,Aucun serveur distant configuré pour la branche {branch}.,ブランチ{branch}にはリモートが設定されていません。,{branch} 브랜치에 구성된 원격 저장소가 없습니다.,Nie skonfigurowano zdalnego repozytorium dla gałęzi {branch}.,Nenhum servidor remoto configurado para a branch {branch}.,Nenhum servidor remoto configurado para a branch {branch}.,Для ветки {branch} не настроен удаленный репозиторий.,分支 {branch} 没有配置远程仓库。,分支 {branch} 沒有配置遠端倉庫。
host,l10n/bundle.l10n.json,Set Upstream and Push,,,Set Upstream and Push,"Extension-host runtime prompt, progress, confirmation action, or notification.",,Git; commit; branch; rebase; merge; push; remote; HEAD,Upstream setzen und pushen,Configurar upstream y enviar,Configurer en amont et pousser,アップストリームとプッシュを設定,업스트림 설정 및 푸시,Ustaw Upstream i prześlij,Configure o upstream e o push.,Configure o upstream e o push.,Настройте исходящий поток и отправьте.,设置上游并推送,設定上游並推送
host,l10n/bundle.l10n.json,Branch '{branch}' has no upstream. Set upstream to '{remote}/{remoteBranch}' and push commits up to {short}?,,,Branch '{branch}' has no upstream. Set upstream to '{remote}/{remoteBranch}' and push commits up to {short}?,"Extension-host runtime prompt, progress, confirmation action, or notification.",{branch} {remote} {remoteBranch} {short},Git; commit; branch; rebase; merge; push; remote; HEAD,Branch '{branch}' hat keinen Upstream. Upstream auf '{remote}/{remoteBranch}' setzen und Commits bis {short} pushen?,La rama '{branch}' no tiene rama ascendente. ¿Establecer la rama ascendente en '{remote}/{remoteBranch}' y enviar confirmaciones hasta {short}?,La branche '{branch}' n'a pas de branche amont. Définir la branche amont sur '{remote}/{remoteBranch}' et envoyer les commits vers {short} ?,ブランチ '{branch}' にはアップストリームがありません。アップストリームを '{remote}/{remoteBranch}' に設定し、コミットを {short} までプッシュしますか？,브랜치 '{branch}'에 업스트림이 없습니다. 업스트림을 '{remote}/{remoteBranch}'로 설정하고 커밋을 {short}까지 푸시하시겠습니까?,Gałąź „{branch}” nie ma nadrzędnego źródła. Ustawić nadrzędne źródło na „{remote}/{remoteBranch}” i przesłać zatwierdzenia do {short}?,O branch '{branch}' não possui um upstream. Defina o upstream como '{remote}/{remoteBranch}' e envie os commits para {short}?,O branch '{branch}' não possui um upstream. Defina o upstream como '{remote}/{remoteBranch}' e envie os commits para {short}?,У ветки '{branch}' нет вышестоящего репозитория. Установить вышестоящий репозиторий на '{remote}/{remoteBranch}' и отправить коммиты в {short}?,分支 '{branch}' 没有上游分支。是否将上游分支设置为 '{remote}/{remoteBranch}' 并将提交推送到 {short}？,分支 '{branch}' 沒有上游分支。是否將上游分支設定為 '{remote}/{remoteBranch}' 並將提交推送到 {short}？
host,l10n/bundle.l10n.json,Push,,,Push,"Extension-host runtime prompt, progress, confirmation action, or notification.",,Git; commit; branch; rebase; merge; push; remote; HEAD,Push,Push,Push,プッシュ,푸시,Push,Push,Push,Push,推送,推送
host,l10n/bundle.l10n.json,Push all commits up to {short} to {remote}/{remoteBranch}?,,,Push all commits up to {short} to {remote}/{remoteBranch}?,"Extension-host runtime prompt, progress, confirmation action, or notification.",{short} {remote} {remoteBranch},Git; commit; branch; rebase; merge; push; remote; HEAD,Alle Commits bis einschließlich {short} nach {remote}/{remoteBranch} pushen?,¿Enviar todos los commits hasta {short} a {remote}/{remoteBranch}?,Envoyer tous les commits jusqu'à {short} vers {remote}/{remoteBranch} ?,{short}までのすべてのコミットを{remote}/{remoteBranch}にプッシュしますか？,{short}까지의 모든 커밋을 {remote}/{remoteBranch}로 푸시하시겠습니까?,Wysłać wszystkie zatwierdzenia do {short} do {remote}/{remoteBranch}?,Enviar todos os commits até {short} para {remote}/{remoteBranch}?,Enviar todos os commits até {short} para {remote}/{remoteBranch}?,Отправить все коммиты до {short} в {remote}/{remoteBranch}?,将 {short} 之前的所有提交推送到 {remote}/{remoteBranch}？,將 {short} 之前的所有提交推送到 {remote}/{remoteBranch}？
host,l10n/bundle.l10n.json,Pushing commits up to {short}...,,,Pushing commits up to {short}...,"Extension-host runtime prompt, progress, confirmation action, or notification.",{short},Git; commit; branch; rebase; merge; push; remote; HEAD,Commits bis {short} werden gepusht...,Subiendo commits hasta {short}...,Envoi des commits jusqu'à {short}...,コミットを{short}までプッシュしています...,커밋을 {short}까지 푸시 중...,Wysyłanie zatwierdzeń do {short}...,Aumentando os commits para {short}...,Aumentando os commits para {short}...,Отправка коммитов в {short}...,正在向 {short} 推送提交...,正在向 {short} 推送提交...
host,l10n/bundle.l10n.json,Pushed commits up to {short}.,,,Pushed commits up to {short}.,"Extension-host runtime prompt, progress, confirmation action, or notification.",{short},Git; commit; branch; rebase; merge; push; remote; HEAD,Commits bis {short} gepusht.,Se han subido confirmaciones hasta {short}.,Commits poussés jusqu'à {short}.,コミットを{short}までプッシュしました。,커밋을 {short}까지 푸시했습니다.,Wypchnięto commity do {short}.,Commits enviados para {short}.,Commits enviados para {short}.,Коммиты отправлены до {short}.,已推送提交至 {short}。,已推送提交至 {short}。
host,l10n/bundle.l10n.json,New branch from {short},,,New branch from {short},"Extension-host runtime prompt, progress, confirmation action, or notification.",{short},Git; commit; branch; rebase; merge; push; remote; HEAD,Neuer Branch von {short},Nueva rama de {short},Nouvelle branche de {short},{short} からの新しいブランチ,{short}에서 새 분기가 생성되었습니다.,Nowa gałąź od {short},Nova ramificação de {short},Nova ramificação de {short},Новая ветка от {short},从 {short} 创建新分支,從 {short} 建立新分支
host,l10n/bundle.l10n.json,"Invalid branch name '{branch}'. Names must contain only alphanumeric characters, dots, dashes, underscores, or slashes, and must not start with a dash.",,,"Invalid branch name '{branch}'. Names must contain only alphanumeric characters, dots, dashes, underscores, or slashes, and must not start with a dash.","Extension-host runtime prompt, progress, confirmation action, or notification.",{branch},Git; commit; branch; rebase; merge; push; remote; HEAD,"Ungültiger Branchname '{branch}'. Namen dürfen nur alphanumerische Zeichen, Punkte, Bindestriche, Unterstriche oder Schrägstriche enthalten und dürfen nicht mit einem Bindestrich beginnen.","Nombre de rama no válido '{branch}'. Los nombres deben contener solo caracteres alfanuméricos, puntos, guiones, guiones bajos o barras, y no deben comenzar con un guion.","Nom de branche invalide : « {branch} ». Les noms doivent contenir uniquement des caractères alphanumériques, des points, des tirets, des traits de soulignement ou des barres obliques, et ne doivent pas commencer par un tiret.",無効なブランチ名「{branch}」です。名前には英数字、ドット、ハイフン、アンダースコア、スラッシュのみを使用でき、ハイフンで始めることはできません。,"잘못된 브랜치 이름 '{branch}'입니다. 이름은 영숫자, 마침표, 하이픈, 밑줄 또는 슬래시만 포함해야 하며 하이픈으로 시작할 수 없습니다.","Nieprawidłowa nazwa gałęzi „{branch}”. Nazwy mogą zawierać wyłącznie znaki alfanumeryczne, kropki, myślniki, podkreślenia lub ukośniki i nie mogą zaczynać się od myślnika.","Nome de branch inválido '{branch}'. Os nomes devem conter apenas caracteres alfanuméricos, pontos, hífens, sublinhados ou barras, e não devem começar com um hífen.","Nome de branch inválido '{branch}'. Os nomes devem conter apenas caracteres alfanuméricos, pontos, hífens, sublinhados ou barras, e não devem começar com um hífen.","Недопустимое название ветки '{branch}'. Названия должны содержать только буквенно-цифровые символы, точки, тире, подчеркивания или косые черты и не должны начинаться с тире.",分支名称“{branch}”无效。名称只能包含字母数字字符、点号、破折号、下划线或斜杠，且不能以破折号开头。,分支名稱“{branch}”無效。名稱只能包含字母數字字元、點號、破折號、底線或斜杠，且不能以破折號開頭。
host,l10n/bundle.l10n.json,Created branch {branch} at {short}.,,,Created branch {branch} at {short}.,"Extension-host runtime prompt, progress, confirmation action, or notification.",{branch} {short},Git; commit; branch; rebase; merge; push; remote; HEAD,Branch {branch} bei {short} erstellt.,Rama creada {branch} en {short}.,Création de la branche {branch} à {short}.,{short} にブランチ {branch} を作成しました。,{short}에 브랜치 {branch}을(를) 생성했습니다.,Utworzono gałąź {branch} w {short}.,Criada a ramificação {branch} em {short}.,Criada a ramificação {branch} em {short}.,Создана ветка {branch} в {short}.,已在 {short} 处创建分支 {branch}。,已在 {short} 處建立分支 {branch}。
host,l10n/bundle.l10n.json,Failed to create branch: {message},,,Failed to create branch: {message},"Extension-host runtime prompt, progress, confirmation action, or notification.",{message},Git; commit; branch; rebase; merge; push; remote; HEAD,Branch konnte nicht erstellt werden: {message},Error al crear la rama: {message},Échec de la création de la branche : {message},ブランチの作成に失敗しました: {message},브랜치 생성에 실패했습니다: {message},Nie udało się utworzyć gałęzi: {message},Falha ao criar a ramificação: {message},Falha ao criar a ramificação: {message},Не удалось создать ветку: {message},创建分支失败：{message},建立分支失敗：{message}
host,l10n/bundle.l10n.json,New tag at {short},,,New tag at {short},"Extension-host runtime prompt, progress, confirmation action, or notification.",{short},Git; commit; branch; rebase; merge; push; remote; HEAD,Neuer Tag bei {short},Nueva etiqueta en {short},Nouvelle étiquette à {short},{short} に新しいタグが追加されました,{short}에 새 태그가 추가되었습니다.,Nowy tag w {short},Nova etiqueta em {short},Nova etiqueta em {short},Новый тег в {short},在 {short} 处添加新标签,在 {short} 處新增標籤
host,l10n/bundle.l10n.json,Invalid tag name '{tag}'. Tag names must be valid git ref names.,,,Invalid tag name '{tag}'. Tag names must be valid git ref names.,"Extension-host runtime prompt, progress, confirmation action, or notification.",{tag},Git; commit; branch; rebase; merge; push; remote; HEAD,Ungültiger Tag-Name '{tag}'. Tag-Namen müssen gültige Git-Referenznamen sein.,Nombre de etiqueta no válido '{tag}'. Los nombres de las etiquetas deben ser nombres de referencia de Git válidos.,Nom de balise invalide : « {tag} ». Les noms de balises doivent être des références Git valides.,無効なタグ名「{tag}」です。タグ名は有効なGit参照名である必要があります。,'{tag}'는 유효하지 않은 태그 이름입니다. 태그 이름은 유효한 Git 참조 이름이어야 합니다.,Nieprawidłowa nazwa tagu „{tag}”. Nazwy tagów muszą być prawidłowymi nazwami referencyjnymi Git.,Nome de tag inválido: '{tag}'. Os nomes de tags devem ser nomes de referência git válidos.,Nome de tag inválido: '{tag}'. Os nomes de tags devem ser nomes de referência git válidos.,Недопустимое имя тега '{tag}'. Имена тегов должны быть допустимыми именами ссылок Git.,标签名称“{tag}”无效。标签名称必须是有效的 Git 引用名称。,標籤名稱“{tag}”無效。標籤名稱必須是有效的 Git 引用名稱。
host,l10n/bundle.l10n.json,Created tag {tag}.,,,Created tag {tag}.,"Extension-host runtime prompt, progress, confirmation action, or notification.",{tag},Git; commit; branch; rebase; merge; push; remote; HEAD,Tag {tag} erstellt.,Etiqueta creada {tag}.,Étiquette créée {tag}.,タグ{tag}を作成しました。,태그 {tag}를 생성했습니다.,Utworzono tag {tag}.,Etiqueta criada: {tag}.,Etiqueta criada: {tag}.,Создан тег {tag}.,创建标签 {tag}。,建立標籤 {tag}。
host,l10n/bundle.l10n.json,Failed to create tag: {message},,,Failed to create tag: {message},"Extension-host runtime prompt, progress, confirmation action, or notification.",{message},Git; commit; branch; rebase; merge; push; remote; HEAD,Tag konnte nicht erstellt werden: {message},Error al crear la etiqueta: {message},Impossible de créer l'étiquette : {message},タグの作成に失敗しました: {message},태그 생성 실패: {message},Nie udało się utworzyć tagu: {message},Falha ao criar a tag: {message},Falha ao criar a tag: {message},Не удалось создать тег: {message},创建标签失败：{message},建立標籤失敗：{message}
host,l10n/bundle.l10n.json,Undo,,,Undo,"Extension-host runtime prompt, progress, confirmation action, or notification.",,Git; commit; branch; rebase; merge; push; remote; HEAD,Rückgängig machen,Deshacer,Défaire,元に戻す,실행 취소,Anulować,Desfazer,Desfazer,Отменить,撤销,撤銷
host,l10n/bundle.l10n.json,Undo {count} commit(s) up to {short} (soft reset)?,,,Undo {count} commit(s) up to {short} (soft reset)?,"Extension-host runtime prompt, progress, confirmation action, or notification.",{count} {short},Git; commit; branch; rebase; merge; push; remote; HEAD,{count} Commits bis zu {short} rückgängig machen (Soft Reset)?,¿Deshacer {count} commit(s) hasta {short} (reinicio suave)?,Annuler {count} commit(s) jusqu'à {short} (réinitialisation logicielle) ?,{count}件のコミットを{short}まで取り消します（ソフトリセット）？,{count}번의 커밋을 {short}번까지 취소하시겠습니까(소프트 리셋)?,Cofnąć {count} zatwierdzeń do {short} (miękki reset)?,Desfazer {count} commits até {short} (soft reset)?,Desfazer {count} commits até {short} (reinicialização suave)?,Отменить {count} подтверждений до {short} (мягкий сброс)?,撤销 {count} 次提交，最多至 {short}（软重置）？,撤銷 {count} 次提交，最多至 {short}（軟重設）？
host,l10n/bundle.l10n.json,Undid {count} commit(s) up to {short}.,,,Undid {count} commit(s) up to {short}.,"Extension-host runtime prompt, progress, confirmation action, or notification.",{count} {short},Git; commit; branch; rebase; merge; push; remote; HEAD,{count} Commits bis einschließlich {short} rückgängig gemacht.,Se deshicieron {count} commit(s) hasta {short}.,Annulation de {count} commit(s) jusqu'à {short}.,{count}件までの{short}件のコミットを取り消しました。,{count}개의 커밋을 {short}까지 취소했습니다.,Cofnięto {count} zatwierdzeń do {short}.,Desfez {count} commit(s) até {short}.,Desfez {count} commit(s) até {short}.,Отменено {count} коммитов до {short}.,撤销了 {count} 次提交，最多撤销了 {short} 次。,撤銷了 {count} 次提交，最多撤銷了 {short} 次。
host,l10n/bundle.l10n.json,Squashed commit message for {count} commits,,,Squashed commit message for {count} commits,"Extension-host runtime prompt, progress, confirmation action, or notification.",{count},Git; commit; branch; rebase; merge; push; remote; HEAD,Zusammengefasste Commit-Nachricht für {count} Commits,Mensaje de confirmación comprimido para {count} confirmaciones,Message de commit compressé pour {count} commits,{count}件のコミットのコミットメッセージが圧縮されました,{count} 커밋에 대한 커밋 메시지를 압축했습니다.,Zredukowana wiadomość zatwierdzenia dla {count} zatwierdzeń,Mensagem de commit compactada para {count} commits,Mensagem de commit compactada para {count} commits,Сжатое сообщение коммита для {count} коммитов,合并了 {count} 次提交的提交信息,合併了 {count} 次提交的提交信息
host,l10n/bundle.l10n.json,Squash {count} commits,,,Squash {count} commits,"Extension-host runtime prompt, progress, confirmation action, or notification.",{count},Git; commit; branch; rebase; merge; push; remote; HEAD,Squash {count} Commits,Hacer squash de {count} commits,Squasher {count} commits,{count}件のコミットをまとめる,스쿼시 {count} 커밋,Scal {count} commitów metodą squash,Comprometa {count} commits,Comprometa {count} commits,Сжать {count} коммитов,合并 {count} 个提交,合併 {count} 個提交
host,l10n/bundle.l10n.json,Squash,,,Squash,"Extension-host runtime prompt, progress, confirmation action, or notification.",,Git; commit; branch; rebase; merge; push; remote; HEAD,Squash,Squash,Squash,Squash,스쿼시,Squash,Squash,Squash,Squash,压缩,壓縮
host,l10n/bundle.l10n.json,Squash {count} commits from {short} through HEAD into one commit?,,,Squash {count} commits from {short} through HEAD into one commit?,"Extension-host runtime prompt, progress, confirmation action, or notification.",{count} {short},Git; commit; branch; rebase; merge; push; remote; HEAD,{count} Commits von {short} bis HEAD zu einem einzigen Commit zusammenfassen?,¿Hacer squash de {count} commits desde {short} hasta HEAD en un solo commit?,Squasher {count} commits de {short} à HEAD en un seul commit ?,{short} から HEAD までの {count} 件のコミットを 1 つにまとめますか？,{short}부터 HEAD까지의 {count}개 커밋을 하나의 커밋으로 합치시겠습니까?,Scalić {count} commitów od {short} do HEAD w jeden commit?,Fazer squash de {count} commits de {short} até HEAD em um único commit?,Fazer squash de {count} commits de {short} até HEAD num único commit?,Объединить {count} коммитов от {short} до HEAD в один коммит?,将从 {short} 到 HEAD 的 {count} 个提交合并为一个提交？,將從 {short} 到 HEAD 的 {count} 個提交合併為一個提交？
host,l10n/bundle.l10n.json,Squashing {count} commits...,,,Squashing {count} commits...,"Extension-host runtime prompt, progress, confirmation action, or notification.",{count},Git; commit; branch; rebase; merge; push; remote; HEAD,Squash von {count} Commits...,Haciendo squash de {count} commits...,Squash de {count} commits...,{count}件のコミットをSquash中...,{count}개 커밋 스쿼시 중...,Scalanie {count} commitów metodą squash...,Fazendo squash de {count} commits...,A fazer squash de {count} commits...,Squash {count} коммитов...,正在压缩 {count} 个提交……,正在壓縮 {count} 個提交...
host,l10n/bundle.l10n.json,Squashed {count} commits into one commit.,,,Squashed {count} commits into one commit.,"Extension-host runtime prompt, progress, confirmation action, or notification.",{count},Git; commit; branch; rebase; merge; push; remote; HEAD,{count} Commits wurden zu einem einzigen Commit zusammengefasst.,Se agruparon {count} confirmaciones en una sola confirmación.,Compression de {count} commits en un seul commit.,{count} 件のコミットを 1 つのコミットに圧縮しました。,{count}개의 커밋을 하나의 커밋으로 압축했습니다.,Scalono {count} commitów w jeden commit.,Compactou {count} commits em um único commit.,Compactou {count} commits em um único commit.,Сжато {count} коммитов в один коммит.,已将 {count} 个提交压缩为一个提交。,已將 {count} 個提交壓縮為一個提交。
host,l10n/bundle.l10n.json,{message}; rollback to {head} failed: {rollbackMessage},,,{message}; rollback to {head} failed: {rollbackMessage},"Extension-host runtime prompt, progress, confirmation action, or notification.",{message} {head} {rollbackMessage},Git; commit; branch; rebase; merge; push; remote; HEAD,{message}; Rollback zu {head} fehlgeschlagen: {rollbackMessage},{message}; la reversión a {head} falló: {rollbackMessage},{message}; le retour à {head} a échoué : {rollbackMessage},{message}; {head}へのロールバックに失敗しました: {rollbackMessage},{message}; {head}로 롤백 실패: {rollbackMessage},{message}; wycofanie do {head} nie powiodło się: {rollbackMessage},{message}; o rollback para {head} falhou: {rollbackMessage},{message}; o rollback para {head} falhou: {rollbackMessage},{message}; откат к {head} не удался: {rollbackMessage},{message}；回滚到 {head} 失败：{rollbackMessage},{message}；回滾到 {head} 失敗：{rollbackMessage}
host,l10n/bundle.l10n.json,Squash Commits failed: {message},,,Squash Commits failed: {message},"Extension-host runtime prompt, progress, confirmation action, or notification.",{message},Git; commit; branch; rebase; merge; push; remote; HEAD,Squash-Commits fehlgeschlagen: {message},Error en Squash Commits: {message},Échec des commits Squash : {message},コミットの統合に失敗しました: {message},스쿼시 커밋 실패: {message},Nieudane zatwierdzenia Squash: {message},Falha no Squash Commits: {message},Falha ao confirmar o squash: {message},Не удалось выполнить фиксацию изменений в Squash: {message},压缩提交失败：{message},壓縮提交失敗：{message}
host,l10n/bundle.l10n.json,Drop,,,Drop,"Extension-host runtime prompt, progress, confirmation action, or notification.",,Git; commit; branch; rebase; merge; push; remote; HEAD,Verwerfen,Descartar,Supprimer,破棄,버리기,Odrzuć,Descartar,Descartar,Отбросить,丢弃,丟棄
host,l10n/bundle.l10n.json,Drop commit {short} from current branch history?,,,Drop commit {short} from current branch history?,"Extension-host runtime prompt, progress, confirmation action, or notification.",{short},Git; commit; branch; rebase; merge; push; remote; HEAD,Commit {short} aus der aktuellen Branch-Historie verwerfen?,¿Eliminar el commit {short} del historial de la rama actual?,Supprimer le commit {short} de l'historique de la branche actuelle ?,現在のブランチ履歴からコミット{short}を削除しますか？,현재 브랜치 기록에서 {short} 커밋을 제거하시겠습니까?,Porzucić commit {short} z historii bieżącej gałęzi?,Remover commit {short} do histórico do branch atual?,Remover commit {short} do histórico do branch atual?,Удалить коммит {short} из истории текущей ветки?,从当前分支历史记录中删除提交 {short}？,從目前分支歷史記錄中丟棄提交 {short}？
host,l10n/bundle.l10n.json,Dropped {short} from history.,,,Dropped {short} from history.,"Extension-host runtime prompt, progress, confirmation action, or notification.",{short},Git; commit; branch; rebase; merge; push; remote; HEAD,{short} aus dem Verlauf verworfen.,Eliminado {short} del historial.,Supprimé {short} de l'historique.,履歴から削除されました。 {short},히스토리에서 {short} 제거됨.,Usunięte z historii. {short},{short} descartado do histórico.,Removido da história. {short},Выпал из истории. {short},从历史中剔除 {short}。,已從歷史記錄中丟棄 {short}。
host,l10n/bundle.l10n.json,Failed to drop commit: {message}. Run 'git rebase --abort' to recover.,,,Failed to drop commit: {message}. Run 'git rebase --abort' to recover.,"Extension-host runtime prompt, progress, confirmation action, or notification.",{message},Git; commit; branch; rebase; merge; push; remote; HEAD,"Fehler beim Löschen des Commits: {message}. Führen Sie 'git rebase --abort' aus, um den Vorgang abzubrechen.",No se pudo eliminar la confirmación: {message}. Ejecute 'git rebase --abort' para recuperarse.,Échec de la suppression du commit : {message}. Exécutez « git rebase --abort » pour récupérer.,コミットの削除に失敗しました: {message}。「git rebase --abort」を実行して復旧してください。,커밋을 삭제하는 데 실패했습니다: {message}. 복구하려면 'git rebase --abort'를 실행하세요.,"Nie udało się usunąć zatwierdzenia: {message}. Uruchom „git rebase --abort”, aby odzyskać.",Falha ao descartar o commit: {message}. Execute 'git rebase --abort' para recuperar.,Falha ao descartar o commit: {message}. Execute 'git rebase --abort' para recuperar.,Не удалось удалить коммит: {message}. Для восстановления выполните команду 'git rebase --abort'.,删除提交失败：{message}。运行“git rebase --abort”以恢复。,刪除提交失敗：{message}。運行“git rebase --abort”以恢復。
host,l10n/bundle.l10n.json,Opened interactive rebase from {short}.,,,Opened interactive rebase from {short}.,"Extension-host runtime prompt, progress, confirmation action, or notification.",{short},Git; commit; branch; rebase; merge; push; remote; HEAD,Interaktives Rebase von {short} geöffnet.,Se abrió una rebase interactiva desde {short}.,Ouverture d'un rebase interactif à partir de {short}.,{short} からインタラクティブなリベースを開きました。,{short}에서 인터랙티브 리베이스를 열었습니다.,Otwarto interaktywne rebase z {short}.,Rebase interativo aberto a partir de {short}.,Rebase interativo aberto a partir de {short}.,Открыта интерактивная перебазировка из {short}.,从 {short} 打开交互式 rebase。,從 {short} 開啟互動式 rebase。
host,l10n/bundle.l10n.json,Checked out {branch},,,Checked out {branch},"Extension-host runtime prompt, progress, confirmation action, or notification.",{branch},Git; commit; branch; rebase; merge; push; remote; HEAD,{branch} ausgecheckt,Examinado {branch},{branch} extrait,{branch} をチェックアウトしました。,{branch}에서 체크아웃했습니다.,Przełączono na {branch},Checkout de {branch} realizado,Verifiquei {branch},Проверено в {branch},已检出 {branch},已檢出 {branch}
host,l10n/bundle.l10n.json,New branch from {branch},,,New branch from {branch},"Extension-host runtime prompt, progress, confirmation action, or notification.",{branch},Git; commit; branch; rebase; merge; push; remote; HEAD,Neuer Branch von {branch},Nueva rama desde {branch},Nouvelle branche à partir de {branch},{branch} から新しいブランチができました。,{branch}에서 새 분기가 생성되었습니다.,Nowa gałąź z {branch},Nova ramificação de {branch},Nova ramificação de {branch},Новая ветка от {branch},从 {branch} 创建新分支,從 {branch} 建立新分支
host,l10n/bundle.l10n.json,Created and checked out {branch},,,Created and checked out {branch},"Extension-host runtime prompt, progress, confirmation action, or notification.",{branch},Git; commit; branch; rebase; merge; push; remote; HEAD,{branch} erstellt und ausgecheckt,Creado y revisado {branch},Créé et extrait {branch},{branch} を作成してチェックアウトしました,{branch}를 생성하고 체크아웃했습니다.,Utworzono i przełączono na {branch},Criado e checkout de {branch} realizado,Criado e verificado {branch},Создана и проверена ветка {branch},创建并检出了 {branch},創建並檢出了 {branch}
host,l10n/bundle.l10n.json,{branch} is already the current branch.,,,{branch} is already the current branch.,"Extension-host runtime prompt, progress, confirmation action, or notification.",{branch},Git; commit; branch; rebase; merge; push; remote; HEAD,{branch} ist bereits der aktuelle Branch.,{branch} ya es la rama actual.,{branch} est déjà la branche actuelle.,{branch} は既に現在のブランチです。,{branch}는 이미 현재 브랜치입니다.,{branch} jest już gałęzią bieżącą.,{branch} já é o branch atual.,{branch} já é o branch atual.,{branch} уже является текущей веткой.,{branch} 已经是当前分支。,{branch} 已經是目前分支。
host,l10n/bundle.l10n.json,Checked out {branch} and rebased onto {onto},,,Checked out {branch} and rebased onto {onto},"Extension-host runtime prompt, progress, confirmation action, or notification.",{branch} {onto},Git; commit; branch; rebase; merge; push; remote; HEAD,{branch} ausgecheckt und auf {onto} rebased,Se ha realizado un checkout de {branch} y se ha rebasado en {onto}.,J'ai extrait {branch} et rebasé sur {onto},{branch} をチェックアウトし、{onto} にリベースしました。,{branch}를 체크아웃하고 {onto}로 리베이스했습니다.,Wyewidencjonowano {branch} i ponownie oparto na {onto},Verifiquei {branch} e rebaseei em {onto},Verifiquei {branch} e rebaseei em {onto},Проверил ветку {branch} и перебазировал на ветку {onto}.,检出 {branch} 并变基到 {onto}。,檢出 {branch} 並變基到 {onto}。
host,l10n/bundle.l10n.json,Checkout and rebase failed: {message},,,Checkout and rebase failed: {message},"Extension-host runtime prompt, progress, confirmation action, or notification.",{message},Git; commit; branch; rebase; merge; push; remote; HEAD,Checkout und Rebase fehlgeschlagen: {message},Error al realizar el checkout y el rebase: {message},L'extraction et le rebasage ont échoué : {message},チェックアウトとリベースに失敗しました: {message},체크아웃 및 리베이스 실패: {message},Wyewidencjonowanie i ponowne bazowanie nie powiodło się: {message},Falha no checkout e rebase: {message},Falha no checkout e rebase: {message},Ошибка при оформлении заказа и перебазировании: {message},检出和变基失败：{message},檢出和變基失敗：{message}
host,l10n/bundle.l10n.json,Rebase,,,Rebase,"Extension-host runtime prompt, progress, confirmation action, or notification.",,Git; commit; branch; rebase; merge; push; remote; HEAD,Rebase,Rebase,Rebase,リベース,리베이스,Rebase,Rebase,Rebase,Ребаза,变基,變基
host,l10n/bundle.l10n.json,Rebase current branch onto {branch}?,,,Rebase current branch onto {branch}?,"Extension-host runtime prompt, progress, confirmation action, or notification.",{branch},Git; commit; branch; rebase; merge; push; remote; HEAD,Aktuellen Branch auf {branch} rebasen?,¿Rebasar la rama actual sobre {branch}?,Rebaser la branche actuelle sur {branch} ?,現在のブランチを{branch}にリベースしますか？,현재 브랜치를 {branch}로 리베이스하시겠습니까?,Czy zmienić bazę bieżącej gałęzi na {branch}?,Rebasear o branch atual em {branch}?,Rebasear o branch atual em {branch}?,Перебазировать текущую ветку на {branch}?,将当前分支变基到 {branch}？,將目前分支變基到 {branch}？
host,l10n/bundle.l10n.json,Rebased onto {branch},,,Rebased onto {branch},"Extension-host runtime prompt, progress, confirmation action, or notification.",{branch},Git; commit; branch; rebase; merge; push; remote; HEAD,Rebased auf {branch},Rebasado en {branch},Rebasé sur {branch},{branch}にリベースしました,{branch}로 리베이스됨,Ponownie bazowane na {branch},Rebaseado em {branch},Rebaseado em {branch},Перенесено на {branch},已变基到 {branch},已變基到 {branch}
host,l10n/bundle.l10n.json,Rebase failed: {message},,,Rebase failed: {message},"Extension-host runtime prompt, progress, confirmation action, or notification.",{message},Git; commit; branch; rebase; merge; push; remote; HEAD,Rebase fehlgeschlagen: {message},Error al rebasar: {message},Échec du rebasage : {message},リベースに失敗しました: {message},리베이스 실패: {message},Nie udało się ponownie bazować: {message},Falha na rebase: {message},Falha na rebase: {message},Ошибка перебазирования: {message},变基失败：{message},變基失敗：{message}
host,l10n/bundle.l10n.json,Merge,,,Merge,"Extension-host runtime prompt, progress, confirmation action, or notification.",,Git; commit; branch; rebase; merge; push; remote; HEAD,Verschmelzen,Unir,Fusionner,マージ,병합,Łączyć,Fusão,Fusão,Слияние,合并,合併
host,l10n/bundle.l10n.json,Merge {branch} into current branch?,,,Merge {branch} into current branch?,"Extension-host runtime prompt, progress, confirmation action, or notification.",{branch},Git; commit; branch; rebase; merge; push; remote; HEAD,{branch} in den aktuellen Branch mergen?,¿Fusionar {branch} en la rama actual?,Fusionner {branch} dans la branche actuelle ?,{branch}を現在のブランチにマージしますか？,{branch}를 현재 브랜치에 병합하시겠습니까?,Czy scalić {branch} z bieżącą gałęzią?,Mesclar {branch} na branch atual?,Mesclar {branch} na branch atual?,Объединить {branch} с текущей веткой?,将 {branch} 合并到当前分支？,將 {branch} 合併到目前分支？
host,l10n/bundle.l10n.json,Merged {branch},,,Merged {branch},"Extension-host runtime prompt, progress, confirmation action, or notification.",{branch},Git; commit; branch; rebase; merge; push; remote; HEAD,Zusammengeführt {branch},Fusionado {branch},Fusion de {branch},マージされた {branch},{branch} 병합됨,Scalono {branch},Ramificação mesclada {branch},Ramificação mesclada {branch},Объединена {branch},合并 {branch},合併 {branch}
host,l10n/bundle.l10n.json,Merge produced {count} unresolved conflict file(s). Opened Conflicts session.,,,Merge produced {count} unresolved conflict file(s). Opened Conflicts session.,"Extension-host runtime prompt, progress, confirmation action, or notification.",{count},Git; commit; branch; rebase; merge; push; remote; HEAD,Beim Zusammenführen wurden {count} ungelöste Konfliktdateien erzeugt. Die Konfliktsitzung wurde geöffnet.,La fusión generó {count} archivos de conflicto sin resolver. Se abrió la sesión de Conflictos.,La fusion a produit {count} fichiers de conflit non résolus. Session Conflits ouverte.,マージによって{count}個の未解決の競合ファイルが生成されました。競合セッションを開きました。,병합 과정에서 해결되지 않은 충돌 파일이 {count}개 발생했습니다. 충돌 해결 세션을 열었습니다.,Scalenie wygenerowało {count} nierozwiązanych plików konfliktu. Otwarto sesję Konfliktów.,A mesclagem gerou {count} arquivos de conflito não resolvidos. Sessão de conflitos aberta.,A mesclagem gerou {count} arquivos de conflito não resolvidos. Sessão de conflitos aberta.,В результате слияния образовалось {count} неразрешенных конфликтных файлов. Открыта сессия «Конфликты».,合并操作产生了 {count} 个未解决的冲突文件。已打开冲突会话。,合併操作產生了 {count} 個未解決的衝突檔案。已開啟衝突會話。
host,l10n/bundle.l10n.json,Merge failed: {message},,,Merge failed: {message},"Extension-host runtime prompt, progress, confirmation action, or notification.",{message},Git; commit; branch; rebase; merge; push; remote; HEAD,Zusammenführung fehlgeschlagen: {message},Error al combinar: {message},Échec de la fusion : {message},マージに失敗しました: {message},병합 실패: {message},Scalenie nie powiodło się: {message},A mesclagem falhou: {message},A mesclagem falhou: {message},Слияние не удалось: {message},合并失败：{message},合併失敗：{message}
host,l10n/bundle.l10n.json,Updating {branch}...,,,Updating {branch}...,"Extension-host runtime prompt, progress, confirmation action, or notification.",{branch},Git; commit; branch; rebase; merge; push; remote; HEAD,Aktualisiere {branch}...,Actualizando {branch}...,Mise à jour de {branch}...,{branch}を更新中...,{branch}를 업데이트하는 중...,Aktualizowanie {branch}...,Atualizando {branch}...,Atualizando {branch}...,Обновление {branch}...,正在更新 {branch}...,正在更新 {branch}...
host,l10n/bundle.l10n.json,No tracked remote branch configured for '{branch}'.,,,No tracked remote branch configured for '{branch}'.,"Extension-host runtime prompt, progress, confirmation action, or notification.",{branch},Git; commit; branch; rebase; merge; push; remote; HEAD,Für '{branch}' ist kein verfolgter Remote-Branch konfiguriert.,No se ha configurado ninguna rama remota rastreada para '{branch}'.,Aucune branche distante suivie n'est configurée pour '{branch}'.,'{branch}' には、追跡対象のリモートブランチが設定されていません。,'{branch}'에 대해 추적되는 원격 브랜치가 구성되어 있지 않습니다.,Nie skonfigurowano żadnej śledzonej zdalnej gałęzi dla '{branch}'.,Nenhuma ramificação remota rastreada configurada para '{branch}'.,Nenhuma ramificação remota rastreada configurada para '{branch}'.,Для '{branch}' не настроена отслеживаемая удаленная ветка.,未为“{branch}”配置跟踪的远程分支。,未為“{branch}”配置追蹤的遠端分支。
host,l10n/bundle.l10n.json,Updated {branch},,,Updated {branch},"Extension-host runtime prompt, progress, confirmation action, or notification.",{branch},Git; commit; branch; rebase; merge; push; remote; HEAD,Aktualisiert {branch},Actualizado {branch},Mise à jour de {branch},更新された{branch},업데이트됨 {branch},Zaktualizowano {branch},Atualizado {branch},Atualizado {branch},Обновлено {branch},已更新 {branch},已更新 {branch}
host,l10n/bundle.l10n.json,Update failed: {message},,,Update failed: {message},"Extension-host runtime prompt, progress, confirmation action, or notification.",{message},Git; commit; branch; rebase; merge; push; remote; HEAD,Aktualisierung fehlgeschlagen: {message},Error al actualizar: {message},Échec de la mise à jour : {message},更新に失敗しました: {message},업데이트 실패: {message},Aktualizacja nie powiodła się: {message},Falha na atualização: {message},Falha na atualização: {message},Обновление не удалось: {message},更新失败：{message},更新失敗：{message}
host,l10n/bundle.l10n.json,Pushing {branch}...,,,Pushing {branch}...,"Extension-host runtime prompt, progress, confirmation action, or notification.",{branch},Git; commit; branch; rebase; merge; push; remote; HEAD,{branch} wird gepusht...,Pushndo {branch}...,Envoi de {branch}...,{branch}をプッシュしています...,{branch}를 푸시하는 중...,Wysyłanie {branch}...,Enviando {branch}...,A enviar {branch}...,Толкание {branch}...,正在推送 {branch}...,正在推送 {branch}...
host,l10n/bundle.l10n.json,Pushed {branch},,,Pushed {branch},"Extension-host runtime prompt, progress, confirmation action, or notification.",{branch},Git; commit; branch; rebase; merge; push; remote; HEAD,Pushed {branch},Empujado {branch},Poussé {branch},{branch}をプッシュしました,{branch}를 푸시했습니다.,Wypchnięto {branch},Enviado {branch},Empurrado {branch},Отправлена ​​{branch},推送 {branch},已推送 {branch}
host,l10n/bundle.l10n.json,Push failed: {message},,,Push failed: {message},"Extension-host runtime prompt, progress, confirmation action, or notification.",{message},Git; commit; branch; rebase; merge; push; remote; HEAD,Push fehlgeschlagen: {message},Error al enviar: {message},Échec de l'envoi : {message},プッシュに失敗しました: {message},푸시 실패: {message},Nieudane przesłanie: {message},Falha no envio: {message},Falha no envio: {message},Отправка не удалась: {message},推送失败：{message},推送失敗：{message}
host,l10n/bundle.l10n.json,Rename {branch} to,,,Rename {branch} to,"Extension-host runtime prompt, progress, confirmation action, or notification.",{branch},Git; commit; branch; rebase; merge; push; remote; HEAD,Benenne {branch} um in,Cambiar el nombre de {branch} a,Renommez {branch} en,{branch} の名前を変更します,{branch}의 이름을 다음으로 변경합니다.,Zmień nazwę {branch} na,Renomeie {branch} para,Renomear {branch} para,Переименовать {branch} в,将 {branch} 重命名为,將 {branch} 重新命名為
host,l10n/bundle.l10n.json,Renamed {oldBranch} to {newBranch},,,Renamed {oldBranch} to {newBranch},"Extension-host runtime prompt, progress, confirmation action, or notification.",{oldBranch} {newBranch},Git; commit; branch; rebase; merge; push; remote; HEAD,{oldBranch} wurde in {newBranch} umbenannt.,Se cambió el nombre de {oldBranch} a {newBranch}.,Renommé {oldBranch} en {newBranch},{oldBranch} を {newBranch} に名前変更しました。,{oldBranch}를 {newBranch}로 이름을 변경했습니다.,Zmieniono nazwę {oldBranch} na {newBranch},Renomeamos {oldBranch} para {newBranch},Renomeamos {oldBranch} para {newBranch},Переименование {oldBranch} в {newBranch},将 {oldBranch} 重命名为 {newBranch},將 {oldBranch} 重新命名為 {newBranch}
host,l10n/bundle.l10n.json,Rename failed: {message},,,Rename failed: {message},"Extension-host runtime prompt, progress, confirmation action, or notification.",{message},Git; commit; branch; rebase; merge; push; remote; HEAD,Umbenennen fehlgeschlagen: {message},Error al renombrar: {message},Échec du renommage : {message},名前変更に失敗しました: {message},이름 변경 실패: {message},Zmiana nazwy nie powiodła się: {message},Falha ao renomear: {message},Falha ao renomear: {message},Переименование не удалось: {message},重命名失败：{message},重新命名失敗：{message}
host,l10n/bundle.l10n.json,Cannot delete '{branch}' because it is currently checked out. Switch to another branch and try again.,,,Cannot delete '{branch}' because it is currently checked out. Switch to another branch and try again.,"Extension-host runtime prompt, progress, confirmation action, or notification.",{branch},Git; commit; branch; rebase; merge; push; remote; HEAD,"Der Branch '{branch}' kann nicht gelöscht werden, da er aktuell ausgecheckt ist. Wechseln Sie zu einem anderen Branch und versuchen Sie es erneut.",No se puede eliminar '{branch}' porque está en uso. Cambia a otra rama e inténtalo de nuevo.,Impossible de supprimer la branche « {branch} » car elle est actuellement utilisée. Veuillez choisir une autre branche et réessayer.,'{branch}' は現在チェックアウトされているため、削除できません。別のブランチに切り替えて、もう一度お試しください。,'{branch}'는 현재 체크아웃된 상태이므로 삭제할 수 없습니다. 다른 브랜치로 전환하여 다시 시도하십시오.,"Nie można usunąć gałęzi „{branch}”, ponieważ jest ona obecnie wyewidencjonowana. Przełącz się na inną gałąź i spróbuj ponownie.",Não é possível excluir '{branch}' porque está atualmente em uso. Alterne para outra branch e tente novamente.,Não é possível excluir '{branch}' porque está atualmente em uso. Alterne para outra branch e tente novamente.,"Невозможно удалить ветку '{branch}', поскольку она в данный момент находится в режиме редактирования. Переключитесь на другую ветку и попробуйте снова.",无法删除分支“{branch}”，因为它当前已被检出。请切换到其他分支重试。,無法刪除分支“{branch}”，因為它目前已被檢出。請切換到其他分支重試。
host,l10n/bundle.l10n.json,OK,,,OK,"Extension-host runtime prompt, progress, confirmation action, or notification.",,Git; commit; branch; rebase; merge; push; remote; HEAD,OK,DE ACUERDO,D'ACCORD,わかりました,좋아요,OK,OK,OK,ХОРОШО,好的,好的
host,l10n/bundle.l10n.json,Delete Anyway,,,Delete Anyway,"Extension-host runtime prompt, progress, confirmation action, or notification.",,Git; commit; branch; rebase; merge; push; remote; HEAD,Trotzdem löschen,Eliminar de todos modos,Supprimer quand même,とにかく削除する,어쨌든 삭제하세요,Usuń mimo wszystko,Apagar mesmo assim,Apagar mesmo assim,Удалить в любом случае,无论如何都要删除,無論如何都要刪除
host,l10n/bundle.l10n.json,Delete branch {branch}?,,,Delete branch {branch}?,"Extension-host runtime prompt, progress, confirmation action, or notification.",{branch},Git; commit; branch; rebase; merge; push; remote; HEAD,Branch {branch} löschen?,¿Eliminar la rama {branch}?,Supprimer la branche {branch} ?,ブランチ{branch}を削除しますか？,{branch} 분기를 삭제하시겠습니까?,Usunąć gałąź {branch}?,Excluir branch {branch}?,Excluir branch {branch}?,Удалить ветку {branch}?,删除分支 {branch}？,刪除分支 {branch}？
host,l10n/bundle.l10n.json,Branch {branch} has unmerged commits relative to the current branch. Delete anyway? This may permanently lose commits not reachable from the current branch.,,,Branch {branch} has unmerged commits relative to the current branch. Delete anyway? This may permanently lose commits not reachable from the current branch.,"Extension-host runtime prompt, progress, confirmation action, or notification.",{branch},Git; commit; branch; rebase; merge; push; remote; HEAD,"Der Branch {branch} enthält nicht zusammengeführte Commits im Vergleich zum aktuellen Branch. Trotzdem löschen? Dadurch können Commits, die vom aktuellen Branch aus nicht erreichbar sind, dauerhaft verloren gehen.",La rama {branch} tiene confirmaciones sin fusionar con respecto a la rama actual. ¿Eliminar de todos modos? Esto podría provocar la pérdida permanente de confirmaciones inaccesibles desde la rama actual.,La branche {branch} contient des commits non fusionnés par rapport à la branche courante. Supprimer quand même ? Cela pourrait entraîner la suppression définitive de commits inaccessibles depuis la branche courante.,ブランチ {branch} には、現在のブランチに対してマージされていないコミットがあります。それでも削除しますか？削除すると、現在のブランチから到達できないコミットが完全に失われる可能性があります。,브랜치 {branch}에는 현재 브랜치에 비해 병합되지 않은 커밋이 있습니다. 그래도 삭제하시겠습니까? 이렇게 하면 현재 브랜치에서 접근할 수 없는 커밋이 영구적으로 손실될 수 있습니다.,Gałąź {branch} ma niezintegrowane zatwierdzenia względem gałęzi bieżącej. Usunąć mimo to? Może to spowodować trwałą utratę zatwierdzeń niedostępnych z gałęzi bieżącej.,A branch {branch} possui commits não mesclados relativos à branch atual. Deseja excluir mesmo assim? Isso pode resultar na perda permanente de commits que não são acessíveis a partir da branch atual.,A branch {branch} possui commits não mesclados relativos à branch atual. Deseja excluir mesmo assim? Isso pode resultar na perda permanente de commits que não são acessíveis a partir da branch atual.,"В ветке {branch} есть неслитые коммиты относительно текущей ветки. Удалить в любом случае? Это может привести к безвозвратной потере коммитов, недоступных из текущей ветки.",分支 {branch} 包含相对于当前分支未合并的提交。是否仍然删除？这可能会永久丢失当前分支无法访问的提交。,分支 {branch} 包含相對於目前分支未合併的提交。是否仍然刪除？這可能會永久丟失當前分支無法存取的提交。
host,l10n/bundle.l10n.json,Branch {branch} has unmerged commits relative to '{target}'. Delete anyway? This may permanently lose commits not reachable from '{target}'.,,,Branch {branch} has unmerged commits relative to '{target}'. Delete anyway? This may permanently lose commits not reachable from '{target}'.,"Extension-host runtime prompt, progress, confirmation action, or notification.",{branch} {target} {target},Git; commit; branch; rebase; merge; push; remote; HEAD,"Branch {branch} enthält nicht zusammengeführte Commits relativ zu '{target}'. Trotzdem löschen? Dadurch könnten Commits, die von '{target}' aus nicht erreichbar sind, dauerhaft verloren gehen.",La rama {branch} tiene confirmaciones sin fusionar relativas a '{target}'. ¿Eliminar de todos modos? Esto podría provocar la pérdida permanente de confirmaciones inaccesibles desde '{target}'.,La branche {branch} contient des commits non fusionnés par rapport à '{target}'. Supprimer quand même ? Cela pourrait entraîner la perte définitive de commits inaccessibles depuis '{target}'.,ブランチ {branch} には、'{target}' に対してマージされていないコミットがあります。それでも削除しますか？削除すると、'{target}' から到達できないコミットが完全に失われる可能性があります。,브랜치 {branch}에는 '{target}'에 비해 병합되지 않은 커밋이 있습니다. 그래도 삭제하시겠습니까? 이렇게 하면 '{target}'에서 접근할 수 없는 커밋이 영구적으로 손실될 수 있습니다.,Gałąź {branch} ma niezintegrowane zatwierdzenia względem '{target}'. Usunąć mimo to? Może to spowodować trwałą utratę zatwierdzeń niedostępnych z '{target}'.,O branch {branch} possui commits não mesclados relativos a '{target}'. Deseja excluir mesmo assim? Isso pode resultar na perda permanente de commits inacessíveis a partir de '{target}'.,O branch {branch} possui commits não mesclados relativos a '{target}'. Deseja excluir mesmo assim? Isso pode resultar na perda permanente de commits inacessíveis a partir de '{target}'.,"В ветке {branch} есть неслитые коммиты относительно '{target}'. Удалить в любом случае? Это может привести к безвозвратной потере коммитов, недоступных из '{target}'.",分支 {branch} 相对于 '{target}' 有未合并的提交。是否仍然删除？这可能会永久丢失无法从 '{target}' 访问的提交。,分支 {branch} 相對於 '{target}' 有未合併的提交。是否仍然刪除？這可能會永久丟失無法從 '{target}' 訪問的提交。
host,l10n/bundle.l10n.json,Delete failed: unable to determine remote target for '{branch}'.,,,Delete failed: unable to determine remote target for '{branch}'.,"Extension-host runtime prompt, progress, confirmation action, or notification.",{branch},Git; commit; branch; rebase; merge; push; remote; HEAD,Löschvorgang fehlgeschlagen: Das Remote-Ziel für '{branch}' konnte nicht ermittelt werden.,Error al eliminar: no se pudo determinar el destino remoto para '{branch}'.,Échec de la suppression : impossible de déterminer la cible distante pour « {branch} ».,削除に失敗しました: '{branch}' のリモートターゲットを特定できません。,삭제 실패: '{branch}'에 대한 원격 대상을 확인할 수 없습니다.,Nie udało się usunąć: nie można określić zdalnego celu dla '{branch}'.,A exclusão falhou: não foi possível determinar o destino remoto para '{branch}'.,A exclusão falhou: não foi possível determinar o destino remoto para '{branch}'.,Удаление не удалось: не удалось определить удаленный целевой объект для '{branch}'.,删除失败：无法确定“{branch}”的远程目标。,刪除失敗：無法確定「{branch}」的遠端目標。
host,l10n/bundle.l10n.json,Deleting remote branch {remote}/{remoteBranch}...,,,Deleting remote branch {remote}/{remoteBranch}...,"Extension-host runtime prompt, progress, confirmation action, or notification.",{remote} {remoteBranch},Git; commit; branch; rebase; merge; push; remote; HEAD,Remote-Branch {remote}/{remoteBranch} wird gelöscht...,Eliminando la rama remota {remote}/{remoteBranch}...,Suppression de la branche distante {remote}/{remoteBranch}...,リモートブランチ {remote}/{remoteBranch} を削除しています...,원격 브랜치 {remote}/{remoteBranch}를 삭제하는 중...,Usuwanie zdalnej gałęzi {remote}/{remoteBranch}...,Excluindo o branch remoto {remote}/{remoteBranch}...,Excluindo o branch remoto {remote}/{remoteBranch}...,Удаление удаленной ветки {remote}/{remoteBranch}...,正在删除远程分支 {remote}/{remoteBranch}...,正在刪除遠端分支 {remote}/{remoteBranch}...
host,l10n/bundle.l10n.json,Deleted {remote}/{remoteBranch},,,Deleted {remote}/{remoteBranch},"Extension-host runtime prompt, progress, confirmation action, or notification.",{remote} {remoteBranch},Git; commit; branch; rebase; merge; push; remote; HEAD,Gelöscht {remote}/{remoteBranch},Eliminado {remote}/{remoteBranch},Supprimé {remote}/{remoteBranch},{remote}/{remoteBranch} を削除しました。,{remote}/{remoteBranch}가 삭제되었습니다.,Usunięto {remote}/{remoteBranch},Excluído {remote}/{remoteBranch},Excluído {remote}/{remoteBranch},Удалено {remote}/{remoteBranch},已删除 {remote}/{remoteBranch},已刪除 {remote}/{remoteBranch}
host,l10n/bundle.l10n.json,Branch '{branch}' has unmerged commits. Do you still want to delete it? This may permanently lose commits not reachable from the current branch.,,,Branch '{branch}' has unmerged commits. Do you still want to delete it? This may permanently lose commits not reachable from the current branch.,"Extension-host runtime prompt, progress, confirmation action, or notification.",{branch},Git; commit; branch; rebase; merge; push; remote; HEAD,"Der Branch '{branch}' enthält nicht zusammengeführte Commits. Möchten Sie ihn trotzdem löschen? Dadurch könnten Commits, die vom aktuellen Branch aus nicht erreichbar sind, dauerhaft verloren gehen.",La rama '{branch}' tiene confirmaciones sin fusionar. ¿Aún deseas eliminarla? Esto podría provocar la pérdida permanente de confirmaciones inaccesibles desde la rama actual.,La branche « {branch} » contient des commits non fusionnés. Voulez-vous tout de même la supprimer ? Cela pourrait entraîner la perte définitive de commits inaccessibles depuis la branche actuelle.,ブランチ「{branch}」にはマージされていないコミットがあります。それでも削除しますか？削除すると、現在のブランチからアクセスできないコミットが完全に失われる可能性があります。,'{branch}' 브랜치에 병합되지 않은 커밋이 있습니다. 그래도 삭제하시겠습니까? 이렇게 하면 현재 브랜치에서 접근할 수 없는 커밋이 영구적으로 손실될 수 있습니다.,Gałąź „{branch}” ma niescalone zatwierdzenia. Czy nadal chcesz ją usunąć? Może to spowodować trwałą utratę zatwierdzeń niedostępnych z bieżącej gałęzi.,A branch '{branch}' possui commits não mesclados. Deseja excluí-la mesmo assim? Isso pode resultar na perda permanente de commits que não são acessíveis a partir da branch atual.,A branch '{branch}' possui commits não mesclados. Deseja excluí-la mesmo assim? Isso pode resultar na perda permanente de commits que não são acessíveis a partir da branch atual.,"В ветке '{branch}' есть неслитые коммиты. Вы все еще хотите ее удалить? Это может привести к безвозвратной потере коммитов, недоступных из текущей ветки.",分支“{branch}”包含未合并的提交。您是否仍要删除它？这可能会永久丢失当前分支无法访问的提交。,分支“{branch}”包含未合併的提交。您是否仍要刪除它？這可能會永久丟失當前分支無法存取的提交。
host,l10n/bundle.l10n.json,Delete failed: {message},,,Delete failed: {message},"Extension-host runtime prompt, progress, confirmation action, or notification.",{message},Git; commit; branch; rebase; merge; push; remote; HEAD,Löschvorgang fehlgeschlagen: {message},Error al eliminar: {message},Échec de la suppression : {message},削除に失敗しました: {message},삭제 실패: {message},Nie udało się usunąć: {message},Falha ao excluir: {message},Falha ao excluir: {message},Удаление не удалось: {message},删除失败：{message},刪除失敗：{message}
host,l10n/bundle.l10n.json,Accept theirs failed: {message},,,Accept theirs failed: {message},"Extension-host runtime prompt, progress, confirmation action, or notification.",{message},Git; commit; branch; rebase; merge; push; remote; HEAD; VS Code; JetBrains,Eingehende Änderung übernehmen fehlgeschlagen: {message},Aceptar cambios entrantes falló: {message},Échec de l’acceptation des modifications entrantes : {message},受信側の変更の採用に失敗しました: {message},수신 변경 사항 적용 실패: {message},Nie udało się zaakceptować przychodzących zmian: {message},Falha ao aceitar alterações recebidas: {message},Falha ao aceitar alterações recebidas: {message},Не удалось принять входящие изменения: {message},接受传入更改失败：{message},接受傳入變更失敗：{message}
host,l10n/bundle.l10n.json,Accept yours failed: {message},,,Accept yours failed: {message},"Extension-host runtime prompt, progress, confirmation action, or notification.",{message},Git; commit; branch; rebase; merge; push; remote; HEAD; VS Code; JetBrains,Eigene Änderung übernehmen fehlgeschlagen: {message},Aceptar cambios actuales falló: {message},Échec de l’acceptation des modifications actuelles : {message},現在の変更の採用に失敗しました: {message},현재 변경 사항 적용 실패: {message},Nie udało się zaakceptować bieżących zmian: {message},Falha ao aceitar alterações atuais: {message},Falha ao aceitar alterações atuais: {message},Не удалось принять текущие изменения: {message},接受当前更改失败：{message},接受目前變更失敗：{message}
host,l10n/bundle.l10n.json,Accepted theirs for {path},,,Accepted theirs for {path},"Extension-host runtime prompt, progress, confirmation action, or notification.",{path},Git; commit; branch; rebase; merge; push; remote; HEAD; VS Code; JetBrains,Eingehende Änderung für {path} übernommen.,Cambios entrantes aceptados para {path},Modifications entrantes acceptées pour {path},{path} の受信側の変更を採用しました,{path}에 수신 변경 사항을 적용했습니다,Zaakceptowano przychodzące zmiany dla {path},Alterações recebidas aceitas para {path},Alterações recebidas aceites para {path},Входящие изменения для {path} приняты,已接受 {path} 的传入更改,已接受 {path} 的傳入變更
host,l10n/bundle.l10n.json,Accepted theirs: {path},,,Accepted theirs: {path},"Extension-host runtime prompt, progress, confirmation action, or notification.",{path},Git; commit; branch; rebase; merge; push; remote; HEAD; VS Code; JetBrains,Eingehende Änderung übernommen: {path},Cambios entrantes aceptados: {path},Modifications entrantes acceptées : {path},受信側の変更を採用しました: {path},수신 변경 사항 적용: {path},Zaakceptowano przychodzące zmiany: {path},Alterações recebidas aceitas: {path},Alterações recebidas aceites: {path},Входящие изменения приняты: {path},已接受传入更改：{path},已接受傳入變更：{path}
host,l10n/bundle.l10n.json,Accepted yours for {path},,,Accepted yours for {path},"Extension-host runtime prompt, progress, confirmation action, or notification.",{path},Git; commit; branch; rebase; merge; push; remote; HEAD; VS Code; JetBrains,Eigene Änderung für {path} übernommen.,Cambios actuales aceptados para {path},Modifications actuelles acceptées pour {path},{path} の現在の変更を採用しました,{path}에 현재 변경 사항을 적용했습니다,Zaakceptowano bieżące zmiany dla {path},Alterações atuais aceitas para {path},Alterações atuais aceites para {path},Текущие изменения для {path} приняты,已接受 {path} 的当前更改,已接受 {path} 的目前變更
host,l10n/bundle.l10n.json,Accepted yours: {path},,,Accepted yours: {path},"Extension-host runtime prompt, progress, confirmation action, or notification.",{path},Git; commit; branch; rebase; merge; push; remote; HEAD; VS Code; JetBrains,Eigene Änderung übernommen: {path},Cambios actuales aceptados: {path},Modifications actuelles acceptées : {path},現在の変更を採用しました: {path},현재 변경 사항 적용: {path},Zaakceptowano bieżące zmiany: {path},Alterações atuais aceitas: {path},Alterações atuais aceites: {path},Текущие изменения приняты: {path},已接受当前更改：{path},已接受目前變更：{path}
host,l10n/bundle.l10n.json,Accepting theirs for {path}...,,,Accepting theirs for {path}...,"Extension-host runtime prompt, progress, confirmation action, or notification.",{path},Git; commit; branch; rebase; merge; push; remote; HEAD; VS Code; JetBrains,Eingehende Änderung für {path} wird übernommen...,Aceptando cambios entrantes para {path}...,Acceptation des modifications entrantes pour {path}...,{path} の受信側の変更を採用しています...,{path}에 수신 변경 사항 적용 중...,Akceptowanie przychodzących zmian dla {path}...,Aceitando alterações recebidas para {path}...,A aceitar alterações recebidas para {path}...,Принятие входящих изменений для {path}...,正在接受 {path} 的传入更改...,正在接受 {path} 的傳入變更...
host,l10n/bundle.l10n.json,Accepting yours for {path}...,,,Accepting yours for {path}...,"Extension-host runtime prompt, progress, confirmation action, or notification.",{path},Git; commit; branch; rebase; merge; push; remote; HEAD; VS Code; JetBrains,Eigene Änderung für {path} wird übernommen...,Aceptando cambios actuales para {path}...,Acceptation des modifications actuelles pour {path}...,{path} の現在の変更を採用しています...,{path}에 현재 변경 사항 적용 중...,Akceptowanie bieżących zmian dla {path}...,Aceitando alterações atuais para {path}...,A aceitar alterações atuais para {path}...,Принятие текущих изменений для {path}...,正在接受 {path} 的当前更改...,正在接受 {path} 的目前變更...
host,l10n/bundle.l10n.json,Alternate merge parent.,,,Alternate merge parent.,"Extension-host runtime prompt, progress, confirmation action, or notification.",,Git; commit; branch; rebase; merge; push; remote; HEAD; VS Code; JetBrains,Alternativer Zusammenführungs-Elternteil.,Padre de fusión alternativo.,Parent de fusion alternatif.,代替マージ親。,대체 병합 부모.,Alternatywny rodzic scalania.,Pai de mesclagem alternativo.,Pai de mesclagem alternativo.,Альтернативный родительский элемент слияния.,备选合并父级。,備選合併父級。
host,l10n/bundle.l10n.json,Applied selected change from {short} for {path}.,,,Applied selected change from {short} for {path}.,"Extension-host runtime prompt, progress, confirmation action, or notification.",{short} {path},Git; commit; branch; rebase; merge; push; remote; HEAD; VS Code; JetBrains,Die ausgewählte Änderung von {short} für {path} wurde angewendet.,Se aplicó el cambio seleccionado de {short} para {path}.,Modification sélectionnée appliquée à partir de {short} pour {path}.,{short} から選択した変更を {path} に適用しました。,{short}에서 {path}로 선택한 변경 사항을 적용했습니다.,Zastosowano wybraną zmianę z {short} dla {path}.,Aplicou-se a alteração selecionada de {short} para {path}.,Aplicou-se a alteração selecionada de {short} para {path}.,Применено выбранное изменение из {short} для {path}.,已将 {short} 中的选定更改应用于 {path}。,已將 {short} 中的選定變更套用至 {path}。
host,l10n/bundle.l10n.json,Apply Change,,,Apply Change,"Extension-host runtime prompt, progress, confirmation action, or notification.",,Git; commit; branch; rebase; merge; push; remote; HEAD; VS Code; JetBrains,Änderung anwenden,Aplicar cambios,Appliquer les modifications,変更を適用する,변경 적용,Zastosuj zmianę,Aplicar alteração,Aplicar alteração,Применить изменения,应用更改,套用變更
host,l10n/bundle.l10n.json,Apply the change from {short} for {path} to your working tree and stage it?,,,Apply the change from {short} for {path} to your working tree and stage it?,"Extension-host runtime prompt, progress, confirmation action, or notification.",{short} {path},Git; commit; branch; rebase; merge; push; remote; HEAD; VS Code; JetBrains,Wenden Sie die Änderung von {short} für {path} auf Ihren Arbeitsbaum an und stellen Sie sie bereit?,¿Aplicar el cambio de {short} por {path} a su árbol de trabajo y prepararlo?,Appliquez la modification de {short} à {path} dans votre arborescence de travail et préparez-la ?,{short} から {path} への変更を作業ツリーに適用してステージングしますか？,{short}를 {path}으로 변경한 내용을 작업 트리에 적용하고 스테이징하시겠습니까?,Zastosuj zmianę z {short} dla {path} do swojego drzewa roboczego i przygotuj ją?,Aplique a alteração de {short} para {path} à sua árvore de trabalho e prepare-a para a fase de teste?,Aplique a alteração de {short} para {path} à sua árvore de trabalho e prepare-a para a fase de teste?,Внесите изменения с {short} на {path} в ваше рабочее дерево и добавьте его в индекс?,将 {short} 的 {path} 更改应用到您的工作树并进行暂存？,將 {short} 的 {path} 變更套用到您的工作樹並進行暫存？
host,l10n/bundle.l10n.json,Apply the inverse of the change from {short} for {path} to your working tree and stage it?,,,Apply the inverse of the change from {short} for {path} to your working tree and stage it?,"Extension-host runtime prompt, progress, confirmation action, or notification.",{short} {path},Git; commit; branch; rebase; merge; push; remote; HEAD; VS Code; JetBrains,Wenden Sie die Umkehrung der Änderung von {short} für {path} auf Ihren Arbeitsbaum an und stellen Sie ihn bereit?,¿Aplicar el inverso del cambio de {short} por {path} a su árbol de trabajo y prepararlo?,Appliquez l'inverse du changement de {short} à {path} dans votre arbre de travail et préparez-le ?,作業ツリーに{short}から{path}への変更の逆を適用してステージングしますか？,{short}에서 {path}로의 변경 사항에 대한 역변환을 작업 트리에 적용하고 스테이징하시겠습니까?,Zastosuj odwrotność zmiany z {short} dla {path} do swojego drzewa roboczego i przygotuj je?,Aplique a inversa da mudança de {short} para {path} à sua árvore de trabalho e prepare-a para a próxima etapa?,Aplique a inversa da mudança de {short} para {path} à sua árvore de trabalho e prepare-a para a próxima etapa?,Примените обратное изменение от {short} к {path} к вашему рабочему дереву и добавьте его в индекс?,将 {short} 的 {path} 更改的逆操作应用到你的工作树并进行暂存？,將 {short} 的 {path} 更改的逆操作套用到你的工作樹並進行暫存？
host,l10n/bundle.l10n.json,Applying selected change for {path}...,,,Applying selected change for {path}...,"Extension-host runtime prompt, progress, confirmation action, or notification.",{path},Git; commit; branch; rebase; merge; push; remote; HEAD; VS Code; JetBrains,Die ausgewählte Änderung für {path} wird angewendet...,Aplicando el cambio seleccionado para {path}...,Application de la modification sélectionnée pour {path}...,{path}に対して選択した変更を適用しています...,{path}에 대해 선택한 변경 사항을 적용하는 중...,Zastosowywanie wybranej zmiany dla {path}...,Aplicando a alteração selecionada para {path}...,Aplicando a alteração selecionada para {path}...,Применение выбранных изменений для {path}...,正在对 {path} 应用所选更改...,正在對 {path} 應用所選更改...
host,l10n/bundle.l10n.json,"Branch ""{branch}"" has not been published.",,,"Branch ""{branch}"" has not been published.","Extension-host runtime prompt, progress, confirmation action, or notification.",{branch},Git; commit; branch; rebase; merge; push; remote; HEAD; VS Code; JetBrains,"Branch ""{branch}"" wurde nicht veröffentlicht.","La rama ""{branch}"" no ha sido publicada.",La branche « {branch} » n'a pas été publiée.,ブランチ「{branch}」は公開されていません。,"""{branch}"" 브랜치가 아직 게시되지 않았습니다.",Gałąź „{branch}” nie została opublikowana.,"O ramo ""{branch}"" não foi publicado.","O ramo ""{branch}"" não foi publicado.","Ветка ""{branch}"" не опубликована.",分支“{branch}”尚未发布。,分支“{branch}”尚未發布。
host,l10n/bundle.l10n.json,Branch '{branch}' has no upstream. Set upstream to '{remote}/{remoteBranch}' and push?,,,Branch '{branch}' has no upstream. Set upstream to '{remote}/{remoteBranch}' and push?,"Extension-host runtime prompt, progress, confirmation action, or notification.",{branch} {remote} {remoteBranch},Git; commit; branch; rebase; merge; push; remote; HEAD; VS Code; JetBrains,Der Branch '{branch}' hat keinen Upstream. Soll der Upstream auf '{remote}/{remoteBranch}' gesetzt und der Branch gepusht werden?,La rama '{branch}' no tiene un servidor ascendente. ¿Desea establecer el servidor ascendente en '{remote}/{remoteBranch}' y realizar el push?,La branche '{branch}' n'a pas de branche en amont. Définir la branche en amont sur '{remote}/{remoteBranch}' et effectuer un push ?,ブランチ '{branch}' にはアップストリームがありません。アップストリームを '{remote}/{remoteBranch}' に設定してプッシュしますか？,브랜치 '{branch}'에 업스트림이 없습니다. 업스트림을 '{remote}/{remoteBranch}'로 설정하고 푸시하시겠습니까?,Gałąź „{branch}” nie ma nadrzędnego źródła. Ustaw nadrzędne źródło na „{remote}/{remoteBranch}” i wypchnij?,O branch '{branch}' não possui um upstream. Defina o upstream como '{remote}/{remoteBranch}' e faça o push?,O branch '{branch}' não possui um upstream. Defina o upstream como '{remote}/{remoteBranch}' e faça o push?,У ветки '{branch}' нет вышестоящего репозитория. Установить вышестоящий репозиторий на '{remote}/{remoteBranch}' и отправить изменения?,分支 '{branch}' 没有上游分支。是否将上游分支设置为 '{remote}/{remoteBranch}' 并推送？,分支 '{branch}' 沒有上游分支。是否將上游分支設定為 '{remote}/{remoteBranch}' 並推送？
host,l10n/bundle.l10n.json,Branch update error: {message},,,Branch update error: {message},"Extension-host runtime prompt, progress, confirmation action, or notification.",{message},Git; commit; branch; rebase; merge; push; remote; HEAD; VS Code; JetBrains,Branch-Aktualisierung fehlgeschlagen: {message},Error al actualizar la rama: {message},Erreur de mise à jour de la branche : {message},ブランチ更新エラー: {message},브랜치 업데이트 오류: {message},Błąd aktualizacji brancha: {message},Erro na atualização do branch: {message},Erro na atualização do branch: {message},Ошибка обновления ветки: {message},分支更新错误：{message},分支更新錯誤：{message}
host,l10n/bundle.l10n.json,"Cannot access ""{name}"": {message}",,,"Cannot access ""{name}"": {message}","Extension-host runtime prompt, progress, confirmation action, or notification.",{name} {message},Git; commit; branch; rebase; merge; push; remote; HEAD; VS Code; JetBrains,"Zugriff auf ""{name}"" nicht möglich: {message}","No se puede acceder a ""{name}"": {message}",Impossible d'accéder à « {name} » : {message},「{name}」にアクセスできません: {message},"""{name}""에 접근할 수 없습니다: {message}",Nie można uzyskać dostępu do „{name}”: {message},"Não foi possível acessar ""{name}"": {message}","Não foi possível acessar ""{name}"": {message}","Невозможно получить доступ к ""{name}"": {message}",无法访问“{name}”：{message},無法存取“{name}”：{message}
host,l10n/bundle.l10n.json,"Cannot remove existing directory ""{name}"": {message}",,,"Cannot remove existing directory ""{name}"": {message}","Extension-host runtime prompt, progress, confirmation action, or notification.",{name} {message},Git; commit; branch; rebase; merge; push; remote; HEAD; VS Code; JetBrains,"Das vorhandene Verzeichnis ""{name}"" kann nicht entfernt werden: {message}","No se puede eliminar el directorio existente ""{name}"": {message}",Impossible de supprimer le répertoire existant « {name} » : {message},既存のディレクトリ「{name}」を削除できません: {message},"기존 디렉터리 ""{name}""을 삭제할 수 없습니다: {message}",Nie można usunąć istniejącego katalogu „{name}”: {message},"Não foi possível remover o diretório existente ""{name}"": {message}","Não foi possível remover o diretório existente ""{name}"": {message}","Невозможно удалить существующий каталог ""{name}"": {message}",无法删除现有目录“{name}”：{message},無法刪除現有目錄「{name}」：{message}
host,l10n/bundle.l10n.json,Cannot restore '{branch}': missing or invalid commit hash.,,,Cannot restore '{branch}': missing or invalid commit hash.,"Extension-host runtime prompt, progress, confirmation action, or notification.",{branch},Git; commit; branch; rebase; merge; push; remote; HEAD; VS Code; JetBrains,'{branch}' kann nicht wiederhergestellt werden: Commit-Hash fehlt oder ist ungültig.,No se puede restaurar '{branch}': falta o no es válido el hash de confirmación.,Impossible de restaurer '{branch}' : hachage de commit manquant ou invalide.,'{branch}' を復元できません: コミットハッシュが欠落しているか無効です。,'{branch}'를 복원할 수 없습니다. 커밋 해시가 누락되었거나 유효하지 않습니다.,Nie można przywrócić '{branch}': brakujący lub nieprawidłowy skrót zatwierdzenia.,Não foi possível restaurar '{branch}': hash de commit ausente ou inválido.,Não foi possível restaurar '{branch}': hash de commit ausente ou inválido.,Невозможно восстановить '{branch}': отсутствует или недействителен хэш коммита.,无法恢复“{branch}”：缺少或无效的提交哈希值。,無法恢復“{branch}”：缺少或無效的提交雜湊值。
host,l10n/bundle.l10n.json,Check that the SSH URL is correct and the remote repository exists.,,,Check that the SSH URL is correct and the remote repository exists.,"Extension-host runtime prompt, progress, confirmation action, or notification.",,Git; commit; branch; rebase; merge; push; remote; HEAD; VS Code; JetBrains,"Prüfen Sie, ob die SSH-URL korrekt ist und das Remote-Repository existiert.",Verifique que la URL SSH sea correcta y que el repositorio remoto exista.,Vérifiez que l'URL SSH est correcte et que le dépôt distant existe.,SSH URLが正しいこと、およびリモートリポジトリが存在することを確認してください。,"SSH URL이 올바른지, 원격 저장소가 존재하는지 확인하십시오.","Sprawdź, czy adres URL SSH jest poprawny i czy zdalne repozytorium istnieje.",Verifique se o URL SSH está correto e se o repositório remoto existe.,Verifique se o URL SSH está correto e se o repositório remoto existe.,"Убедитесь, что URL-адрес SSH указан правильно и удаленный репозиторий существует.",请检查 SSH URL 是否正确以及远程仓库是否存在。,請檢查 SSH URL 是否正確以及遠端倉庫是否存在。
host,l10n/bundle.l10n.json,Check your network connection and that the hostname in the URL is correct.,,,Check your network connection and that the hostname in the URL is correct.,"Extension-host runtime prompt, progress, confirmation action, or notification.",,Git; commit; branch; rebase; merge; push; remote; HEAD; VS Code; JetBrains,Überprüfen Sie Ihre Netzwerkverbindung und ob der Hostname in der URL korrekt ist.,Comprueba tu conexión de red y que el nombre de host en la URL sea correcto.,Vérifiez votre connexion réseau et assurez-vous que le nom d'hôte dans l'URL est correct.,ネットワーク接続を確認し、URL内のホスト名が正しいことを確認してください。,네트워크 연결 상태와 URL의 호스트 이름이 올바른지 확인하십시오.,"Sprawdź połączenie sieciowe i upewnij się, że nazwa hosta w adresie URL jest poprawna.",Verifique sua conexão de rede e se o nome do host no URL está correto.,Verifique sua conexão de rede e se o nome do host no URL está correto.,"Проверьте сетевое соединение и убедитесь, что имя хоста в URL-адресе указано правильно.",请检查您的网络连接，并确认URL中的主机名是否正确。,請檢查您的網路連接，並確認URL中的主機名稱是否正確。
host,l10n/bundle.l10n.json,Cherry-pick Selected Change,,,Cherry-pick Selected Change,"Extension-host runtime prompt, progress, confirmation action, or notification.",,Git; commit; branch; rebase; merge; push; remote; HEAD; VS Code; JetBrains,Ausgewählte Änderung cherry-picken,Cherry-pick del cambio seleccionado,Cherry-pick de la modification sélectionnée,選択した変更をチェリーピック,선택한 변경 사항 체리픽,Cherry-pick wybranej zmiany,Cherry-pick da alteração selecionada,Cherry-pick da alteração selecionada,Cherry-pick выбранного изменения,Cherry-pick 所选更改,Cherry-pick 所選變更
host,l10n/bundle.l10n.json,Cherry-pick selected change failed: {message},,,Cherry-pick selected change failed: {message},"Extension-host runtime prompt, progress, confirmation action, or notification.",{message},Git; commit; branch; rebase; merge; push; remote; HEAD; VS Code; JetBrains,Die Auswahl der Änderung per Cherry-Pick ist fehlgeschlagen: {message},Error al seleccionar el cambio elegido: {message},Échec de la sélection de la modification : {message},選択した変更のチェリーピックに失敗しました: {message},선택한 변경 사항을 체리픽하는 데 실패했습니다: {message},Nie udało się wybrać wybranej zmiany: {message},A seleção da alteração escolhida falhou: {message},A seleção da alteração escolhida falhou: {message},Выполнение выбранного изменения с помощью Cherry-pick не удалось: {message},遴选所选更改失败：{message},遴選所選變更失敗：{message}
host,l10n/bundle.l10n.json,Clone failed,,,Clone failed,"Extension-host runtime prompt, progress, confirmation action, or notification.",,Git; commit; branch; rebase; merge; push; remote; HEAD; VS Code; JetBrains,Klonen fehlgeschlagen,El clon falló.,Échec du clonage,クローン作成に失敗しました,복제 실패,Klonowanie nie powiodło się,Falha na clonagem,Falha na clonagem,Клонирование не удалось.,克隆失败,複製失敗
host,l10n/bundle.l10n.json,Commit action failed: {message},,,Commit action failed: {message},"Extension-host runtime prompt, progress, confirmation action, or notification.",{message},Git; commit; branch; rebase; merge; push; remote; HEAD; VS Code; JetBrains,Commit-Aktion fehlgeschlagen: {message},La acción de confirmación falló: {message},L'action de validation a échoué : {message},コミット操作が失敗しました: {message},커밋 작업 실패: {message},Nie udało się wykonać akcji zatwierdzenia: {message},A ação de commit falhou: {message},A ação de commit falhou: {message},Операция подтверждения не удалась: {message},提交操作失败：{message},提交操作失敗：{message}
host,l10n/bundle.l10n.json,Commit detail error: {message},,,Commit detail error: {message},"Extension-host runtime prompt, progress, confirmation action, or notification.",{message},Git; commit; branch; rebase; merge; push; remote; HEAD; VS Code; JetBrains,Fehlerdetails beim Commit: {message},Error en los detalles de la confirmación: {message},Erreur de détail de validation : {message},コミット詳細エラー: {message},커밋 상세 오류: {message},Błąd szczegółów zatwierdzenia: {message},Erro nos detalhes do commit: {message},Erro nos detalhes do commit: {message},Ошибка при фиксации изменений: {message},提交详情错误：{message},提交詳情錯誤：{message}
host,l10n/bundle.l10n.json,Commit file action error: {message},,,Commit file action error: {message},"Extension-host runtime prompt, progress, confirmation action, or notification.",{message},Git; commit; branch; rebase; merge; push; remote; HEAD; VS Code; JetBrains,Fehler beim Commit der Datei: {message},Error al confirmar la acción del archivo: {message},Erreur d'action de fichier de commit : {message},コミットファイル操作エラー: {message},커밋 파일 작업 오류: {message},Błąd akcji zatwierdzania pliku: {message},Erro na ação de commit do arquivo: {message},Erro na ação de commit do ficheiro: {message},Ошибка при фиксации действия с файлом: {message},提交文件操作错误：{message},提交文件操作錯誤：{message}
host,l10n/bundle.l10n.json,Commit graph error: {message},,,Commit graph error: {message},"Extension-host runtime prompt, progress, confirmation action, or notification.",{message},Git; commit; branch; rebase; merge; push; remote; HEAD; VS Code; JetBrains,Commit-Graph-Fehler: {message},Error de confirmación del gráfico: {message},Erreur de graphe de validation : {message},コミットグラフエラー: {message},그래프 커밋 오류: {message},Błąd wykresu zatwierdzenia: {message},Erro no gráfico de commit: {message},Erro no gráfico de commit: {message},Ошибка при фиксации графа: {message},提交图错误：{message},提交圖錯誤：{message}
host,l10n/bundle.l10n.json,Compare with local failed: {message},,,Compare with local failed: {message},"Extension-host runtime prompt, progress, confirmation action, or notification.",{message},Git; commit; branch; rebase; merge; push; remote; HEAD; VS Code; JetBrains,Vergleich mit lokalem Fehler: {message},Comparar con el error local: {message},La comparaison avec la version locale a échoué : {message},ローカルとの比較に失敗しました: {message},로컬 데이터와 비교 실패: {message},Porównanie z lokalnym nie powiodło się: {message},Comparar com local falhou: {message},Comparar com local falhou: {message},Сравнение с локальным сервером не удалось: {message},与本地比较失败：{message},與本地比較失敗：{message}
host,l10n/bundle.l10n.json,Compare with revision failed: {message},,,Compare with revision failed: {message},"Extension-host runtime prompt, progress, confirmation action, or notification.",{message},Git; commit; branch; rebase; merge; push; remote; HEAD; VS Code; JetBrains,Vergleich mit Revision fehlgeschlagen: {message},La comparación con la revisión falló: {message},La comparaison avec la révision a échoué : {message},リビジョンとの比較に失敗しました: {message},수정본 비교 실패: {message},Porównanie z wersją nie powiodło się: {message},Comparação com a revisão falhou: {message},Comparação com a revisão falhou: {message},Сравнение с предыдущей версией не удалось: {message},与修订版比较失败：{message},與修訂版比較失敗：{message}
host,l10n/bundle.l10n.json,Configure,,,Configure,"Extension-host runtime prompt, progress, confirmation action, or notification.",,Git; commit; branch; rebase; merge; push; remote; HEAD; VS Code; JetBrains,Konfigurieren,Configurar,Configure,設定する,구성,Konfiguruj,Configurar,Configurar,Настройка,配置,配置
host,l10n/bundle.l10n.json,Create a new token at GitLab Settings → Access Tokens with the `read_repository` scope.,,,Create a new token at GitLab Settings → Access Tokens with the `read_repository` scope.,"Extension-host runtime prompt, progress, confirmation action, or notification.",,Git; commit; branch; rebase; merge; push; remote; HEAD; VS Code; JetBrains,Erstellen Sie ein neues Token unter GitLab-Einstellungen → Zugriffstoken mit dem Bereich `read_repository`.,Crea un nuevo token en GitLab Settings → Access Tokens con el ámbito `read_repository`.,Créez un nouveau jeton dans Paramètres GitLab → Jetons d'accès avec l'étendue `read_repository`.,GitLabの設定 → アクセストークンで、`read_repository`スコープを持つ新しいトークンを作成します。,GitLab 설정 → 액세스 토큰에서 `read_repository` 범위로 새 토큰을 생성하세요.,Utwórz nowy token w Ustawieniach GitLab → Tokeny dostępu z zakresem `read_repository`.,Crie um novo token em Configurações do GitLab → Tokens de acesso com o escopo `read_repository`.,Crie um novo token em Configurações do GitLab → Tokens de acesso com o escopo `read_repository`.,Создайте новый токен в настройках GitLab → Токены доступа с областью действия `read_repository`.,在 GitLab 设置 → 访问令牌中创建一个具有 `read_repository` 作用域的新令牌。,在 GitLab 設定 → 存取權令牌中建立一個具有 `read_repository` 作用域的新令牌。
host,l10n/bundle.l10n.json,Delete Tracked Branch,,,Delete Tracked Branch,"Extension-host runtime prompt, progress, confirmation action, or notification.",,Git; commit; branch; rebase; merge; push; remote; HEAD; VS Code; JetBrains,Getrackten Branch löschen,Eliminar rama rastreada,Supprimer la branche suivie,追跡対象ブランチを削除する,추적 중인 분기 삭제,Usuń śledzoną gałąź,Excluir branch monitorada,Eliminar branch rastreada,Удалить отслеживаемую ветку,删除跟踪分支,刪除追蹤分支
host,l10n/bundle.l10n.json,Delete failed for '{path}': {message},,,Delete failed for '{path}': {message},"Extension-host runtime prompt, progress, confirmation action, or notification.",{path} {message},Git; commit; branch; rebase; merge; push; remote; HEAD; VS Code; JetBrains,Löschen für '{path}' fehlgeschlagen: {message},Error al eliminar '{path}': {message},La suppression a échoué pour '{path}' : {message},'{path}' の削除に失敗しました: {message},'{path}' 삭제 실패: {message},Nie udało się usunąć ścieżki „{path}”: {message},A exclusão falhou para '{path}': {message},A exclusão falhou para '{path}': {message},Удаление не удалось для '{path}': {message},删除路径“{path}”失败：{message},刪除路徑「{path}」失敗：{message}
host,l10n/bundle.l10n.json,Delete tracked branch '{remote}/{remoteBranch}'?,,,Delete tracked branch '{remote}/{remoteBranch}'?,"Extension-host runtime prompt, progress, confirmation action, or notification.",{remote} {remoteBranch},Git; commit; branch; rebase; merge; push; remote; HEAD; VS Code; JetBrains,Verfolgten Branch '{remote}/{remoteBranch}' löschen?,¿Eliminar la rama rastreada '{remote}/{remoteBranch}'?,Supprimer la branche suivie '{remote}/{remoteBranch}' ?,追跡対象のブランチ「{remote}/{remoteBranch}」を削除しますか？,추적 중인 브랜치 '{remote}/{remoteBranch}'를 삭제하시겠습니까?,Usunąć śledzoną gałąź '{remote}/{remoteBranch}'?,Excluir branch rastreada '{remote}/{remoteBranch}'?,Excluir branch rastreada '{remote}/{remoteBranch}'?,Удалить отслеживаемую ветку '{remote}/{remoteBranch}'?,删除已跟踪的分支“{remote}/{remoteBranch}”？,刪除已追蹤的分支“{remote}/{remoteBranch}”？
host,l10n/bundle.l10n.json,Delete tracked branch failed: {message},,,Delete tracked branch failed: {message},"Extension-host runtime prompt, progress, confirmation action, or notification.",{message},Git; commit; branch; rebase; merge; push; remote; HEAD; VS Code; JetBrains,Getrackter Branch konnte nicht gelöscht werden: {message},Error al eliminar la rama rastreada: {message},Échec de la suppression de la branche suivie : {message},追跡対象ブランチの削除に失敗しました: {message},추적 중인 브랜치 삭제 실패: {message},Nie udało się usunąć śledzonej gałęzi: {message},Falha ao excluir o branch rastreado: {message},Falha ao excluir o branch rastreado: {message},Удаление отслеживаемой ветки не удалось: {message},删除跟踪分支失败：{message},刪除追蹤分支失敗：{message}
host,l10n/bundle.l10n.json,Deleted tracked branch {remote}/{remoteBranch},,,Deleted tracked branch {remote}/{remoteBranch},"Extension-host runtime prompt, progress, confirmation action, or notification.",{remote} {remoteBranch},Git; commit; branch; rebase; merge; push; remote; HEAD; VS Code; JetBrains,Der verfolgte Branch {remote}/{remoteBranch} wurde gelöscht.,Rama rastreada eliminada {remote}/{remoteBranch},Branche suivie supprimée {remote}/{remoteBranch},追跡対象ブランチ {remote}/{remoteBranch} を削除しました。,삭제된 추적 브랜치 {remote}/{remoteBranch},Usunięto śledzoną gałąź {remote}/{remoteBranch},Branch monitorada excluída {remote}/{remoteBranch},Branch monitorada excluída {remote}/{remoteBranch},Удалена отслеживаемая ветка {remote}/{remoteBranch},已删除跟踪分支 {remote}/{remoteBranch},已刪除追蹤分支 {remote}/{remoteBranch}
host,l10n/bundle.l10n.json,Deleted: {branch},,,Deleted: {branch},"Extension-host runtime prompt, progress, confirmation action, or notification.",{branch},Git; commit; branch; rebase; merge; push; remote; HEAD; VS Code; JetBrains,Gelöscht: {branch},Eliminado: {branch},Supprimé : {branch},削除済み: {branch},삭제됨: {branch},Usunięto: {branch},Excluído: {branch},Excluído: {branch},Удалено: {branch},已删除：{branch},已刪除：{branch}
host,l10n/bundle.l10n.json,Deleting tracked branch {remote}/{remoteBranch}...,,,Deleting tracked branch {remote}/{remoteBranch}...,"Extension-host runtime prompt, progress, confirmation action, or notification.",{remote} {remoteBranch},Git; commit; branch; rebase; merge; push; remote; HEAD; VS Code; JetBrains,Lösche verfolgten Branch {remote}/{remoteBranch}...,Eliminando la rama rastreada {remote}/{remoteBranch}...,Suppression de la branche suivie {remote}/{remoteBranch}...,追跡対象のブランチ {remote}/{remoteBranch} を削除しています...,추적 중인 브랜치 {remote}/{remoteBranch}를 삭제하는 중...,Usuwanie śledzonej gałęzi {remote}/{remoteBranch}...,Excluindo a ramificação rastreada {remote}/{remoteBranch}...,Excluindo a ramificação rastreada {remote}/{remoteBranch}...,Удаление отслеживаемой ветки {remote}/{remoteBranch}...,正在删除跟踪分支 {remote}/{remoteBranch}...,正在刪除追蹤分支 {remote}/{remoteBranch}...
host,l10n/bundle.l10n.json,"Enter a commit hash, tag, or ref for {path}",,,"Enter a commit hash, tag, or ref for {path}","Extension-host runtime prompt, progress, confirmation action, or notification.",{path},Git; commit; branch; rebase; merge; push; remote; HEAD; VS Code; JetBrains,"Geben Sie einen Commit-Hash, ein Tag oder eine Referenz für {path} ein.","Introduzca un hash de confirmación, una etiqueta o una referencia para {path}.","Saisissez un hachage de commit, une étiquette ou une référence pour {path}",{path} のコミットハッシュ、タグ、または参照を入力してください。,"{path}에 대한 커밋 해시, 태그 또는 참조를 입력하세요.","Wprowadź hash zatwierdzenia, tag lub odniesienie dla {path}","Insira um hash de commit, tag ou referência para {path}","Insira um hash de commit, tag ou referência para {path}","Введите хеш коммита, тег или ссылку для {path}",请输入 {path} 的提交哈希值、标签或引用。,請輸入 {path} 的提交雜湊值、標籤或參考。
host,l10n/bundle.l10n.json,Failed to create repository: {message},,,Failed to create repository: {message},"Extension-host runtime prompt, progress, confirmation action, or notification.",{message},Git; commit; branch; rebase; merge; push; remote; HEAD; VS Code; JetBrains,Fehler beim Erstellen des Repositorys: {message},Error al crear el repositorio: {message},Échec de la création du dépôt : {message},リポジトリの作成に失敗しました: {message},저장소를 생성하는 데 실패했습니다: {message},Nie udało się utworzyć repozytorium: {message},Falha ao criar o repositório: {message},Falha ao criar o repositório: {message},Не удалось создать репозиторий: {message},创建仓库失败：{message},建立倉庫失敗：{message}
host,l10n/bundle.l10n.json,Failed to initialize repository: {message},,,Failed to initialize repository: {message},"Extension-host runtime prompt, progress, confirmation action, or notification.",{message},Git; commit; branch; rebase; merge; push; remote; HEAD; VS Code; JetBrains,Fehler beim Initialisieren des Repositorys: {message},Error al inicializar el repositorio: {message},Échec de l'initialisation du dépôt : {message},リポジトリの初期化に失敗しました: {message},저장소 초기화에 실패했습니다: {message},Nie udało się zainicjować repozytorium: {message},Falha ao inicializar o repositório: {message},Falha ao inicializar o repositório: {message},Не удалось инициализировать репозиторий: {message},初始化存储库失败：{message},初始化儲存庫失敗：{message}
host,l10n/bundle.l10n.json,Failed to list GitHub repositories: {message},,,Failed to list GitHub repositories: {message},"Extension-host runtime prompt, progress, confirmation action, or notification.",{message},Git; commit; branch; rebase; merge; push; remote; HEAD; VS Code; JetBrains,Fehler beim Auflisten der GitHub-Repositories: {message},No se pudieron listar los repositorios de GitHub: {message},Impossible de lister les dépôts GitHub : {message},GitHubリポジトリの一覧取得に失敗しました: {message},GitHub 저장소 목록을 가져오는 데 실패했습니다: {message},Nie udało się wyświetlić listy repozytoriów GitHub: {message},Falha ao listar repositórios do GitHub: {message},Falha ao listar repositórios do GitHub: {message},Не удалось вывести список репозиториев GitHub: {message},无法列出 GitHub 仓库：{message},無法列出 GitHub 倉庫：{message}
host,l10n/bundle.l10n.json,Failed to load commit: {message},,,Failed to load commit: {message},"Extension-host runtime prompt, progress, confirmation action, or notification.",{message},Git; commit; branch; rebase; merge; push; remote; HEAD; VS Code; JetBrains,Fehler beim Laden des Commits: {message},Error al cargar la confirmación: {message},Échec du chargement du commit : {message},コミットの読み込みに失敗しました: {message},커밋을 불러오는 데 실패했습니다: {message},Nie udało się załadować zatwierdzenia: {message},Falha ao carregar o commit: {message},Falha ao carregar o commit: {message},Не удалось загрузить коммит: {message},加载提交失败：{message},載入提交失敗：{message}
host,l10n/bundle.l10n.json,Failed to open commit diff: {message},,,Failed to open commit diff: {message},"Extension-host runtime prompt, progress, confirmation action, or notification.",{message},Git; commit; branch; rebase; merge; push; remote; HEAD; VS Code; JetBrains,Fehler beim Öffnen des Commit-Diffs: {message},No se pudo abrir la diferencia de confirmación: {message},Échec de l'ouverture du diff de commit : {message},コミット差分を開くのに失敗しました: {message},커밋 차이점을 열 수 없습니다: {message},Nie udało się otworzyć zatwierdzenia diff: {message},Falha ao abrir o diff do commit: {message},Falha ao abrir o diff do commit: {message},Не удалось открыть различия в коммитах: {message},打开提交差异失败：{message},開啟提交差異失敗：{message}
host,l10n/bundle.l10n.json,Failed to publish branch: {message},,,Failed to publish branch: {message},"Extension-host runtime prompt, progress, confirmation action, or notification.",{message},Git; commit; branch; rebase; merge; push; remote; HEAD; VS Code; JetBrains,Branch konnte nicht veröffentlicht werden: {message},Error al publicar la rama: {message},Échec de la publication de la branche : {message},ブランチの公開に失敗しました: {message},브랜치 게시 실패: {message},Nie udało się opublikować gałęzi: {message},Falha ao publicar branch: {message},Falha ao publicar branch: {message},Не удалось опубликовать ветку: {message},发布分支失败：{message},發布分支失敗：{message}
host,l10n/bundle.l10n.json,Failed to refresh conflict UI: {message},,,Failed to refresh conflict UI: {message},"Extension-host runtime prompt, progress, confirmation action, or notification.",{message},Git; commit; branch; rebase; merge; push; remote; HEAD; VS Code; JetBrains,Fehler beim Aktualisieren der Konflikt-UI: {message},Error al actualizar la interfaz de usuario de conflicto: {message},Échec de l'actualisation de l'interface utilisateur de conflit : {message},競合UIの更新に失敗しました: {message},충돌 UI 새로 고침에 실패했습니다: {message},Nie udało się odświeżyć interfejsu użytkownika konfliktu: {message},Falha ao atualizar a interface de conflito: {message},Falha ao atualizar a interface de conflito: {message},Не удалось обновить интерфейс разрешения конфликтов: {message},刷新冲突界面失败：{message},刷新衝突介面失敗：{message}
host,l10n/bundle.l10n.json,Git log error: {message},,,Git log error: {message},"Extension-host runtime prompt, progress, confirmation action, or notification.",{message},Git; commit; branch; rebase; merge; push; remote; HEAD; VS Code; JetBrains,Git-Log-Fehler: {message},Error en el registro de Git: {message},Erreur de log Git : {message},Gitログエラー: {message},Git 로그 오류: {message},Błąd logu Git: {message},Erro no log do Git: {message},Erro no log do Git: {message},Ошибка в журнале Git: {message},Git 日志错误：{message},Git 日誌錯誤：{message}
host,l10n/bundle.l10n.json,GitHub authentication failed: {message},,,GitHub authentication failed: {message},"Extension-host runtime prompt, progress, confirmation action, or notification.",{message},Git; commit; branch; rebase; merge; push; remote; HEAD; VS Code; JetBrains,GitHub-Authentifizierung fehlgeschlagen: {message},Falló la autenticación de GitHub: {message},L'authentification GitHub a échoué : {message},GitHub認証に失敗しました: {message},GitHub 인증 실패: {message},Nie udało się uwierzytelnić GitHub: {message},Falha na autenticação do GitHub: {message},Falha na autenticação do GitHub: {message},Ошибка аутентификации GitHub: {message},GitHub 身份验证失败：{message},GitHub 驗證失敗：{message}
host,l10n/bundle.l10n.json,"GitHub authentication failed: {message}

Make sure the GitHub Authentication extension is installed and enabled.",,,"GitHub authentication failed: {message}

Make sure the GitHub Authentication extension is installed and enabled.","Extension-host runtime prompt, progress, confirmation action, or notification.",{message},Git; commit; branch; rebase; merge; push; remote; HEAD; VS Code; JetBrains,"GitHub-Authentifizierung fehlgeschlagen: {message}

Stellen Sie sicher, dass die GitHub-Authentifizierungserweiterung installiert und aktiviert ist.","Error de autenticación de GitHub: {message}

Asegúrate de que la extensión de autenticación de GitHub esté instalada y habilitada.","L'authentification GitHub a échoué : {message}

Assurez-vous que l'extension d'authentification GitHub est installée et activée.","GitHub認証に失敗しました：{message}

GitHub認証拡張機能がインストールされ、有効になっていることを確認してください。","GitHub 인증 실패: {message}

GitHub 인증 확장 프로그램이 설치되어 있고 활성화되어 있는지 확인하세요.","Błąd uwierzytelniania GitHub: {message}

Upewnij się, że rozszerzenie uwierzytelniania GitHub jest zainstalowane i włączone.","A autenticação do GitHub falhou: {message}

Certifique-se de que a extensão de autenticação do GitHub esteja instalada e ativada.","A autenticação do GitHub falhou: {message}

Certifique-se de que a extensão de autenticação do GitHub esteja instalada e ativada.","Ошибка аутентификации GitHub: {message}

Убедитесь, что расширение GitHub Authentication установлено и включено.","GitHub 身份验证失败：{message}

请确保已安装并启用 GitHub 身份验证扩展。","GitHub 驗證失敗：{message}

請確保已安裝並啟用 GitHub 身份驗證擴充功能。"
host,l10n/bundle.l10n.json,GitHub clone failed,,,GitHub clone failed,"Extension-host runtime prompt, progress, confirmation action, or notification.",,Git; commit; branch; rebase; merge; push; remote; HEAD; VS Code; JetBrains,GitHub-Klon fehlgeschlagen,La clonación de GitHub falló.,Échec du clonage GitHub,GitHubクローンに失敗しました,GitHub 클론 실패,Klon GitHub nie powiódł się,A clonagem do GitHub falhou,A clonagem do GitHub falhou,Клонирование GitHub не удалось.,GitHub 克隆失败,GitHub 複製失敗
host,l10n/bundle.l10n.json,GitLab clone failed,,,GitLab clone failed,"Extension-host runtime prompt, progress, confirmation action, or notification.",,Git; commit; branch; rebase; merge; push; remote; HEAD; VS Code; JetBrains,GitLab-Klon fehlgeschlagen,La clonación de GitLab falló.,Le clonage GitLab a échoué,GitLabのクローン作成に失敗しました,GitLab 클론 실패,Klon GitLab nie powiódł się,A clonagem do GitLab falhou,A clonagem do GitLab falhou,Клонирование GitLab не удалось.,GitLab 克隆失败,GitLab 克隆失敗
host,l10n/bundle.l10n.json,"If no keys are listed, add yours with `ssh-add ~/.ssh/id_ed25519` (or `~/.ssh/id_rsa`).",,,"If no keys are listed, add yours with `ssh-add ~/.ssh/id_ed25519` (or `~/.ssh/id_rsa`).","Extension-host runtime prompt, progress, confirmation action, or notification.",,Git; commit; branch; rebase; merge; push; remote; HEAD; VS Code; JetBrains,"Falls keine Schlüssel aufgeführt sind, fügen Sie Ihre mit `ssh-add ~/.ssh/id_ed25519` (oder `~/.ssh/id_rsa`) hinzu.","Si no aparece ninguna clave, añada la suya con `ssh-add ~/.ssh/id_ed25519` (o `~/.ssh/id_rsa`).","Si aucune clé n'est répertoriée, ajoutez la vôtre avec `ssh-add ~/.ssh/id_ed25519` (ou `~/.ssh/id_rsa`).",キーがリストされていない場合は、`ssh-add ~/.ssh/id_ed25519` (または `~/.ssh/id_rsa`) を使用してキーを追加してください。,키가 목록에 없으면 `ssh-add ~/.ssh/id_ed25519` (또는 `~/.ssh/id_rsa`) 명령어를 사용하여 키를 추가하세요.,"Jeżeli nie ma na liście żadnych kluczy, dodaj je poleceniem `ssh-add ~/.ssh/id_ed25519` (lub `~/.ssh/id_rsa`).","Se nenhuma chave estiver listada, adicione a sua com `ssh-add ~/.ssh/id_ed25519` (ou `~/.ssh/id_rsa`).","Se nenhuma chave estiver listada, adicione a sua com `ssh-add ~/.ssh/id_ed25519` (ou `~/.ssh/id_rsa`).","Если ключи не указаны, добавьте свои с помощью команды `ssh-add ~/.ssh/id_ed25519` (или `~/.ssh/id_rsa`).",如果没有列出密钥，请使用 `ssh-add ~/.ssh/id_ed25519`（或 `~/.ssh/id_rsa`）添加您的密钥。,如果沒有列出金鑰，請使用 `ssh-add ~/.ssh/id_ed25519`（或 `~/.ssh/id_rsa`）新增您的金鑰。
host,l10n/bundle.l10n.json,IntelliGit error: {message},,,IntelliGit error: {message},"Extension-host runtime prompt, progress, confirmation action, or notification.",{message},Git; commit; branch; rebase; merge; push; remote; HEAD; VS Code; JetBrains,IntelliGit-Fehler: {message},Error de IntelliGit: {message},Erreur IntelliGit : {message},IntelliGitエラー: {message},IntelliGit 오류: {message},Błąd IntelliGit: {message},Erro do IntelliGit: {message},Erro do IntelliGit: {message},Ошибка IntelliGit: {message},IntelliGit 错误：{message},IntelliGit 錯誤：{message}
host,l10n/bundle.l10n.json,Invalid merge file path: {message},,,Invalid merge file path: {message},"Extension-host runtime prompt, progress, confirmation action, or notification.",{message},Git; commit; branch; rebase; merge; push; remote; HEAD; VS Code; JetBrains,Ungültiger Zusammenführungsdateipfad: {message},Ruta de archivo de fusión no válida: {message},Chemin d'accès au fichier de fusion invalide : {message},無効なマージファイルパス: {message},잘못된 병합 파일 경로: {message},Nieprawidłowa ścieżka do pliku scalania: {message},Caminho de arquivo de mesclagem inválido: {message},Caminho de arquivo de mesclagem inválido: {message},Неверный путь к файлу слияния: {message},合并文件路径无效：{message},合併檔案路徑無效：{message}
host,l10n/bundle.l10n.json,Invalid merge resolution content for {path}.,,,Invalid merge resolution content for {path}.,"Extension-host runtime prompt, progress, confirmation action, or notification.",{path},Git; commit; branch; rebase; merge; push; remote; HEAD; VS Code; JetBrains,Ungültiger Inhalt der Zusammenführungsauflösung für {path}.,Contenido de resolución de fusión no válido para {path}.,Contenu de résolution de fusion invalide pour {path}.,{path} のマージ解決コンテンツが無効です。,{path}에 대한 병합 해결 콘텐츠가 잘못되었습니다.,Nieprawidłowa zawartość rozwiązania scalenia dla {path}.,Conteúdo de resolução de mesclagem inválido para {path}.,Conteúdo de resolução de mesclagem inválido para {path}.,Недопустимое содержимое разрешения слияния для {path}.,{path} 的合并解析内容无效。,{path} 的合併解析內容無效。
host,l10n/bundle.l10n.json,Make sure your SSH key is loaded: run `ssh-add -l` in a terminal to list loaded keys.,,,Make sure your SSH key is loaded: run `ssh-add -l` in a terminal to list loaded keys.,"Extension-host runtime prompt, progress, confirmation action, or notification.",,Git; commit; branch; rebase; merge; push; remote; HEAD; VS Code; JetBrains,"Stellen Sie sicher, dass Ihr SSH-Schlüssel geladen ist: Führen Sie `ssh-add -l` in einem Terminal aus, um die geladenen Schlüssel aufzulisten.",Asegúrate de que tu clave SSH esté cargada: ejecuta `ssh-add -l` en una terminal para listar las claves cargadas.,Assurez-vous que votre clé SSH est chargée : exécutez `ssh-add -l` dans un terminal pour lister les clés chargées.,SSHキーがロードされていることを確認してください。ターミナルで`ssh-add -l`を実行すると、ロードされているキーの一覧が表示されます。,SSH 키가 로드되었는지 확인하려면 터미널에서 `ssh-add -l` 명령을 실행하여 로드된 키 목록을 확인하세요.,"Sprawdź, czy Twój klucz SSH jest załadowany: uruchom `ssh-add -l` w terminalu, aby wyświetlić listę załadowanych kluczy.",Certifique-se de que sua chave SSH esteja carregada: execute `ssh-add -l` em um terminal para listar as chaves carregadas.,Certifique-se de que sua chave SSH esteja carregada: execute `ssh-add -l` em um terminal para listar as chaves carregadas.,"Убедитесь, что ваш SSH-ключ загружен: выполните команду `ssh-add -l` в терминале, чтобы отобразить список загруженных ключей.",请确保您的 SSH 密钥已加载：在终端中运行 `ssh-add -l` 列出已加载的密钥。,請確保您的 SSH 金鑰已載入：在終端機中執行 `ssh-add -l` 列出已載入的金鑰。
host,l10n/bundle.l10n.json,Merged and staged: {path},,,Merged and staged: {path},"Extension-host runtime prompt, progress, confirmation action, or notification.",{path},Git; commit; branch; rebase; merge; push; remote; HEAD; VS Code; JetBrains,Zusammengeführt und bereitgestellt: {path},Fusionado y preparado: {path},Fusionné et préparé : {path},マージおよびステージング済み: {path},병합 및 스테이징됨: {path},Scalono i dodano do indeksu: {path},Mesclado e preparado: {path},Mesclado e preparado: {path},Объединено и подготовлено: {path},已合并并暂存：{path},已合併並暫存：{path}
host,l10n/bundle.l10n.json,No file-level patch found for {path} in {short}.,,,No file-level patch found for {path} in {short}.,"Extension-host runtime prompt, progress, confirmation action, or notification.",{path} {short},Git; commit; branch; rebase; merge; push; remote; HEAD; VS Code; JetBrains,Für {path} in {short} wurde kein Patch auf Dateiebene gefunden.,No se encontró ningún parche a nivel de archivo para {path} en {short}.,Aucun correctif au niveau du fichier trouvé pour {path} dans {short}.,{short} 内の {path} に対するファイルレベルのパッチは見つかりませんでした。,{short}에서 {path}에 대한 파일 수준 패치를 찾을 수 없습니다.,Nie znaleziono patcha na poziomie pliku dla {path} w {short}.,Não foi encontrado nenhum patch de nível de arquivo para {path} em {short}.,Não foi encontrado nenhum patch de nível de arquivo para {path} em {short}.,Для {path} в {short} не найдено патча на уровне файла.,在 {short} 中未找到 {path} 的文件级补丁。,在 {short} 中找不到 {path} 的檔案級補丁。
host,l10n/bundle.l10n.json,No recent file history found. Enter a revision for {path},,,No recent file history found. Enter a revision for {path},"Extension-host runtime prompt, progress, confirmation action, or notification.",{path},Git; commit; branch; rebase; merge; push; remote; HEAD; VS Code; JetBrains,Es wurden keine aktuellen Dateiversionsverläufe gefunden. Geben Sie eine Revision für {path} ein.,No se encontró historial de archivos reciente. Introduzca una revisión para {path}.,Aucun historique de fichiers récent trouvé. Veuillez saisir une révision pour {path},最近のファイル履歴が見つかりませんでした。{path} のリビジョンを入力してください。,최근 파일 기록이 없습니다. {path}의 수정 버전을 입력하세요.,Nie znaleziono historii ostatniego pliku. Wprowadź wersję dla {path},Nenhum histórico de arquivos recente encontrado. Insira uma revisão para {path},Nenhum histórico de arquivos recente encontrado. Insira uma revisão para {path},История изменений файлов не найдена. Введите номер ревизии для {path},未找到最近的文件历史记录。请输入 {path} 的修订版本。,未找到最近的文件歷史記錄。請輸入 {path} 的修訂版本。
host,l10n/bundle.l10n.json,Parent {number} ({short}),,,Parent {number} ({short}),"Extension-host runtime prompt, progress, confirmation action, or notification.",{number} {short},Git; commit; branch; rebase; merge; push; remote; HEAD; VS Code; JetBrains,Elternteil {number} ({short}),Padre {number} ({short}),Parent {number} ({short}),親 {number} ({short}),부모 {number} ({short}),Rodzic {number} ({short}),Pai {number} ({short}),Pai {number} ({short}),Родительский {number} ({short}),父级 {number} ({short}),父級 {number} ({short})
host,l10n/bundle.l10n.json,Publish Branch...,,,Publish Branch...,"Extension-host runtime prompt, progress, confirmation action, or notification.",,Git; commit; branch; rebase; merge; push; remote; HEAD; VS Code; JetBrains,Branch veröffentlichen...,Publicar rama...,Publier la branche...,ブランチを公開...,브랜치 게시...,Opublikuj branch...,Publicar branch...,Publicar branch...,Опубликовать ветку...,发布分支...,發布分支...
host,l10n/bundle.l10n.json,Rebase and Push,,,Rebase and Push,"Extension-host runtime prompt, progress, confirmation action, or notification.",,Git; commit; branch; rebase; merge; push; remote; HEAD; VS Code; JetBrains,Rebase und Push,Rebase y Push,Rebase et Push,リベースしてプッシュ,리베이스 및 푸시,Rebase i Push,Rebase e Push,Rebase e Push,Перебазирование и отправка,变基并推送,變基並推送
host,l10n/bundle.l10n.json,Rebase and push failed: {message},,,Rebase and push failed: {message},"Extension-host runtime prompt, progress, confirmation action, or notification.",{message},Git; commit; branch; rebase; merge; push; remote; HEAD; VS Code; JetBrains,Rebase und Push fehlgeschlagen: {message},Error al hacer rebase y push: {message},Échec du rebasage et du push : {message},リベースとプッシュに失敗しました: {message},리베이스 및 푸시 실패: {message},Nie udało się wykonać rebase i push: {message},Falha no rebase e push: {message},Falha no rebase e push: {message},Перебазирование и отправка не удались: {message},变基和推送失败：{message},變基與推送失敗：{message}
host,l10n/bundle.l10n.json,Rebasing and pushing current branch...,,,Rebasing and pushing current branch...,"Extension-host runtime prompt, progress, confirmation action, or notification.",,Git; commit; branch; rebase; merge; push; remote; HEAD; VS Code; JetBrains,Rebase und Push des aktuellen Branches...,Rebasando y subiendo la rama actual...,Rebasage et envoi de la branche actuelle...,現在のブランチをリベースしてプッシュしています...,현재 브랜치를 리베이스하고 푸시하는 중...,Wykonywanie rebase i push bieżącej gałęzi...,Rebaseando e enviando o branch atual...,Rebaseando e enviando o branch atual...,Перебазирование и отправка текущей ветки...,正在变基并推送当前分支...,正在變基並推送目前分支...
host,l10n/bundle.l10n.json,"Remote ""origin"" already exists. How do you want to proceed?",,,"Remote ""origin"" already exists. How do you want to proceed?","Extension-host runtime prompt, progress, confirmation action, or notification.",,Git; commit; branch; rebase; merge; push; remote; HEAD; VS Code; JetBrains,Der origin-Remote existiert bereits. Wie möchten Sie fortfahren?,"El remoto ""origin"" ya existe. ¿Cómo deseas continuar?",Le dépôt distant « origin » existe déjà. Comment souhaitez-vous procéder ?,リモートの「オリジン」は既に存在します。どのように進めますか？ origin,"원격 ""origin""이 이미 존재합니다. 어떻게 진행하시겠습니까?",Zdalny „origin” już istnieje. Jak chcesz kontynuować?,"O remoto ""origin"" já existe. Como deseja prosseguir?","O remoto ""origin"" já existe. Como pretende continuar?",Удалённый репозиторий «origin» уже существует. Как продолжить?,远程“origin”已存在。您想如何继续？,遠端「origin」已存在。您想如何繼續？
host,l10n/bundle.l10n.json,Resolved: {path},,,Resolved: {path},"Extension-host runtime prompt, progress, confirmation action, or notification.",{path},Git; commit; branch; rebase; merge; push; remote; HEAD; VS Code; JetBrains,Aufgelöst: {path},Resuelto: {path},Résolu : {path},解決済み: {path},해결됨: {path},Rozwiązano: {path},Resolvido: {path},Resolvido: {path},Решено: {path},已解决：{path},已解決：{path}
host,l10n/bundle.l10n.json,Restore,,,Restore,"Extension-host runtime prompt, progress, confirmation action, or notification.",,Git; commit; branch; rebase; merge; push; remote; HEAD; VS Code; JetBrains,Wiederherstellen,Restaurar,Restaurer,復元する,복원하다,Przywróć,Restaurar,Restaurar,Восстановить,恢复,恢復
host,l10n/bundle.l10n.json,Restore failed: {message},,,Restore failed: {message},"Extension-host runtime prompt, progress, confirmation action, or notification.",{message},Git; commit; branch; rebase; merge; push; remote; HEAD; VS Code; JetBrains,Wiederherstellung fehlgeschlagen: {message},Error al restaurar: {message},Échec de la restauration : {message},復元に失敗しました: {message},복원 실패: {message},Przywracanie nie powiodło się: {message},Restauração falhou: {message},Restauração falhou: {message},Восстановление не удалось: {message},恢复失败：{message},恢復失敗：{message}
host,l10n/bundle.l10n.json,Restored {branch},,,Restored {branch},"Extension-host runtime prompt, progress, confirmation action, or notification.",{branch},Git; commit; branch; rebase; merge; push; remote; HEAD; VS Code; JetBrains,Wiederhergestellt {branch},Restaurado {branch},{branch} restaurée,復元された{branch},복원된 {branch},Przywrócono {branch},Restaurado {branch},Restaurado {branch},Восстановлена ​​{branch},已恢复 {branch},已恢復 {branch}
host,l10n/bundle.l10n.json,Revert Change,,,Revert Change,"Extension-host runtime prompt, progress, confirmation action, or notification.",,Git; commit; branch; rebase; merge; push; remote; HEAD; VS Code; JetBrains,Änderung rückgängig machen,Revertir cambios,Annuler la modification,変更を元に戻す,변경 사항 되돌리기,Przywróć zmianę,Reverter alteração,Reverter alteração,Отменить изменение,撤销更改,撤銷更改
host,l10n/bundle.l10n.json,Revert Selected Change,,,Revert Selected Change,"Extension-host runtime prompt, progress, confirmation action, or notification.",,Git; commit; branch; rebase; merge; push; remote; HEAD; VS Code; JetBrains,Ausgewählte Änderung rückgängig machen,Revertir los cambios seleccionados,Annuler la modification sélectionnée,選択した変更を元に戻す,선택한 변경 사항 되돌리기,Przywróć wybraną zmianę,Reverter alteração selecionada,Reverter alteração selecionada,Отменить выбранное изменение,撤销所选更改,撤銷所選更改
host,l10n/bundle.l10n.json,Revert selected change failed: {message},,,Revert selected change failed: {message},"Extension-host runtime prompt, progress, confirmation action, or notification.",{message},Git; commit; branch; rebase; merge; push; remote; HEAD; VS Code; JetBrains,Die ausgewählte Änderung konnte nicht rückgängig gemacht werden: {message},Error al revertir el cambio seleccionado: {message},L'annulation de la modification sélectionnée a échoué : {message},選択した変更を元に戻すのに失敗しました: {message},선택한 변경 사항 되돌리기 실패: {message},Nie udało się przywrócić wybranej zmiany: {message},A reversão da alteração selecionada falhou: {message},A reversão da alteração selecionada falhou: {message},Отмена выбранного изменения не удалась: {message},撤销所选更改失败：{message},撤銷所選變更失敗：{message}
host,l10n/bundle.l10n.json,Reverted selected change from {short} for {path}.,,,Reverted selected change from {short} for {path}.,"Extension-host runtime prompt, progress, confirmation action, or notification.",{short} {path},Git; commit; branch; rebase; merge; push; remote; HEAD; VS Code; JetBrains,Die ausgewählte Änderung von {short} für {path} wurde rückgängig gemacht.,Se revirtió el cambio seleccionado de {short} para {path}.,Modification sélectionnée annulée : {short} remplacé par {path}.,{short} から {path} への選択された変更を元に戻しました。,{short}에서 {path}로 변경한 내용을 되돌렸습니다.,Przywrócono wybraną zmianę z {short} dla {path}.,Revertida a alteração selecionada de {short} para {path}.,Revertida a alteração selecionada de {short} para {path}.,Отменено выбранное изменение из {short} для {path}.,已还原来自 {short} 的 {path} 的选定更改。,已還原來自 {short} 的 {path} 的選定變更。
host,l10n/bundle.l10n.json,Reverting selected change for {path}...,,,Reverting selected change for {path}...,"Extension-host runtime prompt, progress, confirmation action, or notification.",{path},Git; commit; branch; rebase; merge; push; remote; HEAD; VS Code; JetBrains,Die ausgewählte Änderung für {path} wird rückgängig gemacht...,Revirtiendo el cambio seleccionado para {path}...,Annulation de la modification sélectionnée pour {path}...,{path} の選択した変更を元に戻しています...,{path}에 대해 선택한 변경 사항을 되돌리는 중...,Przywracanie wybranej zmiany dla {path}...,Revertendo a alteração selecionada para {path}...,Revertendo a alteração selecionada para {path}...,Отмена выбранного изменения для {path}...,正在撤销对 {path} 的选定更改...,正在撤銷對 {path} 的選定變更...
host,l10n/bundle.l10n.json,Rollback failed: {message},,,Rollback failed: {message},"Extension-host runtime prompt, progress, confirmation action, or notification.",{message},Git; commit; branch; rebase; merge; push; remote; HEAD; VS Code; JetBrains,Rollback fehlgeschlagen: {message},Error al revertir la operación: {message},Échec du rollback : {message},ロールバックに失敗しました: {message},롤백 실패: {message},Nie udało się wycofać: {message},O rollback falhou: {message},O rollback falhou: {message},Откат не удался: {message},回滚失败：{message},回滾失敗：{message}
host,l10n/bundle.l10n.json,"Run the ""GitHub: Sign Out"" command, then retry.",,,"Run the ""GitHub: Sign Out"" command, then retry.","Extension-host runtime prompt, progress, confirmation action, or notification.",,Git; commit; branch; rebase; merge; push; remote; HEAD; VS Code; JetBrains,Führen Sie den Befehl „GitHub: Abmelden“ aus und versuchen Sie es dann erneut.,"Ejecuta el comando ""GitHub: Cerrar sesión"" y vuelve a intentarlo.","Exécutez la commande « GitHub : Se déconnecter », puis réessayez.",「GitHub: サインアウト」コマンドを実行してから、もう一度お試しください。,"""GitHub: 로그아웃"" 명령을 실행한 다음 다시 시도하세요.",Uruchom polecenie „GitHub: Sign Out” i spróbuj ponownie.,"Execute o comando ""GitHub: Sair"" e tente novamente.","Execute o comando ""GitHub: Sair"" e tente novamente.","Выполните команду ""GitHub: Sign Out"", затем повторите попытку.",运行“GitHub: Sign Out”命令，然后重试。,執行“GitHub: Sign Out”命令，然後重試。
host,l10n/bundle.l10n.json,SSH clone failed,,,SSH clone failed,"Extension-host runtime prompt, progress, confirmation action, or notification.",,Git; commit; branch; rebase; merge; push; remote; HEAD; VS Code; JetBrains,SSH-Klonen fehlgeschlagen,Falló la clonación SSH.,Échec du clonage SSH,SSHクローンが失敗しました,SSH 클론 실패,Klonowanie przez SSH nie powiodło się,A clonagem SSH falhou,A clonagem SSH falhou,Клонирование SSH не удалось.,SSH 克隆失败,SSH 克隆失敗
host,l10n/bundle.l10n.json,Select a recent revision for {path},,,Select a recent revision for {path},"Extension-host runtime prompt, progress, confirmation action, or notification.",{path},Git; commit; branch; rebase; merge; push; remote; HEAD; VS Code; JetBrains,Wählen Sie eine aktuelle Revision für {path} aus.,Seleccione una revisión reciente para {path},Sélectionnez une révision récente pour {path},{path} の最新のリビジョンを選択してください。,{path}에 대한 최근 수정 버전을 선택하세요,Wybierz ostatnią wersję dla {path},Selecione uma revisão recente para {path},Selecione uma revisão recente para {path},Выберите последнюю версию для {path},选择 {path} 的最新修订版本,選擇 {path} 的最新修訂版本
host,l10n/bundle.l10n.json,The host key is not in your known_hosts file. Run `ssh-keyscan -H github.com >> ~/.ssh/known_hosts` (or the appropriate host).,,,The host key is not in your known_hosts file. Run `ssh-keyscan -H github.com >> ~/.ssh/known_hosts` (or the appropriate host).,"Extension-host runtime prompt, progress, confirmation action, or notification.",,Git; commit; branch; rebase; merge; push; remote; HEAD; VS Code; JetBrains,Der Host-Schlüssel befindet sich nicht in Ihrer known_hosts-Datei. Führen Sie `ssh-keyscan -H github.com >> ~/.ssh/known_hosts` (oder den entsprechenden Host) aus.,La clave de host no se encuentra en su archivo known_hosts. Ejecute `ssh-keyscan -H github.com >> ~/.ssh/known_hosts` (o el host correspondiente).,La clé de l'hôte ne figure pas dans votre fichier known_hosts. Exécutez la commande `ssh-keyscan -H github.com >> ~/.ssh/known_hosts` (ou l'hôte approprié).,ホストキーが known_hosts ファイルに登録されていません。`ssh-keyscan -H github.com >> ~/.ssh/known_hosts` (または適切なホスト) を実行してください。,호스트 키가 known_hosts 파일에 없습니다. `ssh-keyscan -H github.com >> ~/.ssh/known_hosts` (또는 해당 호스트) 명령어를 실행하세요.,Klucza hosta nie ma w pliku known_hosts. Uruchom `ssh-keyscan -H github.com >> ~/.ssh/known_hosts` (lub odpowiedni host).,A chave do host não está no seu arquivo known_hosts. Execute `ssh-keyscan -H github.com >> ~/.ssh/known_hosts` (ou a chave do host correspondente).,A chave do host não está no seu arquivo known_hosts. Execute `ssh-keyscan -H github.com >> ~/.ssh/known_hosts` (ou a chave do host correspondente).,Ключ хоста отсутствует в файле known_hosts. Выполните команду `ssh-keyscan -H github.com >> ~/.ssh/known_hosts` (или для соответствующего хоста).,主机密钥不在您的 known_hosts 文件中。运行 `ssh-keyscan -H github.com >> ~/.ssh/known_hosts`（或相应的主机）。,主機金鑰不在您的 known_hosts 檔案中。執行 `ssh-keyscan -H github.com >> ~/.ssh/known_hosts`（或對應的主機）。
host,l10n/bundle.l10n.json,The repository may not exist or is private and your token does not have access.,,,The repository may not exist or is private and your token does not have access.,"Extension-host runtime prompt, progress, confirmation action, or notification.",,Git; commit; branch; rebase; merge; push; remote; HEAD; VS Code; JetBrains,"Das Repository existiert möglicherweise nicht oder ist privat, und Ihr Token hat keinen Zugriff darauf.","Es posible que el repositorio no exista o sea privado, y que su token no tenga acceso.",Le dépôt peut ne pas exister ou être privé et votre jeton ne vous y donne pas accès.,リポジトリが存在しないか、非公開であるため、あなたのトークンではアクセスできません。,"해당 저장소가 존재하지 않거나 비공개이며, 귀하의 토큰에 접근 권한이 없을 수 있습니다.","Repozytorium może nie istnieć lub jest prywatne, a Twój token nie ma do niego dostępu.","O repositório pode não existir ou ser privado, e seu token não tem acesso.","O repositório pode não existir ou ser privado, e seu token não tem acesso.","Возможно, репозиторий не существует или является закрытым, и ваш токен не имеет к нему доступа.",该存储库可能不存在或为私有存储库，您的令牌没有访问权限。,該儲存庫可能不存在或為私有儲存庫，您的令牌沒有存取權限。
host,l10n/bundle.l10n.json,The repository may not exist or you do not have access to it.,,,The repository may not exist or you do not have access to it.,"Extension-host runtime prompt, progress, confirmation action, or notification.",,Git; commit; branch; rebase; merge; push; remote; HEAD; VS Code; JetBrains,Das Repository existiert möglicherweise nicht oder Sie haben keinen Zugriff darauf.,Es posible que el repositorio no exista o que usted no tenga acceso a él.,Le dépôt n'existe peut-être pas ou vous n'y avez pas accès.,リポジトリが存在しないか、アクセス権がない可能性があります。,해당 저장소가 존재하지 않거나 접근 권한이 없을 수 있습니다.,Być może repozytorium nie istnieje lub nie masz do niego dostępu.,O repositório pode não existir ou você pode não ter acesso a ele.,O repositório pode não existir ou você pode não ter acesso a ele.,"Возможно, репозиторий не существует, или у вас нет к нему доступа.",该存储库可能不存在，或者您没有访问权限。,該儲存庫可能不存在，或者您沒有存取權限。
host,l10n/bundle.l10n.json,"To clear a saved token, select ""Clear Saved Token"" when prompted on the next attempt.",,,"To clear a saved token, select ""Clear Saved Token"" when prompted on the next attempt.","Extension-host runtime prompt, progress, confirmation action, or notification.",,Git; commit; branch; rebase; merge; push; remote; HEAD; VS Code; JetBrains,"Um ein gespeichertes Token zu löschen, wählen Sie beim nächsten Versuch die Option „Gespeichertes Token löschen“.","Para borrar un token guardado, seleccione ""Borrar token guardado"" cuando se le solicite en el siguiente intento.","Pour effacer un jeton enregistré, sélectionnez « Effacer le jeton enregistré » lorsque le système vous y invite lors de votre prochaine tentative.",保存済みのトークンを削除するには、次回試行時にプロンプ​​トが表示されたら「保存済みトークンをクリア」を選択してください。,"저장된 토큰을 삭제하려면 다음 시도 시 메시지가 표시되면 ""저장된 토큰 삭제""를 선택하십시오.","Aby wyczyścić zapisany token, wybierz opcję „Wyczyść zapisany token” podczas następnej próby, gdy pojawi się monit.","Para limpar um token salvo, selecione ""Limpar token salvo"" quando solicitado na próxima tentativa.","Para limpar um token salvo, selecione ""Limpar token salvo"" quando solicitado na próxima tentativa.","Чтобы удалить сохраненный токен, выберите «Удалить сохраненный токен» при следующем запросе.",要清除已保存的令牌，请在下次尝试时出现提示时选择“清除已保存的令牌”。,若要清除已儲存的令牌，請在下次嘗試時出現提示時選擇「清除已儲存的令牌」。
host,l10n/bundle.l10n.json,Unable to move IntelliGit to a new window automatically: {message},,,Unable to move IntelliGit to a new window automatically: {message},"Extension-host runtime prompt, progress, confirmation action, or notification.",{message},Git; commit; branch; rebase; merge; push; remote; HEAD; VS Code; JetBrains,IntelliGit konnte nicht automatisch in ein neues Fenster verschoben werden: {message},No se puede mover IntelliGit a una nueva ventana automáticamente: {message},Impossible de déplacer automatiquement IntelliGit dans une nouvelle fenêtre : {message},IntelliGitを新しいウィンドウに自動的に移動できませんでした: {message},IntelliGit을 자동으로 새 창으로 이동할 수 없습니다: {message},Nie można automatycznie przenieść IntelliGit do nowego okna: {message},Não foi possível mover o IntelliGit para uma nova janela automaticamente: {message},Não foi possível mover o IntelliGit para uma nova janela automaticamente: {message},Не удаётся автоматически переместить IntelliGit в новое окно: {message},无法自动将 IntelliGit 移动到新窗口：{message},無法自動將 IntelliGit 移至新視窗：{message}
host,l10n/bundle.l10n.json,Usually the target branch side of the merge.,,,Usually the target branch side of the merge.,"Extension-host runtime prompt, progress, confirmation action, or notification.",,Git; commit; branch; rebase; merge; push; remote; HEAD; VS Code; JetBrains,"Üblicherweise die Seite des Zielzweigs, die vom Merge betroffen ist.","Normalmente, se trata del lado de la rama de destino de la fusión.","Généralement, la branche cible de la fusion.",通常はマージのターゲットブランチ側です。,일반적으로 병합 시 대상 브랜치 측에서 발생합니다.,Zwykle jest to gałąź docelowa scalenia.,"Geralmente, o lado da ramificação de destino da mesclagem.","Geralmente, o lado da ramificação de destino da mesclagem.","Обычно это сторона слияния, являющаяся целевой веткой.",通常是合并的目标分支。,通常是合併的目標分支。
host,l10n/bundle.l10n.json,VS Code merge editor command failed ({message}). Opening the file instead.,,,VS Code merge editor command failed ({message}). Opening the file instead.,"Extension-host runtime prompt, progress, confirmation action, or notification.",{message},Git; commit; branch; rebase; merge; push; remote; HEAD; VS Code; JetBrains,Der Befehl zum Zusammenführen des VS Code-Editors ist fehlgeschlagen ({message}). Die Datei wird stattdessen geöffnet.,El comando del editor de combinación de VS Code falló ({message}). Se abrirá el archivo en su lugar.,La commande de fusion de l'éditeur VS Code a échoué ({message}). Ouverture du fichier à la place.,VS Codeのマージエディターコマンドが失敗しました（{message}）。代わりにファイルを開きます。,VS Code 병합 편집기 명령이 실패했습니다({message}). 대신 파일을 엽니다.,Polecenie edytora scalania VS Code nie powiodło się ({message}). Zamiast tego otwieram plik.,O comando de mesclagem do editor VS Code falhou ({message}). Abrindo o arquivo em vez disso.,O comando de mesclagem do editor VS Code falhou ({message}). Abrindo o arquivo em vez disso.,Команда слияния в редакторе VS Code завершилась с ошибкой ({message}). Вместо этого открывается файл.,VS Code 合并编辑器命令失败（{message}）。改为直接打开文件。,VS Code 合併編輯器指令失敗（{message}）。改為直接開啟文件。
host,l10n/bundle.l10n.json,Verify your public key is added to your Git hosting account settings.,,,Verify your public key is added to your Git hosting account settings.,"Extension-host runtime prompt, progress, confirmation action, or notification.",,Git; commit; branch; rebase; merge; push; remote; HEAD; VS Code; JetBrains,"Überprüfen Sie, ob Ihr öffentlicher Schlüssel in den Einstellungen Ihres Git-Hosting-Kontos hinzugefügt wurde.",Verifica que tu clave pública esté agregada a la configuración de tu cuenta de alojamiento Git.,Vérifiez que votre clé publique est bien ajoutée aux paramètres de votre compte d'hébergement Git.,Gitホスティングアカウントの設定に公開鍵が追加されていることを確認してください。,Git 호스팅 계정 설정에 공개 키가 추가되었는지 확인하십시오.,"Sprawdź, czy Twój klucz publiczny został dodany do ustawień konta hostingowego Git.",Verifique se sua chave pública foi adicionada às configurações da sua conta de hospedagem Git.,Verifique se sua chave pública foi adicionada às configurações da sua conta de hospedagem Git.,"Убедитесь, что ваш открытый ключ добавлен в настройки вашей учетной записи Git-хостинга.",请确认您的公钥已添加到您的 Git 托管帐户设置中。,請確認您的公鑰已新增至您的 Git 託管帳戶設定。
host,l10n/bundle.l10n.json,Your GitHub token may have expired or lacks the necessary permissions. Try signing in again.,,,Your GitHub token may have expired or lacks the necessary permissions. Try signing in again.,"Extension-host runtime prompt, progress, confirmation action, or notification.",,Git; commit; branch; rebase; merge; push; remote; HEAD; VS Code; JetBrains,"Ihr GitHub-Token ist möglicherweise abgelaufen oder verfügt nicht über die erforderlichen Berechtigungen. Versuchen Sie, sich erneut anzumelden.",Es posible que tu token de GitHub haya caducado o no tenga los permisos necesarios. Intenta iniciar sesión de nuevo.,Votre jeton GitHub a peut-être expiré ou vous ne disposez pas des autorisations nécessaires. Veuillez réessayer de vous connecter.,GitHubトークンの有効期限が切れているか、必要な権限が付与されていない可能性があります。再度ログインしてみてください。,GitHub 토큰이 만료되었거나 필요한 권한이 부족할 수 있습니다. 다시 로그인해 보세요.,Twój token GitHub mógł wygasnąć lub nie posiada wymaganych uprawnień. Spróbuj zalogować się ponownie.,Seu token do GitHub pode ter expirado ou não ter as permissões necessárias. Tente fazer login novamente.,Seu token do GitHub pode ter expirado ou não ter as permissões necessárias. Tente fazer login novamente.,"Возможно, срок действия вашего токена GitHub истек или у него отсутствуют необходимые права доступа. Попробуйте войти снова.",您的GitHub令牌可能已过期或缺少必要的权限。请尝试重新登录。,您的GitHub令牌可能已過期或缺少必要的權限。請嘗試重新登入。
host,l10n/bundle.l10n.json,Your GitLab personal access token may be invalid or expired.,,,Your GitLab personal access token may be invalid or expired.,"Extension-host runtime prompt, progress, confirmation action, or notification.",,Git; commit; branch; rebase; merge; push; remote; HEAD; VS Code; JetBrains,Ihr persönliches GitLab-Zugriffstoken ist möglicherweise ungültig oder abgelaufen.,Es posible que tu token de acceso personal de GitLab no sea válido o haya caducado.,Votre jeton d'accès personnel GitLab est peut-être invalide ou expiré.,GitLabの個人アクセストークンが無効または期限切れになっている可能性があります。,GitLab 개인 액세스 토큰이 유효하지 않거나 만료되었을 수 있습니다.,Twój osobisty token dostępu GitLab może być nieprawidłowy lub wygasł.,Seu token de acesso pessoal do GitLab pode ser inválido ou ter expirado.,Seu token de acesso pessoal do GitLab pode ser inválido ou ter expirado.,Ваш персональный токен доступа GitLab может быть недействительным или просроченным.,您的 GitLab 个人访问令牌可能无效或已过期。,您的 GitLab 個人存取權杖可能無效或已過期。
host,l10n/bundle.l10n.json,{action}: select mainline parent,,,{action}: select mainline parent,"Extension-host runtime prompt, progress, confirmation action, or notification.",{action},Git; commit; branch; rebase; merge; push; remote; HEAD; VS Code; JetBrains,{action}: Hauptlinie auswählen,{action}: seleccionar padre principal,{action}: sélectionner le parent principal,{action}: メインラインの親を選択,{action}: 메인라인 부모 선택,{action}: wybierz nadrzędny element linii głównej,{action}: selecione o pai da linha principal,{action}: selecione o pai da linha principal,{action}: выбрать родительскую ветку основной строки,{action}: 选择主线父级,{action}: 選擇主線父級
host,l10n/bundle.l10n.json,{title}: {detail}{hintText},,,{title}: {detail}{hintText},"Extension-host runtime prompt, progress, confirmation action, or notification.",{title} {detail} {hintText},Git; commit; branch; rebase; merge; push; remote; HEAD; VS Code; JetBrains,{title}: {detail}{hintText},{title}: {detail}{hintText},{title}: {detail}{hintText},{title}: {detail}{hintText},{title}: {detail}{hintText},{title}: {detail}{hintText},{title}: {detail}{hintText},{title}: {detail}{hintText},{title}: {detail}{hintText},{title}: {detail}{hintText},{title}: {detail} {hintText}
webview,src/webviews/i18n/en.json,branch.head.label,,,HEAD ({name}),Webview branch or merge editor UI.,{name},Git; branch; HEAD; hunk,HEAD ({name}),CABECERA ({name}),HEAD ({name}),HEAD ({name}),HEAD ({name}),HEAD ({name}),HEAD ({name}),HEAD ({name}),ЗАГОЛОВОК ({name}),HEAD（{name}）,HEAD（{name}）
webview,src/webviews/i18n/en.json,merge.overview.jumpToHunk,,,Jump to hunk #{ordinal},Webview branch or merge editor UI.,{ordinal},Git; branch; HEAD; hunk,Springe zu Abschnitt #{ordinal},Saltar al trozo #{ordinal},Passer au bloc n°{ordinal},チャンク#{ordinal}にジャンプ,Hunk #{ordinal}로 이동,Przejdź do fragmentu #{ordinal},Ir para o bloco #{ordinal},Ir para o bloco #{ordinal},Перейти к фрагменту #{ordinal},跳转到编号为 #{ordinal} 的块,跳到編號為 #{ordinal} 的區塊
manifest,package.nls.json,view.fileCountBadge,,,Changed Files,VS Code view title.,,,Geänderte Dateien,Archivos modificados,Fichiers modifiés,変更されたファイル,변경된 파일,Zmienione pliki,Arquivos alterados,Arquivos alterados,Измененные файлы,已更改的文件,已更改的文件
host,l10n/bundle.l10n.json,{count} changed file,,,{count} changed file,Extension-host activity bar changed-files badge tooltip.,{count},,{count} Datei geändert,{count} archivo modificado,{count} fichier modifié,{count} 個のファイルが変更されました,{count}개 파일 변경됨,{count} plik zmieniony,{count} arquivo alterado,{count} ficheiro alterado,{count} файл изменён,{count} 个文件已更改,{count} 個檔案已變更
host,l10n/bundle.l10n.json,{count} changed files,,,{count} changed files,Extension-host activity bar changed-files badge tooltip.,{count},,{count} geänderte Dateien,{count} archivos modificados,{count} fichiers modifiés,{count} 個のファイルが変更されました,{count}개 파일 변경됨,{count} zmienionych plików,{count} arquivos alterados,{count} ficheiros alterados,{count} файлов изменено,{count} 个文件已更改,{count} 個檔案已變更
host,l10n/bundle.l10n.json,Some commit change stats may be unavailable.,,,Some commit change stats may be unavailable.,Extension-host runtime warning notification.,,Git; commit; branch; rebase; merge; push; remote; HEAD; VS Code; JetBrains,Einige Commit-Änderungsstatistiken sind möglicherweise nicht verfügbar.,Es posible que algunas estadísticas de cambios del commit no estén disponibles.,Certaines statistiques de modification du commit peuvent être indisponibles.,コミットの変更統計の一部を利用できない場合があります。,일부 커밋 변경 통계를 사용할 수 없을 수 있습니다.,Niektóre statystyki zmian w commicie mogą być niedostępne.,Algumas estatísticas de alterações do commit podem estar indisponíveis.,Algumas estatísticas de alterações do commit podem estar indisponíveis.,Некоторые статистические данные изменений коммита могут быть недоступны.,部分提交变更统计信息可能无法获取。,部分提交變更統計資訊可能無法取得。
host,l10n/bundle.l10n.json,Some staged change stats may be unavailable.,,,Some staged change stats may be unavailable.,Extension-host runtime warning notification.,,Git; commit; branch; rebase; merge; push; remote; HEAD; VS Code; JetBrains,Einige Statistiken zu gestagten Änderungen sind möglicherweise nicht verfügbar.,Es posible que algunas estadísticas de cambios preparados no estén disponibles.,Certaines statistiques de modifications indexées peuvent être indisponibles.,ステージ済み変更の統計の一部を利用できない場合があります。,일부 스테이징된 변경 통계를 사용할 수 없을 수 있습니다.,Niektóre statystyki zmian w indeksie mogą być niedostępne.,Algumas estatísticas de alterações preparadas podem estar indisponíveis.,Algumas estatísticas de alterações preparadas podem estar indisponíveis.,Некоторые статистические данные подготовленных изменений могут быть недоступны.,部分已暂存变更统计信息可能无法获取。,部分已暫存變更統計資訊可能無法取得。
host,l10n/bundle.l10n.json,Some unstaged change stats may be unavailable.,,,Some unstaged change stats may be unavailable.,Extension-host runtime warning notification.,,Git; commit; branch; rebase; merge; push; remote; HEAD; VS Code; JetBrains,Einige Statistiken zu nicht gestagten Änderungen sind möglicherweise nicht verfügbar.,Es posible que algunas estadísticas de cambios no preparados no estén disponibles.,Certaines statistiques de modifications non indexées peuvent être indisponibles.,未ステージ変更の統計の一部を利用できない場合があります。,일부 스테이징되지 않은 변경 통계를 사용할 수 없을 수 있습니다.,Niektóre statystyki zmian poza indeksem mogą być niedostępne.,Algumas estatísticas de alterações não preparadas podem estar indisponíveis.,Algumas estatísticas de alterações não preparadas podem estar indisponíveis.,Некоторые статистические данные неподготовленных изменений могут быть недоступны.,部分未暂存变更统计信息可能无法获取。,部分未暫存變更統計資訊可能無法取得。
host,l10n/bundle.l10n.json,"The local and remote branches have diverged. Merge or rebase the tracked remote branch, then try again.",,,"The local and remote branches have diverged. Merge or rebase the tracked remote branch, then try again.","Extension-host runtime notification, command label, prompt, or status message.",,remote; Merge,"Die lokale und die Remote-Branch sind auseinandergegangen. Führen Sie einen Merge oder Rebase der verfolgten Remote-Branch durch, und versuchen Sie es erneut.",La rama local y la remota han divergido. Fusiona o realiza un rebase de la rama remota rastreada y vuelve a intentarlo.,"La branche locale et la branche distante ont divergé. Fusionnez ou effectuez un rebase de la branche distante suivie, puis réessayez.",ローカル ブランチとリモート ブランチが分岐しています。追跡中のリモート ブランチをマージまたはリベースしてから、もう一度お試しください。,로컬 브랜치와 원격 브랜치가 갈라졌습니다. 추적 중인 원격 브랜치를 병합하거나 리베이스한 다음 다시 시도하세요.,"Gałąź lokalna i zdalna rozeszły się. Scal lub wykonaj rebase śledzonej gałęzi zdalnej, a następnie spróbuj ponownie.",A branch local e a remota divergiram. Faça merge ou rebase da branch remota rastreada e tente novamente.,A branch local e a remota divergiram. Efetue o merge ou rebase da branch remota rastreada e tente novamente.,"Локальная и удалённая ветки разошлись. Выполните merge или rebase отслеживаемой удалённой ветки, затем повторите попытку.",本地分支和远程分支已产生分歧。请合并或变基已跟踪的远程分支，然后重试。,本機分支和遠端分支已產生分歧。請合併或變基已追蹤的遠端分支，然後再試一次。
host,l10n/bundle.l10n.json,Open in Current Window,,,Open in Current Window,Extension-host action button label.,,,Im aktuellen Fenster öffnen,Abrir en la ventana actual,Ouvrir dans la fenêtre actuelle,現在のウィンドウで開く,현재 창에서 열기,Otwórz w bieżącym oknie,Abrir na janela atual,Abrir na janela atual,Открыть в текущем окне,在当前窗口中打开,在目前視窗中開啟
host,l10n/bundle.l10n.json,Must be a gitlab.com HTTPS URL,,,Must be a gitlab.com HTTPS URL,"Extension-host runtime notification, command label, prompt, or status message.",,URL,Muss eine HTTPS-URL von gitlab.com sein.,Debe ser una URL HTTPS de gitlab.com,Doit être une URL HTTPS de gitlab.com,gitlab.com の HTTPS URL である必要があります,gitlab.com HTTPS URL이어야 합니다.,Musi to być adres URL HTTPS gitlab.com,Deve ser um URL HTTPS do gitlab.com,Deve ser um URL HTTPS do gitlab.com,Это должен быть HTTPS-адрес gitlab.com.,必须是 gitlab.com 的 HTTPS URL,必須是 gitlab.com 的 HTTPS URL
host,l10n/bundle.l10n.json,URL must not include embedded credentials,,,URL must not include embedded credentials,"Extension-host runtime notification, command label, prompt, or status message.",,URL,Die URL darf keine eingebetteten Anmeldedaten enthalten.,La URL no debe incluir credenciales incrustadas.,L'URL ne doit pas inclure d'identifiants intégrés.,URL に埋め込み認証情報を含めることはできません。,URL에 포함된 자격 증명이 없어야 합니다.,Adres URL nie może zawierać osadzonych danych logowania.,O URL não deve incluir credenciais incorporadas.,O URL não deve incluir credenciais incorporadas.,URL не должен содержать встроенные учетные данные.,URL 不得包含嵌入的凭据,URL 不得包含嵌入的憑證
webview,src/webviews/i18n/en.json,branch.menu.deleteBranches,,,Delete Branches,Webview UI string.,,,Branches löschen,Eliminar ramas,Supprimer les branches,ブランチを削除,브랜치 삭제,Usuń gałęzie,Excluir branches,Eliminar ramos,Удалить ветки,删除分支,刪除分支
webview,src/webviews/i18n/en.json,merge.header.autoResolved,,,{count} auto-resolved,Webview UI string.,{count},,{count} automatisch aufgelöst,{count} resueltos automáticamente,{count} résolus automatiquement,{count} 件自動解決,{count}개 자동 해결됨,{count} rozwiązane automatycznie,{count} resolvidos automaticamente,{count} resolvidos automaticamente,{count} разрешено автоматически,{count} 个自动解决,{count} 個自動解決
webview,src/webviews/i18n/en.json,merge.status.edited,,,Edited,Webview UI string.,,,Edited,Edited,Edited,Edited,Edited,Edited,Edited,Edited,Edited,Edited,Edited
webview,src/webviews/i18n/en.json,merge.result.editHint,,,Double-click to edit the result,Webview UI string.,,,Double-click to edit the result,Double-click to edit the result,Double-click to edit the result,Double-click to edit the result,Double-click to edit the result,Double-click to edit the result,Double-click to edit the result,Double-click to edit the result,Double-click to edit the result,Double-click to edit the result,Double-click to edit the result
webview,src/webviews/i18n/en.json,merge.result.editingAria,,,Edit merge result block,Webview UI string.,,,Edit merge result block,Edit merge result block,Edit merge result block,Edit merge result block,Edit merge result block,Edit merge result block,Edit merge result block,Edit merge result block,Edit merge result block,Edit merge result block,Edit merge result block
webview,src/webviews/i18n/en.json,merge.status.autoResolved,,,Auto-resolved,Webview UI string.,,,Automatisch aufgelöst,Resuelto automáticamente,Résolu automatiquement,自動解決済み,자동 해결됨,Rozwiązano automatycznie,Resolvido automaticamente,Resolvido automaticamente,Разрешено автоматически,已自动解决,已自動解決
host,l10n/bundle.l10n.json,All checks passed,,,All checks passed,"Extension-host runtime notification, command label, prompt, or status message.",,,Alle Prüfungen bestanden,Todas las comprobaciones se completaron correctamente,Toutes les vérifications ont réussi,すべてのチェックに合格しました,모든 검사를 통과했습니다,Wszystkie sprawdzenia zakończone powodzeniem,Todas as verificações foram aprovadas,Todas as verificações foram aprovadas,Все проверки пройдены,所有检查均已通过,所有檢查皆已通過
host,l10n/bundle.l10n.json,Checks completed,,,Checks completed,"Extension-host runtime notification, command label, prompt, or status message.",,,Prüfungen abgeschlossen,Comprobaciones completadas,Vérifications terminées,チェックが完了しました,검사가 완료되었습니다,Sprawdzenia zakończone,Verificações concluídas,Verificações concluídas,Проверки завершены,检查已完成,檢查已完成
host,l10n/bundle.l10n.json,Checks failed,,,Checks failed,"Extension-host runtime notification, command label, prompt, or status message.",,,Prüfungen fehlgeschlagen,Comprobaciones fallidas,Échec des vérifications,チェックに失敗しました,검사가 실패했습니다,Sprawdzenia nie powiodły się,Falha nas verificações,Falha nas verificações,Проверки не пройдены,检查失败,檢查失敗
host,l10n/bundle.l10n.json,Checks pending,,,Checks pending,"Extension-host runtime notification, command label, prompt, or status message.",,,Prüfungen ausstehend,Comprobaciones pendientes,Vérifications en attente,チェックは保留中です,검사 대기 중,Sprawdzenia oczekują,Verificações pendentes,Verificações pendentes,Проверки ожидаются,检查待处理,檢查待處理
host,l10n/bundle.l10n.json,Checks skipped,,,Checks skipped,"Extension-host runtime notification, command label, prompt, or status message.",,,Prüfungen übersprungen,Comprobaciones omitidas,Vérifications ignorées,チェックはスキップされました,검사를 건너뛰었습니다,Sprawdzenia pominięte,Verificações ignoradas,Verificações ignoradas,Проверки пропущены,检查已跳过,檢查已略過
host,l10n/bundle.l10n.json,Commit status,,,Commit status,"Extension-host runtime notification, command label, prompt, or status message.",,Commit,Commit-Status,Estado del commit,État du commit,コミット ステータス,커밋 상태,Status commita,Status do commit,Estado do commit,Статус коммита,提交状态,提交狀態
host,l10n/bundle.l10n.json,GitHub check,,,GitHub check,"Extension-host runtime notification, command label, prompt, or status message.",,GitHub,GitHub-Prüfung,Comprobación de GitHub,Vérification GitHub,GitHub チェック,GitHub 검사,Sprawdzenie GitHub,Verificação do GitHub,Verificação do GitHub,Проверка GitHub,GitHub 检查,GitHub 檢查
host,l10n/bundle.l10n.json,No GitHub remote found.,,,No GitHub remote found.,"Extension-host runtime notification, command label, prompt, or status message.",,GitHub; remote,Kein GitHub-Remote gefunden.,No se encontró ningún remoto de GitHub.,Aucun remote GitHub trouvé.,GitHub リモートが見つかりません。,GitHub 원격 저장소를 찾을 수 없습니다.,Nie znaleziono zdalnego repozytorium GitHub.,Nenhum remoto do GitHub encontrado.,Nenhum remoto do GitHub encontrado.,Удалённый репозиторий GitHub не найден.,未找到 GitHub 远程仓库。,找不到 GitHub 遠端儲存庫。
host,l10n/bundle.l10n.json,No checks found,,,No checks found,"Extension-host runtime notification, command label, prompt, or status message.",,,Keine Prüfungen gefunden,No se encontraron comprobaciones,Aucune vérification trouvée,チェックが見つかりません,검사를 찾을 수 없습니다,Nie znaleziono sprawdzeń,Nenhuma verificação encontrada,Nenhuma verificação encontrada,Проверки не найдены,未找到检查,找不到檢查
webview,src/webviews/i18n/en.json,commit.checks.title,,,Commit Checks,Webview UI string.,,Commit,Commit-Prüfungen,Comprobaciones de commits,Vérifications des commits,コミット チェック,커밋 검사,Sprawdzenia commitów,Verificações de commits,Verificações de commits,Проверки коммитов,提交检查,提交檢查
webview,src/webviews/i18n/en.json,commit.checks.loading,,,Loading checks…,Webview UI string.,,,Prüfungen werden geladen…,Cargando comprobaciones…,Chargement des vérifications…,チェックを読み込んでいます…,검사를 불러오는 중…,Ładowanie sprawdzeń…,Carregando verificações…,A carregar verificações…,Загрузка проверок…,正在加载检查…,正在載入檢查…
webview,src/webviews/i18n/en.json,commit.checks.none,,,No checks found,Webview UI string.,,,Keine Prüfungen gefunden,No se encontraron comprobaciones,Aucune vérification trouvée,チェックが見つかりません,검사를 찾을 수 없습니다,Nie znaleziono sprawdzeń,Nenhuma verificação encontrada,Nenhuma verificação encontrada,Проверки не найдены,未找到检查,找不到檢查
webview,src/webviews/i18n/en.json,branch.worktreeBadge.current,,,Checked out in this worktree,Webview UI string.,,Git; worktree,In diesem Worktree ausgecheckt,Con checkout en este worktree,Extraite dans ce worktree,この worktree でチェックアウト済み,이 worktree에서 체크아웃됨,Wyewidencjonowano w tym worktree,Checkout feito neste worktree,Checkout efetuado neste worktree,Извлечено в этом worktree,已在此 worktree 中检出,已在此 worktree 中簽出
webview,src/webviews/i18n/en.json,branch.worktreeBadge.other,,,Checked out in another worktree,Webview UI string.,,Git; worktree,In einem anderen Worktree ausgecheckt,Con checkout en otro worktree,Extraite dans un autre worktree,別の worktree でチェックアウト済み,다른 worktree에서 체크아웃됨,Wyewidencjonowano w innym worktree,Checkout feito em outro worktree,Checkout efetuado noutro worktree,Извлечено в другом worktree,已在另一个 worktree 中检出,已在另一個 worktree 中簽出
webview,src/webviews/i18n/en.json,branch.menu.openWorktree,,,Open Worktree,Webview UI string.,,Git; worktree,Worktree öffnen,Abrir worktree,Ouvrir le worktree,Worktree を開く,Worktree 열기,Otwórz worktree,Abrir worktree,Abrir worktree,Открыть worktree,打开 worktree,開啟 worktree
host,l10n/bundle.l10n.json,Keep this VS Code window open,,,Keep this VS Code window open,"Extension-host runtime notification, command label, prompt, or status message.",,VS Code,Dieses VS Code-Fenster geöffnet lassen,Mantener abierta esta ventana de VS Code,Garder cette fenêtre VS Code ouverte,この VS Code ウィンドウを開いたままにする,이 VS Code 창을 열어 둠,Pozostaw to okno VS Code otwarte,Manter esta janela do VS Code aberta,Manter esta janela do VS Code aberta,Оставить это окно VS Code открытым,保持此 VS Code 窗口打开,保持此 VS Code 視窗開啟
host,l10n/bundle.l10n.json,Open worktree for {branch},,,Open worktree for {branch},"Extension-host runtime notification, command label, prompt, or status message.",{branch},Git; worktree,Worktree für {branch} öffnen,Abrir worktree para {branch},Ouvrir le worktree pour {branch},{branch} の worktree を開く,{branch}의 worktree 열기,Otwórz worktree dla {branch},Abrir worktree de {branch},Abrir worktree de {branch},Открыть worktree для {branch},打开 {branch} 的 worktree,開啟 {branch} 的 worktree
host,l10n/bundle.l10n.json,Reuse this VS Code window,,,Reuse this VS Code window,"Extension-host runtime notification, command label, prompt, or status message.",,VS Code,Dieses VS Code-Fenster wiederverwenden,Reutilizar esta ventana de VS Code,Réutiliser cette fenêtre VS Code,この VS Code ウィンドウを再利用,이 VS Code 창 재사용,Użyj ponownie tego okna VS Code,Reutilizar esta janela do VS Code,Reutilizar esta janela do VS Code,Использовать это окно VS Code повторно,重用此 VS Code 窗口,重複使用此 VS Code 視窗
manifest,package.nls.json,command.createWorktree,,,Create Worktree...,VS Code extension manifest string.,,,Worktree erstellen...,Crear worktree...,Créer un worktree...,ワークツリーを作成...,워크트리 만들기...,Utwórz worktree...,Criar worktree...,Criar worktree...,Создать worktree...,创建 Worktree...,建立 Worktree...
host,l10n/bundle.l10n.json,Branch name for worktree,,,Branch name for worktree,"Extension-host runtime notification, command label, prompt, or status message.",,Branch,Branch-Name für Worktree,Nombre de rama para el worktree,Nom de branche du worktree,ワークツリー用のブランチ名,워크트리용 브랜치 이름,Nazwa gałęzi dla worktree,Nome da branch para worktree,Nome do ramo para worktree,Имя ветки для worktree,Worktree 的分支名称,Worktree 的分支名稱
host,l10n/bundle.l10n.json,Create Worktree,,,Create Worktree,"Extension-host runtime notification, command label, prompt, or status message.",,,Worktree erstellen,Crear worktree,Créer un worktree,ワークツリーを作成,워크트리 만들기,Utwórz worktree,Criar worktree,Criar worktree,Создать worktree,创建 Worktree,建立 Worktree
host,l10n/bundle.l10n.json,Create worktree failed: {message},,,Create worktree failed: {message},"Extension-host runtime notification, command label, prompt, or status message.",{message},,Worktree konnte nicht erstellt werden: {message},Error al crear el worktree: {message},Échec de la création du worktree : {message},ワークツリーの作成に失敗しました: {message},워크트리 만들기 실패: {message},Nie udało się utworzyć worktree: {message},Falha ao criar worktree: {message},Falha ao criar worktree: {message},Не удалось создать worktree: {message},创建 Worktree 失败: {message},建立 Worktree 失敗: {message}
host,l10n/bundle.l10n.json,Created worktree at {path},,,Created worktree at {path},"Extension-host runtime notification, command label, prompt, or status message.",{path},,Worktree unter {path} erstellt,Worktree creado en {path},Worktree créé dans {path},{path} にワークツリーを作成しました,{path}에 워크트리를 만들었습니다,Utworzono worktree w {path},Worktree criado em {path},Worktree criado em {path},Worktree создан в {path},已在 {path} 创建 Worktree,已在 {path} 建立 Worktree
host,l10n/bundle.l10n.json,Invalid worktree folder name.,,,Invalid worktree folder name.,"Extension-host runtime notification, command label, prompt, or status message.",,,Ungültiger Worktree-Ordnername.,Nombre de carpeta de worktree no válido.,Nom de dossier de worktree invalide.,ワークツリーフォルダー名が無効です。,잘못된 워크트리 폴더 이름입니다.,Nieprawidłowa nazwa folderu worktree.,Nome da pasta do worktree inválido.,Nome da pasta do worktree inválido.,Недопустимое имя папки worktree.,Worktree 文件夹名称无效。,Worktree 資料夾名稱無效。
host,l10n/bundle.l10n.json,Select Worktree Parent Folder,,,Select Worktree Parent Folder,"Extension-host runtime notification, command label, prompt, or status message.",,,Übergeordneten Worktree-Ordner auswählen,Seleccionar carpeta principal del worktree,Sélectionner le dossier parent du worktree,ワークツリーの親フォルダーを選択,워크트리 상위 폴더 선택,Wybierz folder nadrzędny worktree,Selecionar pasta pai do worktree,Selecionar pasta principal do worktree,Выберите родительскую папку worktree,选择 Worktree 父文件夹,選取 Worktree 父資料夾
host,l10n/bundle.l10n.json,Worktree folder name,,,Worktree folder name,"Extension-host runtime notification, command label, prompt, or status message.",,,Worktree-Ordnername,Nombre de carpeta del worktree,Nom du dossier du worktree,ワークツリーフォルダー名,워크트리 폴더 이름,Nazwa folderu worktree,Nome da pasta do worktree,Nome da pasta do worktree,Имя папки worktree,Worktree 文件夹名称,Worktree 資料夾名稱
webview,src/webviews/i18n/en.json,branch.menu.createWorktree,,,Create Worktree…,Webview UI string.,,,Worktree erstellen…,Crear worktree…,Créer un worktree…,ワークツリーを作成…,워크트리 만들기…,Utwórz worktree…,Criar worktree…,Criar worktree…,Создать worktree…,创建 Worktree…,建立 Worktree…
webview,src/webviews/i18n/en.json,worktree.menu.delete,,,Delete Worktree,Webview worktree context-menu action.,,,Worktree löschen,Eliminar worktree,Supprimer le worktree,ワークツリーを削除,워크트리 삭제,Usuń worktree,Excluir worktree,Eliminar worktree,Удалить worktree,删除 Worktree,刪除 Worktree
webview,src/webviews/i18n/en.json,worktree.menu.lock,,,Lock Worktree,Webview worktree context-menu action.,,,Worktree sperren,Bloquear worktree,Verrouiller le worktree,ワークツリーをロック,워크트리 잠금,Zablokuj worktree,Bloquear worktree,Bloquear worktree,Заблокировать worktree,锁定 Worktree,鎖定 Worktree
webview,src/webviews/i18n/en.json,worktree.menu.unlock,,,Unlock Worktree,Webview worktree context-menu action.,,,Worktree entsperren,Desbloquear worktree,Déverrouiller le worktree,ワークツリーのロックを解除,워크트리 잠금 해제,Odblokuj worktree,Desbloquear worktree,Desbloquear worktree,Разблокировать worktree,解锁 Worktree,解除鎖定 Worktree
webview,src/webviews/i18n/en.json,worktree.menu.move,,,Move Worktree…,Webview worktree context-menu action.,,,Worktree verschieben…,Mover worktree…,Déplacer le worktree…,ワークツリーを移動…,워크트리 이동…,Przenieś worktree…,Mover worktree…,Mover worktree…,Переместить worktree…,移动 Worktree…,移動 Worktree…
manifest,package.nls.json,command.deleteWorktree,,,Delete Worktree,VS Code extension manifest string.,,,Worktree löschen,Eliminar worktree,Supprimer le worktree,ワークツリーを削除,워크트리 삭제,Usuń worktree,Excluir worktree,Eliminar worktree,Удалить worktree,删除 Worktree,刪除 Worktree
host,l10n/bundle.l10n.json,Cannot remove the current worktree.,,,Cannot remove the current worktree.,"Extension-host runtime notification, command label, prompt, or status message.",,,Der aktuelle Worktree kann nicht entfernt werden.,No se puede eliminar el worktree actual.,Impossible de supprimer le worktree actuel.,現在のワークツリーは削除できません。,현재 워크트리는 제거할 수 없습니다.,Nie można usunąć bieżącego worktree.,Não é possível remover o worktree atual.,Não é possível remover o worktree atual.,Нельзя удалить текущий worktree.,无法移除当前 Worktree。,無法移除目前的 Worktree。
host,l10n/bundle.l10n.json,Cannot remove the main worktree.,,,Cannot remove the main worktree.,"Extension-host runtime notification, command label, prompt, or status message.",,,Der Haupt-Worktree kann nicht entfernt werden.,No se puede eliminar el worktree principal.,Impossible de supprimer le worktree principal.,メインのワークツリーは削除できません。,기본 워크트리는 제거할 수 없습니다.,Nie można usunąć głównego worktree.,Não é possível remover o worktree principal.,Não é possível remover o worktree principal.,Нельзя удалить основной worktree.,无法移除主 Worktree。,無法移除主要 Worktree。
host,l10n/bundle.l10n.json,Delete Worktree,,,Delete Worktree,"Extension-host runtime notification, command label, prompt, or status message.",,,Worktree löschen,Eliminar worktree,Supprimer le worktree,ワークツリーを削除,워크트리 삭제,Usuń worktree,Excluir worktree,Eliminar worktree,Удалить worktree,删除 Worktree,刪除 Worktree
host,l10n/bundle.l10n.json,Delete worktree failed: {message},,,Delete worktree failed: {message},"Extension-host runtime notification, command label, prompt, or status message.",{message},,Worktree konnte nicht gelöscht werden: {message},Error al eliminar el worktree: {message},Échec de la suppression du worktree : {message},ワークツリーの削除に失敗しました: {message},워크트리 삭제 실패: {message},Nie udało się usunąć worktree: {message},Falha ao excluir worktree: {message},Falha ao eliminar worktree: {message},Не удалось удалить worktree: {message},删除 Worktree 失败: {message},刪除 Worktree 失敗: {message}
host,l10n/bundle.l10n.json,Deleted worktree {path},,,Deleted worktree {path},"Extension-host runtime notification, command label, prompt, or status message.",{path},,Worktree {path} gelöscht,Worktree {path} eliminado,Worktree {path} supprimé,ワークツリー {path} を削除しました,워크트리 {path} 삭제됨,Usunięto worktree {path},Worktree {path} excluído,Worktree {path} eliminado,Worktree {path} удалён,已删除 Worktree {path},已刪除 Worktree {path}
host,l10n/bundle.l10n.json,Worktree has uncommitted changes. Delete it anyway?,,,Worktree has uncommitted changes. Delete it anyway?,"Extension-host runtime notification, command label, prompt, or status message.",,,Worktree enthält nicht commitete Änderungen. Trotzdem löschen?,El worktree tiene cambios sin confirmar. ¿Eliminarlo de todos modos?,Le worktree contient des modifications non commités. Le supprimer quand même ?,ワークツリーに未コミットの変更があります。それでも削除しますか?,워크트리에 커밋되지 않은 변경 사항이 있습니다. 그래도 삭제하시겠습니까?,Worktree ma niezatwierdzone zmiany. Usunąć mimo to?,O worktree tem alterações não commitadas. Excluir mesmo assim?,O worktree tem alterações não submetidas. Eliminar mesmo assim?,В worktree есть незакоммиченные изменения. Удалить всё равно?,Worktree 有未提交的更改。仍要删除吗？,Worktree 有未提交的變更。仍要刪除嗎？
host,l10n/bundle.l10n.json,Worktree not found.,,,Worktree not found.,"Extension-host runtime notification, command label, prompt, or status message.",,,Worktree nicht gefunden.,No se encontró el worktree.,Worktree introuvable.,ワークツリーが見つかりません。,워크트리를 찾을 수 없습니다.,Nie znaleziono worktree.,Worktree não encontrado.,Worktree não encontrado.,Worktree не найден.,未找到 Worktree。,找不到 Worktree。
manifest,package.nls.json,configuration.worktree.includeFiles.markdownDescription,,,"Relative gitignored files or folders to copy from the current repository into each newly created worktree, such as `.env` or `.vscode/settings.json`.",VS Code extension manifest string.,,,"Relative gitignorierte Dateien oder Ordner, die aus dem aktuellen Repository in jeden neu erstellten Worktree kopiert werden, z. B. `.env` oder `.vscode/settings.json`.","Archivos o carpetas relativos ignorados por Git que se copiarán del repositorio actual a cada worktree recién creado, como `.env` o `.vscode/settings.json`.","Fichiers ou dossiers relatifs ignorés par Git à copier depuis le dépôt actuel dans chaque nouveau worktree créé, comme `.env` ou `.vscode/settings.json`.",現在のリポジトリから新しく作成される各ワークツリーにコピーする、`.env` や `.vscode/settings.json` などの相対パスの Git 無視ファイルまたはフォルダー。,현재 리포지토리에서 새로 만든 각 워크트리로 복사할 상대 경로의 Git 무시 파일 또는 폴더입니다. 예: `.env` 또는 `.vscode/settings.json`.,"Względne pliki lub foldery ignorowane przez Git, które mają być kopiowane z bieżącego repozytorium do każdego nowo utworzonego worktree, takie jak `.env` lub `.vscode/settings.json`.","Arquivos ou pastas relativos ignorados pelo Git para copiar do repositório atual para cada worktree recém-criado, como `.env` ou `.vscode/settings.json`.","Ficheiros ou pastas relativos ignorados pelo Git a copiar do repositório atual para cada worktree recém-criado, como `.env` ou `.vscode/settings.json`.","Относительные файлы или папки, игнорируемые Git, которые нужно копировать из текущего репозитория в каждый вновь созданный worktree, например `.env` или `.vscode/settings.json`.",要从当前仓库复制到每个新建 Worktree 的相对路径 Git 忽略文件或文件夹，例如 `.env` 或 `.vscode/settings.json`。,要從目前存放庫複製到每個新建 Worktree 的相對路徑 Git 忽略檔案或資料夾，例如 `.env` 或 `.vscode/settings.json`。
manifest,package.nls.json,command.lockWorktree,,,Lock Worktree,VS Code extension manifest string.,,,Worktree sperren,Bloquear worktree,Verrouiller le worktree,ワークツリーをロック,워크트리 잠금,Zablokuj worktree,Bloquear worktree,Bloquear worktree,Заблокировать worktree,锁定 Worktree,鎖定 Worktree
manifest,package.nls.json,command.unlockWorktree,,,Unlock Worktree,VS Code extension manifest string.,,,Worktree entsperren,Desbloquear worktree,Déverrouiller le worktree,ワークツリーのロックを解除,워크트리 잠금 해제,Odblokuj worktree,Desbloquear worktree,Desbloquear worktree,Разблокировать worktree,解锁 Worktree,解除鎖定 Worktree
manifest,package.nls.json,command.moveWorktree,,,Move Worktree...,VS Code extension manifest string.,,,Worktree verschieben...,Mover worktree...,Déplacer le worktree...,ワークツリーを移動...,워크트리 이동...,Przenieś worktree...,Mover worktree...,Mover worktree...,Переместить worktree...,移动 Worktree...,移動 Worktree...
manifest,package.nls.json,command.pruneWorktrees,,,Prune Worktrees,VS Code extension manifest string.,,,Worktrees bereinigen,Depurar worktrees,Nettoyer les worktrees,ワークツリーを整理,워크트리 정리,Przytnij worktree,Remover worktrees,Remover worktrees,Очистить worktree,清理 Worktree,清理 Worktree
manifest,package.nls.json,command.repairWorktrees,,,Repair Worktrees,VS Code extension manifest string.,,,Worktrees reparieren,Reparar worktrees,Réparer les worktrees,ワークツリーを修復,워크트리 복구,Napraw worktree,Reparar worktrees,Reparar worktrees,Восстановить worktree,修复 Worktree,修復 Worktree
host,l10n/bundle.l10n.json,Lock reason (optional),,,Lock reason (optional),"Extension-host runtime notification, command label, prompt, or status message.",,,Sperrgrund (optional),Motivo del bloqueo (opcional),Motif du verrouillage (facultatif),ロック理由 (任意),잠금 이유(선택 사항),Powód blokady (opcjonalnie),Motivo do bloqueio (opcional),Motivo do bloqueio (opcional),Причина блокировки (необязательно),锁定原因（可选）,鎖定原因（選填）
host,l10n/bundle.l10n.json,Locked worktree {path},,,Locked worktree {path},"Extension-host runtime notification, command label, prompt, or status message.",{path},,Worktree {path} gesperrt,Worktree {path} bloqueado,Worktree {path} verrouillé,ワークツリー {path} をロックしました,워크트리 {path} 잠금,Zablokowano worktree {path},Worktree {path} bloqueado,Worktree {path} bloqueado,Worktree {path} заблокирован,已锁定 Worktree {path},已鎖定 Worktree {path}
host,l10n/bundle.l10n.json,Move Worktree,,,Move Worktree,"Extension-host runtime notification, command label, prompt, or status message.",,,Worktree verschieben,Mover worktree,Déplacer le worktree,ワークツリーを移動,워크트리 이동,Przenieś worktree,Mover worktree,Mover worktree,Переместить worktree,移动 Worktree,移動 Worktree
host,l10n/bundle.l10n.json,Moved worktree {path},,,Moved worktree {path},"Extension-host runtime notification, command label, prompt, or status message.",{path},,Worktree nach {path} verschoben,Worktree movido a {path},Worktree déplacé vers {path},ワークツリーを {path} に移動しました,워크트리를 {path}(으)로 이동했습니다,Przeniesiono worktree do {path},Worktree movido para {path},Worktree movido para {path},Worktree перемещён в {path},已将 Worktree 移动到 {path},已將 Worktree 移動到 {path}
host,l10n/bundle.l10n.json,Pruned worktrees.,,,Pruned worktrees.,"Extension-host runtime notification, command label, prompt, or status message.",,,Worktrees bereinigt.,Worktrees depurados.,Worktrees nettoyés.,ワークツリーを整理しました。,워크트리를 정리했습니다.,Przycięto worktree.,Worktrees removidos.,Worktrees removidos.,Worktree очищены.,已清理 Worktree。,已清理 Worktree。
host,l10n/bundle.l10n.json,Repaired worktrees.,,,Repaired worktrees.,"Extension-host runtime notification, command label, prompt, or status message.",,,Worktrees repariert.,Worktrees reparados.,Worktrees réparés.,ワークツリーを修復しました。,워크트리를 복구했습니다.,Naprawiono worktree.,Worktrees reparados.,Worktrees reparados.,Worktree восстановлены.,已修复 Worktree。,已修復 Worktree。
host,l10n/bundle.l10n.json,Select New Worktree Location,,,Select New Worktree Location,"Extension-host runtime notification, command label, prompt, or status message.",,,Neuen Worktree-Speicherort auswählen,Seleccionar nueva ubicación del worktree,Sélectionner le nouvel emplacement du worktree,新しいワークツリーの場所を選択,새 워크트리 위치 선택,Wybierz nową lokalizację worktree,Selecionar novo local do worktree,Selecionar nova localização do worktree,Выберите новое расположение worktree,选择新的 Worktree 位置,選取新的 Worktree 位置
host,l10n/bundle.l10n.json,Unlocked worktree {path},,,Unlocked worktree {path},"Extension-host runtime notification, command label, prompt, or status message.",{path},,Worktree {path} entsperrt,Worktree {path} desbloqueado,Worktree {path} déverrouillé,ワークツリー {path} のロックを解除しました,워크트리 {path} 잠금 해제,Odblokowano worktree {path},Worktree {path} desbloqueado,Worktree {path} desbloqueado,Worktree {path} разблокирован,已解锁 Worktree {path},已解除鎖定 Worktree {path}
host,l10n/bundle.l10n.json,Worktree operation failed: {message},,,Worktree operation failed: {message},"Extension-host runtime notification, command label, prompt, or status message.",{message},,Worktree-Vorgang fehlgeschlagen: {message},Error en la operación de worktree: {message},Échec de l'opération de worktree : {message},ワークツリー操作に失敗しました: {message},워크트리 작업 실패: {message},Operacja worktree nie powiodła się: {message},Falha na operação de worktree: {message},Falha na operação de worktree: {message},Ошибка операции worktree: {message},Worktree 操作失败: {message},Worktree 操作失敗: {message}
webview,src/webviews/i18n/en.json,common.fetch,,,Fetch,Webview UI string.,,,Abrufen,Obtener,Récupérer,フェッチ,가져오기,Pobierz,Buscar,Obter,Получить,获取,擷取
webview,src/webviews/i18n/en.json,common.pull,,,Pull,Webview UI string.,,,Pull,Extraer,Tirer,プル,풀,Ściągnij,Puxar,Puxar,Извлечь,拉取,拉取
webview,src/webviews/i18n/en.json,common.push,,,Push,Webview UI string.,,Push,Push,Enviar,Pousser,プッシュ,푸시,Wypchnij,Enviar,Enviar,Отправить,推送,推送
webview,src/webviews/i18n/en.json,common.sync,,,Sync,Webview UI string.,,,Synchronisieren,Sincronizar,Synchroniser,同期,동기화,Synchronizuj,Sincronizar,Sincronizar,Синхронизировать,同步,同步
host,l10n/bundle.l10n.json,Fetching...,,,Fetching...,Extension-host progress notification.,,,Abrufen...,Obteniendo...,Récupération...,フェッチしています...,가져오는 중...,Pobieranie...,Buscando...,A obter...,Получение...,正在获取...,正在擷取...
host,l10n/bundle.l10n.json,Fetched successfully.,,,Fetched successfully.,"Extension-host runtime notification, command label, prompt, or status message.",,,Erfolgreich abgerufen.,Obtenido correctamente.,Récupération réussie.,フェッチが完了しました。,가져오기가 완료되었습니다.,Pobieranie zakończone powodzeniem.,Busca concluída com sucesso.,Obtenção concluída com sucesso.,Получение успешно завершено.,获取成功。,擷取成功。
host,l10n/bundle.l10n.json,Pulling...,,,Pulling...,Extension-host progress notification.,,,Pull...,Extrayendo...,Tirage en cours...,プルしています...,풀 중...,Ściąganie...,Puxando...,A puxar...,Извлечение...,正在拉取...,正在拉取...
host,l10n/bundle.l10n.json,Pulled successfully.,,,Pulled successfully.,"Extension-host runtime notification, command label, prompt, or status message.",,,Pull erfolgreich.,Extracción completada correctamente.,Tirage réussi.,プルが完了しました。,풀이 완료되었습니다.,Ściąganie zakończone powodzeniem.,Pull concluído com sucesso.,Pull concluído com sucesso.,Извлечение успешно завершено.,拉取成功。,拉取成功。
host,l10n/bundle.l10n.json,Pushing...,,,Pushing...,Extension-host progress notification.,,,Push...,Enviando...,Poussée en cours...,プッシュしています...,푸시 중...,Wypychanie...,Enviando...,A enviar...,Отправка...,正在推送...,正在推送...
host,l10n/bundle.l10n.json,Pushed successfully.,,,Pushed successfully.,"Extension-host runtime notification, command label, prompt, or status message.",,,Push erfolgreich.,Envío completado correctamente.,Poussée réussie.,プッシュが完了しました。,푸시가 완료되었습니다.,Wypychanie zakończone powodzeniem.,Envio concluído com sucesso.,Envio concluído com sucesso.,Отправка успешно завершена.,推送成功。,推送成功。
host,l10n/bundle.l10n.json,Syncing...,,,Syncing...,Extension-host progress notification.,,,Synchronisieren...,Sincronizando...,Synchronisation...,同期しています...,동기화 중...,Synchronizowanie...,Sincronizando...,A sincronizar...,Синхронизация...,正在同步...,正在同步...
host,l10n/bundle.l10n.json,Synced successfully.,,,Synced successfully.,"Extension-host runtime notification, command label, prompt, or status message.",,,Synchronisierung erfolgreich.,Sincronización completada correctamente.,Synchronisation réussie.,同期が完了しました。,동기화가 완료되었습니다.,Synchronizacja zakończona powodzeniem.,Sincronização concluída com sucesso.,Sincronização concluída com sucesso.,Синхронизация успешно завершена.,同步成功。,同步成功。
host,l10n/bundle.l10n.json,Published branch name,,,Published branch name,"Extension-host runtime notification, command label, prompt, or status message.",,,Veröffentlichter Branch-Name,Nombre de rama publicada,Nom de la branche publiée,公開するブランチ名,게시할 브랜치 이름,Nazwa publikowanej gałęzi,Nome do branch publicado,Nome do ramo publicado,Имя публикуемой ветки,要发布的分支名称,要發佈的分支名稱
host,l10n/bundle.l10n.json,Branch name is required,,,Branch name is required,"Extension-host runtime notification, command label, prompt, or status message.",,,Branch-Name ist erforderlich,El nombre de la rama es obligatorio,Le nom de la branche est requis,ブランチ名は必須です,브랜치 이름은 필수입니다,Nazwa gałęzi jest wymagana,O nome do branch é obrigatório,O nome do ramo é obrigatório,Имя ветки обязательно,分支名称为必填项,分支名稱為必填項
host,l10n/bundle.l10n.json,Invalid branch name '{branch}'.,,,Invalid branch name '{branch}'.,"Extension-host runtime notification, command label, prompt, or status message.",{branch},,Ungültiger Branch-Name '{branch}'.,Nombre de rama no válido '{branch}'.,Nom de branche non valide '{branch}'.,ブランチ名 '{branch}' は無効です。,브랜치 이름 '{branch}'이(가) 올바르지 않습니다.,Nieprawidłowa nazwa gałęzi '{branch}'.,Nome de branch inválido '{branch}'.,Nome de ramo inválido '{branch}'.,Недопустимое имя ветки '{branch}'.,分支名称 '{branch}' 无效。,分支名稱 '{branch}' 無效。
host,l10n/bundle.l10n.json,The repo has not been published yet.,,,The repo has not been published yet.,"Extension-host runtime notification, command label, prompt, or status message.",,,Das Repository wurde noch nicht veröffentlicht.,El repositorio aún no se ha publicado.,Le dépôt n’a pas encore été publié.,リポジトリはまだ公開されていません。,리포지토리가 아직 게시되지 않았습니다.,Repozytorium nie zostało jeszcze opublikowane.,O repositório ainda não foi publicado.,O repositório ainda não foi publicado.,Репозиторий еще не опубликован.,仓库尚未发布。,儲存庫尚未發佈。
webview,src/webviews/i18n/en.json,commit.action.publishAndPush,,,Publish and Push,Webview UI string.,,Push,Veröffentlichen und pushen,Publicar y enviar,Publier et pousser,公開してプッシュ,게시 및 푸시,Opublikuj i wypchnij,Publicar e enviar,Publicar e enviar,Опубликовать и отправить,发布并推送,發佈並推送
webview,src/webviews/i18n/en.json,commit.branchIndicator.local,,,Branch: {branch},Webview UI string.,{branch},Branch,Branch: {branch},Rama: {branch},Branche : {branch},ブランチ: {branch},브랜치: {branch},Gałąź: {branch},Branch: {branch},Ramo: {branch},Ветка: {branch},分支：{branch},分支：{branch}
webview,src/webviews/i18n/en.json,commit.branchIndicator.tracking,,,Branch: {branch} → {upstream},Webview UI string.,{branch} {upstream},Branch,Branch: {branch} → {upstream},Rama: {branch} → {upstream},Branche : {branch} → {upstream},ブランチ: {branch} → {upstream},브랜치: {branch} → {upstream},Gałąź: {branch} → {upstream},Branch: {branch} → {upstream},Ramo: {branch} → {upstream},Ветка: {branch} → {upstream},分支：{branch} → {upstream},分支：{branch} → {upstream}
host,l10n/bundle.l10n.json,"No remote is configured for branch '{branch}'. Publish the branch first, then retry Push All up to Here.",,,"No remote is configured for branch '{branch}'. Publish the branch first, then retry Push All up to Here.","Extension-host runtime notification, command label, prompt, or status message.",{branch},remote; Push,Für Branch '{branch}' ist kein Remote konfiguriert. Veröffentlichen Sie den Branch zuerst und versuchen Sie Push All up to Here erneut.,No hay ningún remoto configurado para la rama '{branch}'. Publica la rama primero y vuelve a intentar Push All up to Here.,"Aucun remote n’est configuré pour la branche '{branch}'. Publiez d’abord la branche, puis réessayez Push All up to Here.",ブランチ '{branch}' にリモートが設定されていません。先にブランチを公開してから、Push All up to Here を再試行してください。,브랜치 '{branch}'에 구성된 리모트가 없습니다. 먼저 브랜치를 게시한 다음 Push All up to Here를 다시 시도하세요.,"Dla gałęzi '{branch}' nie skonfigurowano zdalnego repozytorium. Najpierw opublikuj gałąź, a potem ponów Push All up to Here.",Nenhum remoto está configurado para o branch '{branch}'. Publique o branch primeiro e tente Push All up to Here novamente.,Nenhum remoto está configurado para o ramo '{branch}'. Publique primeiro o ramo e volte a tentar Push All up to Here.,"Для ветки '{branch}' не настроен удалённый репозиторий. Сначала опубликуйте ветку, затем повторите Push All up to Here.",分支 '{branch}' 未配置远程仓库。请先发布该分支，然后重试 Push All up to Here。,分支 '{branch}' 未設定遠端儲存庫。請先發佈該分支，然後重試 Push All up to Here。
host,l10n/bundle.l10n.json,"$(git-branch) Push to Existing ""origin""",,,"$(git-branch) Push to Existing ""origin""","Extension-host runtime notification, command label, prompt, or status message.",,origin; Push,"$(git-branch) An vorhandenes ""origin"" pushen","$(git-branch) Enviar al ""origin"" existente","$(git-branch) Pousser vers ""origin"" existant","$(git-branch) 既存の ""origin"" にプッシュ","$(git-branch) 기존 ""origin""에 푸시","$(git-branch) Wypchnij do istniejącego ""origin""","$(git-branch) Enviar para ""origin"" existente","$(git-branch) Enviar para ""origin"" existente","$(git-branch) Отправить в существующий ""origin""","$(git-branch) 推送到现有 ""origin""","$(git-branch) 推送到現有 ""origin"""
host,l10n/bundle.l10n.json,No remote is configured for branch '{branch}'. Publish the branch before pushing it.,,,No remote is configured for branch '{branch}'. Publish the branch before pushing it.,"Extension-host runtime notification, command label, prompt, or status message.",{branch},remote,"Für Branch '{branch}' ist kein Remote konfiguriert. Veröffentlichen Sie den Branch, bevor Sie ihn pushen.",No hay ningún remoto configurado para la rama '{branch}'. Publica la rama antes de enviarla.,Aucun remote n’est configuré pour la branche '{branch}'. Publiez la branche avant de la pousser.,ブランチ '{branch}' にリモートが設定されていません。プッシュする前にブランチを公開してください。,브랜치 '{branch}'에 구성된 리모트가 없습니다. 푸시하기 전에 브랜치를 게시하세요.,Dla gałęzi '{branch}' nie skonfigurowano zdalnego repozytorium. Opublikuj gałąź przed wypchnięciem.,Nenhum remoto está configurado para o branch '{branch}'. Publique o branch antes de enviá-lo.,Nenhum remoto está configurado para o ramo '{branch}'. Publique o ramo antes de o enviar.,Для ветки '{branch}' не настроен удалённый репозиторий. Опубликуйте ветку перед отправкой.,分支 '{branch}' 未配置远程仓库。请先发布该分支再推送。,分支 '{branch}' 未設定遠端儲存庫。請先發佈該分支再推送。
host,l10n/bundle.l10n.json,$(edit) Other host...,,,$(edit) Other host...,"Extension-host runtime notification, command label, prompt, or status message.",,,$(edit) Anderer Host...,$(edit) Otro host...,$(edit) Autre hôte...,$(edit) 他のホスト...,$(edit) 다른 호스트...,$(edit) Inny host...,$(edit) Outro host...,$(edit) Outro anfitrião...,$(edit) Другой хост...,$(edit) 其他主机...,$(edit) 其他主機...
host,l10n/bundle.l10n.json,$(source-control) Bitbucket,,,$(source-control) Bitbucket,"Extension-host runtime notification, command label, prompt, or status message.",,,$(source-control) Bitbucket,$(source-control) Bitbucket,$(source-control) Bitbucket,$(source-control) Bitbucket,$(source-control) Bitbucket,$(source-control) Bitbucket,$(source-control) Bitbucket,$(source-control) Bitbucket,$(source-control) Bitbucket,$(source-control) Bitbucket,$(source-control) Bitbucket
host,l10n/bundle.l10n.json,Cleared the saved token for {host}.,,,Cleared the saved token for {host}.,"Extension-host runtime notification, command label, prompt, or status message.",{host},,Gespeichertes Token für {host} gelöscht.,Se borró el token guardado para {host}.,Jeton enregistré pour {host} effacé.,{host} の保存済みトークンをクリアしました。,{host}의 저장된 토큰을 지웠습니다.,Wyczyszczono zapisany token dla {host}.,Token salvo para {host} limpo.,Token guardado para {host} limpo.,Сохранённый токен для {host} удалён.,已清除 {host} 的已保存令牌。,已清除 {host} 的已儲存權杖。
host,l10n/bundle.l10n.json,Enter the host name (e.g. gitlab.example.com),,,Enter the host name (e.g. gitlab.example.com),"Extension-host runtime notification, command label, prompt, or status message.",,,Hostnamen eingeben (z. B. gitlab.example.com),Escriba el nombre del host (p. ej. gitlab.example.com),Entrez le nom d'hôte (par ex. gitlab.example.com),ホスト名を入力 (例: gitlab.example.com),호스트 이름 입력 (예: gitlab.example.com),Wprowadź nazwę hosta (np. gitlab.example.com),Digite o nome do host (ex.: gitlab.example.com),Introduza o nome do anfitrião (ex.: gitlab.example.com),"Введите имя хоста (например, gitlab.example.com)",输入主机名（例如 gitlab.example.com）,輸入主機名稱（例如 gitlab.example.com）
host,l10n/bundle.l10n.json,Enter your access token for {host},,,Enter your access token for {host},"Extension-host runtime notification, command label, prompt, or status message.",{host},,Zugriffstoken für {host} eingeben,Escriba su token de acceso para {host},Entrez votre jeton d'accès pour {host},{host} のアクセストークンを入力,{host}의 액세스 토큰 입력,Wprowadź token dostępu dla {host},Digite seu token de acesso para {host},Introduza o seu token de acesso para {host},Введите токен доступа для {host},输入 {host} 的访问令牌,輸入 {host} 的存取權杖
host,l10n/bundle.l10n.json,Host is required,,,Host is required,"Extension-host runtime notification, command label, prompt, or status message.",,,Host ist erforderlich,El host es obligatorio,L'hôte est requis,ホストは必須です,호스트는 필수입니다,Host jest wymagany,O host é obrigatório,O anfitrião é obrigatório,Требуется хост,必须提供主机,必須提供主機
host,l10n/bundle.l10n.json,Invalid intelligit.commitChecks.ciCdFilter pattern; using the default filter.,,,Invalid intelligit.commitChecks.ciCdFilter pattern; using the default filter.,"Extension-host runtime notification, command label, prompt, or status message.",,,Invalid intelligit.commitChecks.ciCdFilter pattern; using the default filter.,Invalid intelligit.commitChecks.ciCdFilter pattern; using the default filter.,Invalid intelligit.commitChecks.ciCdFilter pattern; using the default filter.,Invalid intelligit.commitChecks.ciCdFilter pattern; using the default filter.,Invalid intelligit.commitChecks.ciCdFilter pattern; using the default filter.,Invalid intelligit.commitChecks.ciCdFilter pattern; using the default filter.,Invalid intelligit.commitChecks.ciCdFilter pattern; using the default filter.,Invalid intelligit.commitChecks.ciCdFilter pattern; using the default filter.,Invalid intelligit.commitChecks.ciCdFilter pattern; using the default filter.,Invalid intelligit.commitChecks.ciCdFilter pattern; using the default filter.,Invalid intelligit.commitChecks.ciCdFilter pattern; using the default filter.
host,l10n/bundle.l10n.json,Select a provider to sign in to,,,Select a provider to sign in to,"Extension-host runtime notification, command label, prompt, or status message.",,,Anbieter zum Anmelden auswählen,Seleccione un proveedor para iniciar sesión,Sélectionnez un fournisseur pour vous connecter,サインインするプロバイダーを選択,로그인할 공급자 선택,Wybierz dostawcę do zalogowania,Selecione um provedor para entrar,Selecione um fornecedor para iniciar sessão,Выберите поставщик для входа,选择要登录的提供程序,選取要登入的提供者
host,l10n/bundle.l10n.json,Select a provider to sign out of,,,Select a provider to sign out of,"Extension-host runtime notification, command label, prompt, or status message.",,,Anbieter zum Abmelden auswählen,Seleccione un proveedor para cerrar sesión,Sélectionnez un fournisseur pour vous déconnecter,サインアウトするプロバイダーを選択,로그아웃할 공급자 선택,Wybierz dostawcę do wylogowania,Selecione um provedor para sair,Selecione um fornecedor para terminar sessão,Выберите поставщик для выхода,选择要退出的提供程序,選取要登出的提供者
host,l10n/bundle.l10n.json,Signed in to {host}.,,,Signed in to {host}.,"Extension-host runtime notification, command label, prompt, or status message.",{host},,Bei {host} angemeldet.,Sesión iniciada en {host}.,Connecté à {host}.,{host} にサインインしました。,{host}에 로그인했습니다.,Zalogowano do {host}.,Conectado a {host}.,Sessão iniciada em {host}.,Выполнен вход в {host}.,已登录到 {host}。,已登入到 {host}。
host,l10n/bundle.l10n.json,"Enter a host name only, like gitlab.example.com (no https:// or path).",,,"Enter a host name only, like gitlab.example.com (no https:// or path).","Extension-host runtime notification, command label, prompt, or status message.",,,"Nur einen Hostnamen eingeben, z. B. gitlab.example.com (kein https:// oder Pfad).","Escriba solo un nombre de host, como gitlab.example.com (sin https:// ni ruta).","Entrez uniquement un nom d'hôte, comme gitlab.example.com (sans https:// ni chemin).",ホスト名のみを入力してください。例: gitlab.example.com（https:// やパスは不要）。,gitlab.example.com처럼 호스트 이름만 입력하세요 (https://나 경로 제외).,"Wprowadź tylko nazwę hosta, np. gitlab.example.com (bez https:// ani ścieżki).","Digite apenas um nome de host, como gitlab.example.com (sem https:// ou caminho).","Introduza apenas um nome de anfitrião, como gitlab.example.com (sem https:// ou caminho).","Введите только имя хоста, например gitlab.example.com (без https:// и пути).",仅输入主机名，例如 gitlab.example.com（不要 https:// 或路径）。,僅輸入主機名稱，例如 gitlab.example.com（不要 https:// 或路徑）。
host,l10n/bundle.l10n.json,Could not clear the saved token.,,,Could not clear the saved token.,"Extension-host runtime notification, command label, prompt, or status message.",,,Gespeichertes Token konnte nicht gelöscht werden.,No se pudo borrar el token guardado.,Impossible d'effacer le jeton enregistré.,保存済みトークンをクリアできませんでした。,저장된 토큰을 지울 수 없습니다.,Nie można wyczyścić zapisanego tokena.,Não foi possível limpar o token salvo.,Não foi possível limpar o token guardado.,Не удалось удалить сохранённый токен.,无法清除已保存的令牌。,無法清除已儲存的權杖。
manifest,package.nls.json,command.commitChecksSignIn,,,Sign In to Commit Checks Provider,VS Code extension manifest string.,,Commit,Bei Commit-Prüfungsanbieter anmelden,Iniciar sesión en el proveedor de comprobaciones de commits,Se connecter au fournisseur de vérifications de commits,コミットチェックプロバイダーにサインイン,커밋 검사 공급자에 로그인,Zaloguj się do dostawcy sprawdzeń commitów,Entrar no provedor de verificações de commit,Iniciar sessão no fornecedor de verificações de commit,Войти в поставщик проверок коммитов,登录提交检查提供程序,登入提交檢查提供者
manifest,package.nls.json,command.commitChecksSignOut,,,Sign Out of Commit Checks Provider,VS Code extension manifest string.,,Commit,Vom Commit-Prüfungsanbieter abmelden,Cerrar sesión del proveedor de comprobaciones de commits,Se déconnecter du fournisseur de vérifications de commits,コミットチェックプロバイダーからサインアウト,커밋 검사 공급자에서 로그아웃,Wyloguj się z dostawcy sprawdzeń commitów,Sair do provedor de verificações de commit,Terminar sessão do fornecedor de verificações de commit,Выйти из поставщика проверок коммитов,退出提交检查提供程序,登出提交檢查提供者
host,l10n/bundle.l10n.json,Checks unavailable,,,Checks unavailable,"Extension-host runtime notification, command label, prompt, or status message.",,,Checks nicht verfügbar,Comprobaciones no disponibles,Vérifications indisponibles,チェックを利用できません,검사를 사용할 수 없습니다,Sprawdzenia niedostępne,Verificações indisponíveis,Verificações indisponíveis,Проверки недоступны,检查不可用,檢查無法使用
manifest,package.nls.json,configuration.commitChecks.hosts.markdownDescription,,,"Map self-hosted Git hostnames to a commit-check provider so IntelliGit shows CI status badges for them. Keys are hostnames (no scheme or path), values are provider ids. Supported provider ids are `gitlab` and `bitbucket-server` (for self-hosted Bitbucket Data Center). Example: `{ ""git.example.com"": ""gitlab"" }`. Changes take effect after a window reload.",VS Code extension manifest string.,,IntelliGit; Git,"Map self-hosted Git hostnames to a commit-check provider so IntelliGit shows CI status badges for them. Keys are hostnames (no scheme or path), values are provider ids. Supported provider ids are `gitlab` and `bitbucket-server` (for self-hosted Bitbucket Data Center). Example: `{ ""git.example.com"": ""gitlab"" }`. Changes take effect after a window reload.","Map self-hosted Git hostnames to a commit-check provider so IntelliGit shows CI status badges for them. Keys are hostnames (no scheme or path), values are provider ids. Supported provider ids are `gitlab` and `bitbucket-server` (for self-hosted Bitbucket Data Center). Example: `{ ""git.example.com"": ""gitlab"" }`. Changes take effect after a window reload.","Map self-hosted Git hostnames to a commit-check provider so IntelliGit shows CI status badges for them. Keys are hostnames (no scheme or path), values are provider ids. Supported provider ids are `gitlab` and `bitbucket-server` (for self-hosted Bitbucket Data Center). Example: `{ ""git.example.com"": ""gitlab"" }`. Changes take effect after a window reload.","Map self-hosted Git hostnames to a commit-check provider so IntelliGit shows CI status badges for them. Keys are hostnames (no scheme or path), values are provider ids. Supported provider ids are `gitlab` and `bitbucket-server` (for self-hosted Bitbucket Data Center). Example: `{ ""git.example.com"": ""gitlab"" }`. Changes take effect after a window reload.","Map self-hosted Git hostnames to a commit-check provider so IntelliGit shows CI status badges for them. Keys are hostnames (no scheme or path), values are provider ids. Supported provider ids are `gitlab` and `bitbucket-server` (for self-hosted Bitbucket Data Center). Example: `{ ""git.example.com"": ""gitlab"" }`. Changes take effect after a window reload.","Map self-hosted Git hostnames to a commit-check provider so IntelliGit shows CI status badges for them. Keys are hostnames (no scheme or path), values are provider ids. Supported provider ids are `gitlab` and `bitbucket-server` (for self-hosted Bitbucket Data Center). Example: `{ ""git.example.com"": ""gitlab"" }`. Changes take effect after a window reload.","Map self-hosted Git hostnames to a commit-check provider so IntelliGit shows CI status badges for them. Keys are hostnames (no scheme or path), values are provider ids. Supported provider ids are `gitlab` and `bitbucket-server` (for self-hosted Bitbucket Data Center). Example: `{ ""git.example.com"": ""gitlab"" }`. Changes take effect after a window reload.","Map self-hosted Git hostnames to a commit-check provider so IntelliGit shows CI status badges for them. Keys are hostnames (no scheme or path), values are provider ids. Supported provider ids are `gitlab` and `bitbucket-server` (for self-hosted Bitbucket Data Center). Example: `{ ""git.example.com"": ""gitlab"" }`. Changes take effect after a window reload.","Map self-hosted Git hostnames to a commit-check provider so IntelliGit shows CI status badges for them. Keys are hostnames (no scheme or path), values are provider ids. Supported provider ids are `gitlab` and `bitbucket-server` (for self-hosted Bitbucket Data Center). Example: `{ ""git.example.com"": ""gitlab"" }`. Changes take effect after a window reload.","Map self-hosted Git hostnames to a commit-check provider so IntelliGit shows CI status badges for them. Keys are hostnames (no scheme or path), values are provider ids. Supported provider ids are `gitlab` and `bitbucket-server` (for self-hosted Bitbucket Data Center). Example: `{ ""git.example.com"": ""gitlab"" }`. Changes take effect after a window reload.","Map self-hosted Git hostnames to a commit-check provider so IntelliGit shows CI status badges for them. Keys are hostnames (no scheme or path), values are provider ids. Supported provider ids are `gitlab` and `bitbucket-server` (for self-hosted Bitbucket Data Center). Example: `{ ""git.example.com"": ""gitlab"" }`. Changes take effect after a window reload."
host,l10n/bundle.l10n.json,Sign in to {host} to view commit checks.,,,Sign in to {host} to view commit checks.,"Extension-host runtime notification, command label, prompt, or status message.",{host},,Sign in to {host} to view commit checks.,Sign in to {host} to view commit checks.,Sign in to {host} to view commit checks.,Sign in to {host} to view commit checks.,Sign in to {host} to view commit checks.,Sign in to {host} to view commit checks.,Sign in to {host} to view commit checks.,Sign in to {host} to view commit checks.,Sign in to {host} to view commit checks.,Sign in to {host} to view commit checks.,Sign in to {host} to view commit checks.
manifest,package.nls.json,configuration.commitChecks.enabled.markdownDescription,,,"Show CI/CD commit-check badges in the commit graph. When disabled, no badges are fetched or rendered for any provider. Changes take effect after a window reload.",VS Code extension manifest string.,,,"Show CI/CD commit-check badges in the commit graph. When disabled, no badges are fetched or rendered for any provider. Changes take effect after a window reload.","Show CI/CD commit-check badges in the commit graph. When disabled, no badges are fetched or rendered for any provider. Changes take effect after a window reload.","Show CI/CD commit-check badges in the commit graph. When disabled, no badges are fetched or rendered for any provider. Changes take effect after a window reload.","Show CI/CD commit-check badges in the commit graph. When disabled, no badges are fetched or rendered for any provider. Changes take effect after a window reload.","Show CI/CD commit-check badges in the commit graph. When disabled, no badges are fetched or rendered for any provider. Changes take effect after a window reload.","Show CI/CD commit-check badges in the commit graph. When disabled, no badges are fetched or rendered for any provider. Changes take effect after a window reload.","Show CI/CD commit-check badges in the commit graph. When disabled, no badges are fetched or rendered for any provider. Changes take effect after a window reload.","Show CI/CD commit-check badges in the commit graph. When disabled, no badges are fetched or rendered for any provider. Changes take effect after a window reload.","Show CI/CD commit-check badges in the commit graph. When disabled, no badges are fetched or rendered for any provider. Changes take effect after a window reload.","Show CI/CD commit-check badges in the commit graph. When disabled, no badges are fetched or rendered for any provider. Changes take effect after a window reload.","Show CI/CD commit-check badges in the commit graph. When disabled, no badges are fetched or rendered for any provider. Changes take effect after a window reload."
manifest,package.nls.json,configuration.commitChecks.providers.markdownDescription,,,"Enable or disable commit-check badges per provider. Keys are `github`, `gitlab`, `bitbucket-cloud`, and `bitbucket-server`; set one to `false` to suppress its badges. A disabled provider that matches your origin remote yields no badge (IntelliGit does not fall through to another remote). All default to `true`. Changes take effect after a window reload.",VS Code extension manifest string.,,IntelliGit; origin; remote,"Enable or disable commit-check badges per provider. Keys are `github`, `gitlab`, `bitbucket-cloud`, and `bitbucket-server`; set one to `false` to suppress its badges. A disabled provider that matches your origin remote yields no badge (IntelliGit does not fall through to another remote). All default to `true`. Changes take effect after a window reload.","Enable or disable commit-check badges per provider. Keys are `github`, `gitlab`, `bitbucket-cloud`, and `bitbucket-server`; set one to `false` to suppress its badges. A disabled provider that matches your origin remote yields no badge (IntelliGit does not fall through to another remote). All default to `true`. Changes take effect after a window reload.","Enable or disable commit-check badges per provider. Keys are `github`, `gitlab`, `bitbucket-cloud`, and `bitbucket-server`; set one to `false` to suppress its badges. A disabled provider that matches your origin remote yields no badge (IntelliGit does not fall through to another remote). All default to `true`. Changes take effect after a window reload.","Enable or disable commit-check badges per provider. Keys are `github`, `gitlab`, `bitbucket-cloud`, and `bitbucket-server`; set one to `false` to suppress its badges. A disabled provider that matches your origin remote yields no badge (IntelliGit does not fall through to another remote). All default to `true`. Changes take effect after a window reload.","Enable or disable commit-check badges per provider. Keys are `github`, `gitlab`, `bitbucket-cloud`, and `bitbucket-server`; set one to `false` to suppress its badges. A disabled provider that matches your origin remote yields no badge (IntelliGit does not fall through to another remote). All default to `true`. Changes take effect after a window reload.","Enable or disable commit-check badges per provider. Keys are `github`, `gitlab`, `bitbucket-cloud`, and `bitbucket-server`; set one to `false` to suppress its badges. A disabled provider that matches your origin remote yields no badge (IntelliGit does not fall through to another remote). All default to `true`. Changes take effect after a window reload.","Enable or disable commit-check badges per provider. Keys are `github`, `gitlab`, `bitbucket-cloud`, and `bitbucket-server`; set one to `false` to suppress its badges. A disabled provider that matches your origin remote yields no badge (IntelliGit does not fall through to another remote). All default to `true`. Changes take effect after a window reload.","Enable or disable commit-check badges per provider. Keys are `github`, `gitlab`, `bitbucket-cloud`, and `bitbucket-server`; set one to `false` to suppress its badges. A disabled provider that matches your origin remote yields no badge (IntelliGit does not fall through to another remote). All default to `true`. Changes take effect after a window reload.","Enable or disable commit-check badges per provider. Keys are `github`, `gitlab`, `bitbucket-cloud`, and `bitbucket-server`; set one to `false` to suppress its badges. A disabled provider that matches your origin remote yields no badge (IntelliGit does not fall through to another remote). All default to `true`. Changes take effect after a window reload.","Enable or disable commit-check badges per provider. Keys are `github`, `gitlab`, `bitbucket-cloud`, and `bitbucket-server`; set one to `false` to suppress its badges. A disabled provider that matches your origin remote yields no badge (IntelliGit does not fall through to another remote). All default to `true`. Changes take effect after a window reload.","Enable or disable commit-check badges per provider. Keys are `github`, `gitlab`, `bitbucket-cloud`, and `bitbucket-server`; set one to `false` to suppress its badges. A disabled provider that matches your origin remote yields no badge (IntelliGit does not fall through to another remote). All default to `true`. Changes take effect after a window reload."
manifest,package.nls.json,configuration.commitChecks.ciCdFilter.markdownDescription,,,Override which check names count as CI/CD for the badge (GitHub and GitLab only). Provide a regular expression (matched case-insensitively against each check's name and description); leave empty to use the built-in pattern. Code-review bots are always excluded regardless of this value. Changes take effect after a window reload.,VS Code extension manifest string.,,GitHub; GitLab,"Überschreiben Sie, welche Prüfnamen für das Badge als CI/CD zählen (nur GitHub und GitLab). Geben Sie einen regulären Ausdruck an (Groß-/Kleinschreibung wird beim Abgleich mit Name und Beschreibung jeder Prüfung ignoriert); leer lassen, um das integrierte Muster zu verwenden. Code-Review-Bots werden unabhängig von diesem Wert immer ausgeschlossen. Änderungen werden nach dem Neuladen des Fensters wirksam.",Sobrescribe qué nombres de comprobación cuentan como CI/CD para la insignia (solo GitHub y GitLab). Proporciona una expresión regular (se compara sin distinguir mayúsculas y minúsculas con el nombre y la descripción de cada comprobación); déjalo vacío para usar el patrón integrado. Los bots de revisión de código siempre se excluyen independientemente de este valor. Los cambios surten efecto después de recargar la ventana.,"Remplace les noms de vérifications qui comptent comme CI/CD pour le badge (GitHub et GitLab uniquement). Fournissez une expression régulière (comparée sans tenir compte de la casse au nom et à la description de chaque vérification) ; laissez vide pour utiliser le motif intégré. Les bots de revue de code sont toujours exclus, quelle que soit cette valeur. Les changements prennent effet après le rechargement de la fenêtre.",バッジで CI/CD として扱うチェック名を上書きします（GitHub と GitLab のみ）。正規表現を指定します（各チェックの名前と説明に対して大文字小文字を区別せずに照合）。空のままにすると組み込みパターンを使用します。コードレビュー Bot はこの値に関係なく常に除外されます。変更はウィンドウの再読み込み後に有効になります。,배지에서 CI/CD로 간주할 검사 이름을 재정의합니다(GitHub 및 GitLab만 해당). 정규식을 제공하면 각 검사의 이름과 설명에 대해 대/소문자를 구분하지 않고 일치시킵니다. 비워 두면 기본 제공 패턴을 사용합니다. 코드 리뷰 봇은 이 값과 관계없이 항상 제외됩니다. 변경 사항은 창을 다시 로드한 후 적용됩니다.,"Zastąp nazwy sprawdzeń uznawane za CI/CD na potrzeby odznaki (tylko GitHub i GitLab). Podaj wyrażenie regularne (dopasowywane bez rozróżniania wielkości liter do nazwy i opisu każdego sprawdzenia); pozostaw puste, aby użyć wbudowanego wzorca. Boty do przeglądu kodu są zawsze wykluczane niezależnie od tej wartości. Zmiany zaczną obowiązywać po ponownym załadowaniu okna.","Substitui quais nomes de verificação contam como CI/CD para o selo (somente GitHub e GitLab). Forneça uma expressão regular (comparada sem diferenciar maiúsculas de minúsculas com o nome e a descrição de cada verificação); deixe em branco para usar o padrão integrado. Bots de revisão de código são sempre excluídos, independentemente deste valor. As alterações entram em vigor após recarregar a janela.","Substitui os nomes de verificação que contam como CI/CD para o emblema (apenas GitHub e GitLab). Introduza uma expressão regular (comparada sem distinguir maiúsculas de minúsculas com o nome e a descrição de cada verificação); deixe vazio para usar o padrão integrado. Os bots de revisão de código são sempre excluídos, independentemente deste valor. As alterações entram em vigor após recarregar a janela.","Переопределяет, какие имена проверок считаются CI/CD для индикатора (только GitHub и GitLab). Укажите регулярное выражение (сопоставляется с именем и описанием каждой проверки без учета регистра); оставьте пустым, чтобы использовать встроенный шаблон. Боты для ревью кода всегда исключаются независимо от этого значения. Изменения вступают в силу после перезагрузки окна.",覆盖哪些检查名称会被视为徽章的 CI/CD（仅 GitHub 和 GitLab）。提供正则表达式（与每个检查的名称和说明进行不区分大小写的匹配）；留空则使用内置模式。无论此值如何，代码审查机器人始终会被排除。更改会在重新加载窗口后生效。,覆寫哪些檢查名稱會被視為徽章的 CI/CD（僅限 GitHub 和 GitLab）。提供正規表示式（與每個檢查的名稱和描述進行不區分大小寫的比對）；留空則使用內建模式。無論此值為何，程式碼審查機器人一律會被排除。變更會在重新載入視窗後生效。
webview,src/webviews/i18n/en.json,commit.checks.signIn,,,Sign in,Webview UI string.,,,Sign in,Sign in,Sign in,Sign in,Sign in,Sign in,Sign in,Sign in,Sign in,Sign in,Sign in
webview,src/webviews/i18n/en.json,a11y.resizeBranchColumn,,,Resize branch column,Webview UI string.,,,Resize branch column,Resize branch column,Resize branch column,Resize branch column,Resize branch column,Resize branch column,Resize branch column,Resize branch column,Resize branch column,Resize branch column,Resize branch column
webview,src/webviews/i18n/en.json,a11y.resizeCommitDetailsPane,,,Resize commit details pane,Webview UI string.,,,Resize commit details pane,Resize commit details pane,Resize commit details pane,Resize commit details pane,Resize commit details pane,Resize commit details pane,Resize commit details pane,Resize commit details pane,Resize commit details pane,Resize commit details pane,Resize commit details pane
webview,src/webviews/i18n/en.json,a11y.resizeCommitList,,,Resize commit list,Webview UI string.,,,Resize commit list,Resize commit list,Resize commit list,Resize commit list,Resize commit list,Resize commit list,Resize commit list,Resize commit list,Resize commit list,Resize commit list,Resize commit list
webview,src/webviews/i18n/en.json,a11y.resizeCommitPanel,,,Resize commit panel,Webview UI string.,,,Resize commit panel,Resize commit panel,Resize commit panel,Resize commit panel,Resize commit panel,Resize commit panel,Resize commit panel,Resize commit panel,Resize commit panel,Resize commit panel,Resize commit panel
webview,src/webviews/i18n/en.json,merge.hunk.groupAria,,,Conflict hunk #{ordinal},Webview UI string.,{ordinal},,Conflict hunk #{ordinal},Conflict hunk #{ordinal},Conflict hunk #{ordinal},Conflict hunk #{ordinal},Conflict hunk #{ordinal},Conflict hunk #{ordinal},Conflict hunk #{ordinal},Conflict hunk #{ordinal},Conflict hunk #{ordinal},Conflict hunk #{ordinal},Conflict hunk #{ordinal}
webview,src/webviews/i18n/en.json,merge.action.abortMerge,,,Abort Merge,Webview UI string.,,Merge,Zusammenführung abbrechen,Cancelar fusión,Abandonner la fusion,マージを中止,병합 중단,Przerwij scalanie,Anular mesclagem,Anular mesclagem,Прервать слияние,中止合并,中止合併
webview,src/webviews/i18n/en.json,merge.hunk.appendLeft,,,Append left block below the result,Webview UI string.,,,Linken Block unter dem Ergebnis anhängen,Añadir el bloque izquierdo debajo del resultado,Ajouter le bloc gauche sous le résultat,左ブロックを結果の下に追加する,왼쪽 블록을 결과 아래에 추가합니다,Dołącz lewy blok pod wynikiem,Anexar bloco esquerdo abaixo do resultado,Anexar bloco esquerdo abaixo do resultado,Добавить левый блок под результатом,在结果下方追加左侧块,在結果下方附加左側方塊
webview,src/webviews/i18n/en.json,merge.hunk.appendRight,,,Append right block below the result,Webview UI string.,,,Rechten Block unter dem Ergebnis anhängen,Añadir el bloque derecho debajo del resultado,Ajouter le bloc droit sous le résultat,右ブロックを結果の下に追加する,오른쪽 블록을 결과 아래에 추가합니다,Dołącz prawy blok pod wynikiem,Anexar bloco direito abaixo do resultado,Anexar bloco direito abaixo do resultado,Добавить правый блок под результатом,在结果下方追加右侧块,在結果下方附加右側方塊
manifest,package.nls.json,command.stashChanges,,,Stash Changes,VS Code extension manifest string.,,,Stash-Änderungen,Guardar cambios en stash,Remiser les modifications,変更をスタッシュ,변경 내용 스태시,Schowaj zmiany,Guardar no Stash,Guardar no Stash,Спрятать изменения,储藏更改,儲藏變更
manifest,package.nls.json,command.addToVcs,,,Add to VCS,VS Code extension manifest string.,,,Zur Versionsverwaltung hinzufügen,Agregar al control de código fuente,Ajouter au contrôle de code source,バージョン管理に追加,버전 제어에 추가,Dodaj do systemu kontroli wersji,Adicionar ao controle de versão,Adicionar ao controlo de versão,Добавить в систему контроля версий,添加到版本控制,新增至版本控制
host,l10n/bundle.l10n.json,Applied stashed changes.,,,Applied stashed changes.,"Extension-host runtime notification, command label, prompt, or status message.",,,Angewendete stash-Änderungen.,Cambios en stash aplicados.,Modifications remisées appliquées.,スタッシュされた変更が適用されました。,스태시된 변경 사항이 적용되었습니다.,Zastosowano schowane zmiany.,Alterações no Stash aplicadas.,Alterações no Stash aplicadas.,Применены спрятанные изменения.,已应用储藏的更改。,已套用儲藏的變更。
host,l10n/bundle.l10n.json,Changes stashed.,,,Changes stashed.,"Extension-host runtime notification, command label, prompt, or status message.",,,Änderungen im Stash gespeichert.,Cambios guardados en el stash.,Modifications remisées.,変更がスタッシュに保存されました。,변경 사항이 스태시에 저장되었습니다.,Zmiany zapisane w schowku.,Alterações guardadas no Stash.,Alterações guardadas no Stash.,Изменения спрятаны.,更改已储藏。,更改已儲藏。
host,l10n/bundle.l10n.json,Delete this stashed change?,,,Delete this stashed change?,"Extension-host runtime notification, command label, prompt, or status message.",,,Diesen Stash-Eintrag löschen?,¿Eliminar este cambio del stash?,Supprimer cette modification remisée ?,このスタッシュを削除しますか？,이 스태시를 삭제할까요?,Usunąć ten wpis ze schowka?,Excluir esta alteração do Stash?,Eliminar esta alteração do Stash?,Удалить это спрятанное изменение?,删除此储藏的更改？,刪除此儲藏的變更？
host,l10n/bundle.l10n.json,Stashed change deleted.,,,Stashed change deleted.,"Extension-host runtime notification, command label, prompt, or status message.",,,Stash-Eintrag gelöscht.,Cambio del stash eliminado.,Modification remisée supprimée.,スタッシュが削除されました。,스태시가 삭제되었습니다.,Wpis ze schowka został usunięty.,Alteração do Stash excluída.,Alteração do Stash eliminada.,Спрятанное изменение удалено.,储藏的更改已删除。,儲藏的變更已刪除。
host,l10n/bundle.l10n.json,Unstashed changes.,,,Unstashed changes.,"Extension-host runtime notification, command label, prompt, or status message.",,,Stash-Änderungen wiederhergestellt.,Cambios recuperados del stash.,Modifications restaurées du stash.,スタッシュを復元しました。,스태시를 복원했습니다.,Przywrócono zmiany ze schowka.,Alterações restauradas do Stash.,Alterações restauradas do Stash.,Изменения восстановлены из stash.,已取消储藏更改。,已取消儲藏變更。
host,l10n/bundle.l10n.json,Stash failed: {message},,,Stash failed: {message},"Extension-host runtime notification, command label, prompt, or status message.",{message},,Stash fehlgeschlagen: {message},Error al guardar en el stash: {message},Échec de la remise : {message},スタッシュに失敗しました: {message},스태시 실패: {message},Nie udało się schować zmian: {message},Falha ao guardar no Stash: {message},Falha ao guardar no Stash: {message},Не удалось спрятать изменения: {message},储藏失败：{message},儲藏失敗：{message}
host,l10n/bundle.l10n.json,Stashed {path}.,,,Stashed {path}.,"Extension-host runtime notification, command label, prompt, or status message.",{path},,{path} im Stash gespeichert.,{path} guardado en el stash.,{path} remisé.,{path} をスタッシュしました。,{path} 스태시됨.,Schowano {path}.,{path} guardado no Stash.,{path} guardado no Stash.,{path} спрятан.,已储藏 {path}。,已儲藏 {path}。
webview,src/webviews/i18n/en.json,common.stashChanges,,,Stash Changes,Webview UI string.,,,Stash-Änderungen,Guardar cambios en stash,Remiser les modifications,変更をスタッシュ,변경 내용 스태시,Schowaj zmiany,Guardar no Stash,Guardar no Stash,Спрятать изменения,储藏更改,儲藏變更
webview,src/webviews/i18n/en.json,stash.empty,,,No stashed changes,Webview UI string.,,,Keine Stash-Änderungen,No hay cambios en el stash,Aucune modification remisée,スタッシュされた変更なし,스태시된 변경 사항 없음,Brak schowanych zmian,Nenhuma alteração no Stash,Nenhuma alteração no Stash,Нет спрятанных изменений,没有储藏的更改,沒有儲藏的變更
webview,src/webviews/i18n/en.json,stash.noFiles,,,No files in this stashed change.,Webview UI string.,,,In dieser Stash-Änderung sind keine Dateien enthalten.,No hay archivos en este stash.,Aucun fichier dans ce stash.,このスタッシュには変更ファイルがありません。,이 스태시에는 파일이 없습니다.,Brak plików w tym schowku.,Nenhum arquivo neste Stash.,Nenhum ficheiro neste Stash.,В этом стеше нет файлов.,此储藏中没有文件。,此儲藏中沒有檔案。
webview,src/webviews/i18n/en.json,stash.defaultTitle,,,Stashed changes,Webview UI string.,,,Stash-Änderungen,Cambios en el stash,Modifications remisées,スタッシュされた変更,스태시된 변경 사항,Schowane zmiany,Alterações no Stash,Alterações no Stash,Спрятанные изменения,储藏的更改,儲藏的變更
webview,src/webviews/i18n/en.json,stash.action.unstash,,,Unstash…,Webview UI string.,,,Stash wiederherstellen…,Recuperar de Stash…,Restaurer le stash…,スタッシュを適用…,스태시 적용…,Przywróć ze stashu…,Restaurar do Stash…,Restaurar do Stash…,Восстановить из Stash…,取消储藏…,取消儲藏…
webview,src/webviews/i18n/en.json,stash.action.showDiffNewTab,,,Show Diff in a New Tab,Webview UI string.,,,Differenz in neuem Tab anzeigen,Mostrar diferencias en una pestaña nueva,Afficher la différence dans un nouvel onglet,差分を新しいタブで表示,차이점을 새 탭에서 보기,Pokaż różnice w nowej karcie,Mostrar as diferenças em uma nova aba,Mostrar as diferenças em uma nova aba,Показать различия в новой вкладке,在新标签页中显示差异,在新分頁中顯示差異
webview,src/webviews/i18n/en.json,stash.action.popDescription,,,Pop (apply and remove),Webview UI string.,,,Pop (anwenden und entfernen),Pop (aplicar y quitar),Pop (appliquer et retirer),ポップ (適用して削除),팝(적용 및 제거),Pop (zastosuj i usuń),Pop (aplicar e remover),Pop (aplicar e remover),Pop (применить и удалить),弹出（应用和移除）,彈出（應用和移除）
host,l10n/bundle.l10n.json,"Squash Commits requires a clean working tree. Commit, stash, or rollback local changes first.",,,"Squash Commits requires a clean working tree. Commit, stash, or rollback local changes first.","Extension-host runtime notification, command label, prompt, or status message.",,Commit; Squash Commits,"Squash Commits erfordert einen sauberen Arbeitsbaum. Lokale Änderungen müssen zuerst übernommen, in den Stash gelegt oder zurückgesetzt werden.","Squash Commits requiere un árbol de trabajo limpio. Confirma, guarda en el stash o revierte primero los cambios locales.","Squash Commits nécessite un répertoire de travail propre. Commencez par valider, remiser ou annuler les modifications locales.",Squash Commits を使用するには、クリーンな作業ツリーが必要です。まず、ローカルの変更をコミット、スタッシュ、またはロールバックしてください。,"Squash Commits를 사용하려면 깨끗한 작업 트리가 필요합니다. 먼저 로컬 변경 사항을 커밋, 스태시 또는 롤백하십시오.","Squash Commits wymaga czystego drzewa roboczego. Najpierw zatwierdź, schowaj lub wycofaj zmiany lokalne.","O comando Squash Commits requer uma árvore de alterações limpa e funcional. Confirme, guarde no Stash ou reverta as alterações locais primeiro.","O comando Squash Commits requer uma árvore de alterações limpa e funcional. Confirme, guarde no Stash ou reverta as alterações locais primeiro.","Для корректного выполнения коммитов требуется чистое рабочее дерево. Сначала зафиксируйте, спрячьте или отмените локальные изменения.",压缩提交需要干净的工作树。请先提交、储藏或回滚本地更改。,壓縮提交需要乾淨的工作樹。請先提交、儲藏或回滾本機變更。
host,l10n/bundle.l10n.json,Abort merge failed: {message},,,Abort merge failed: {message},"Extension-host runtime notification, command label, prompt, or status message.",{message},,Abbruch der Zusammenführung fehlgeschlagen: {message},Error al cancelar la fusión: {message},Échec de l'abandon de la fusion : {message},マージの中止に失敗しました: {message},병합 중단 실패: {message},Przerwanie scalania nie powiodło się: {message},Falha ao anular a mesclagem: {message},Falha ao anular a mesclagem: {message},Не удалось прервать слияние: {message},中止合并失败：{message},中止合併失敗：{message}
manifest,package.nls.json,command.openInVsCodeMergeEditor,,,Open in VS Code Merge Editor,VS Code extension manifest string.,,VS Code; Merge,Open in VS Code Merge Editor,Open in VS Code Merge Editor,Open in VS Code Merge Editor,Open in VS Code Merge Editor,Open in VS Code Merge Editor,Open in VS Code Merge Editor,Open in VS Code Merge Editor,Open in VS Code Merge Editor,Open in VS Code Merge Editor,Open in VS Code Merge Editor,Open in VS Code Merge Editor
host,l10n/bundle.l10n.json,Commit-check requests are temporarily paused due to rate limiting.,,,Commit-check requests are temporarily paused due to rate limiting.,"Extension-host runtime notification, command label, prompt, or status message.",,Commit,Commit-Check-Anfragen sind aufgrund einer Ratenbegrenzung vorübergehend pausiert.,Las solicitudes de comprobación de confirmaciones están temporalmente en pausa debido a un límite de frecuencia.,Les requêtes de vérification des validations sont temporairement suspendues en raison d’une limitation de débit.,レート制限のため、コミットチェックのリクエストは一時停止されています。,속도 제한으로 인해 커밋 검사 요청이 일시 중지되었습니다.,Żądania sprawdzania commitów są tymczasowo wstrzymane z powodu limitu żądań.,As solicitações de verificação de commits estão temporariamente pausadas devido ao limite de taxa.,Os pedidos de verificação de commits estão temporariamente suspensos devido à limitação de taxa.,Запросы проверки коммитов временно приостановлены из-за ограничения частоты запросов.,由于速率限制，提交检查请求已暂时暂停。,由於速率限制，提交檢查請求已暫停。
host,l10n/bundle.l10n.json,Deleting worktree {path}...,,,Deleting worktree {path}...,"Extension-host runtime notification, command label, prompt, or status message.",{path},,Worktree {path} wird gelöscht...,El worktree {path} se está eliminando...,Suppression du worktree {path}...,{path} のワークツリーを削除しています...,워크트리 {path} 삭제 중...,Usuwanie worktree {path}...,Excluindo worktree {path}...,A eliminar worktree {path}...,Удаление worktree {path}...,正在删除 Worktree {path}...,正在刪除 Worktree {path}...
host,l10n/bundle.l10n.json,Locking worktree {path}...,,,Locking worktree {path}...,"Extension-host runtime notification, command label, prompt, or status message.",{path},,Worktree {path} wird gesperrt...,Se está bloqueando el worktree {path}...,Verrouillage du worktree {path}...,{path} のワークツリーをロックしています...,워크트리 {path} 잠금 중...,Blokowanie worktree {path}...,Bloqueando worktree {path}...,A bloquear worktree {path}...,Блокировка worktree {path}...,正在锁定 Worktree {path}...,正在鎖定 Worktree {path}...
host,l10n/bundle.l10n.json,Moving worktree {path}...,,,Moving worktree {path}...,"Extension-host runtime notification, command label, prompt, or status message.",{path},,Worktree {path} wird verschoben...,Se está moviendo el worktree {path}...,Déplacement du worktree {path}...,{path} のワークツリーを移動しています...,워크트리 {path} 이동 중...,Przenoszenie worktree {path}...,Movendo worktree {path}...,A mover worktree {path}...,Перемещение worktree {path}...,正在移动 Worktree {path}...,正在移動 Worktree {path}...
host,l10n/bundle.l10n.json,All stashed changes cleared.,,,All stashed changes cleared.,"Extension-host runtime notification, command label, prompt, or status message.",,,Alle Stash-Änderungen wurden gelöscht.,Se borraron todos los cambios del stash.,Toutes les modifications remisées ont été supprimées.,すべてのスタッシュされた変更が削除されました。,모든 스태시된 변경 사항이 지워졌습니다.,Wszystkie schowane zmiany zostały usunięte.,Todas as alterações no Stash foram removidas.,Todas as alterações no Stash foram removidas.,Все спрятанные изменения удалены.,所有储藏的更改已清除。,所有儲藏的變更已清除。
host,l10n/bundle.l10n.json,Clear All Stashes,,,Clear All Stashes,"Extension-host runtime notification, command label, prompt, or status message.",,,Alle Stashes löschen,Borrar todos los stashes,Effacer tous les stashs,すべてのスタッシュを消去,모든 스태시 지우기,Wyczyść wszystkie schowki,Limpar todos os Stashes,Limpar todos os Stashes,Очистить все спрятанные изменения,清除所有储藏,清除所有儲藏
host,l10n/bundle.l10n.json,Clear all stashes? This is irreversible and may prevent recovery of saved work.,,,Clear all stashes? This is irreversible and may prevent recovery of saved work.,"Extension-host runtime notification, command label, prompt, or status message.",,,Alle Stashes löschen? Dies ist unwiderruflich und kann die Wiederherstellung gespeicherter Arbeit verhindern.,¿Borrar todos los stashes? Esta acción es irreversible y puede impedir recuperar el trabajo guardado.,Effacer tous les stashs ? Cette action est irréversible et peut empêcher la récupération du travail enregistré.,すべてのスタッシュを消去しますか？この操作は元に戻せず保存した作業を復元できなくなる可能性があります。,모든 스태시를 지우시겠습니까? 이 작업은 되돌릴 수 없으며 저장된 작업을 복구하지 못할 수 있습니다.,Wyczyścić wszystkie schowki? Tej operacji nie można cofnąć i może uniemożliwić odzyskanie zapisanej pracy.,Limpar todos os Stashes? Isso é irreversível e pode impedir a recuperação do trabalho salvo.,Limpar todos os Stashes? Esta ação é irreversível e pode impedir a recuperação do trabalho guardado.,Очистить все спрятанные изменения? Это необратимо и может помешать восстановлению сохранённой работы.,清除所有储藏吗？此操作不可撤销并且可能无法恢复已保存的工作。,清除所有儲藏嗎？此操作無法復原並且可能無法復原已儲存的工作。
host,l10n/bundle.l10n.json,Stashed changes restored on new branch.,,,Stashed changes restored on new branch.,"Extension-host runtime notification, command label, prompt, or status message.",,,Stash-Änderungen wurden auf neuem Branch wiederhergestellt.,Los cambios del stash se restauraron en una rama nueva.,Les modifications remisées ont été restaurées sur une nouvelle branche.,スタッシュされた変更を新しいブランチに復元しました。,스태시된 변경 사항을 새 브랜치에 복원했습니다.,Schowane zmiany przywrócono na nowej gałęzi.,As alterações do Stash foram restauradas em um novo ramo.,As alterações do Stash foram restauradas num novo ramo.,Спрятанные изменения восстановлены в новой ветке.,已在新分支上恢复储藏的更改。,已在新分支上還原儲藏的變更。
webview,src/webviews/i18n/en.json,stash.action.applyStash,,,Apply Stash,Webview UI string.,,,Stash anwenden,Aplicar stash,Appliquer le stash,スタッシュを適用,스태시 적용,Zastosuj schowek,Aplicar Stash,Aplicar Stash,Применить спрятанное изменение,应用储藏,套用儲藏
webview,src/webviews/i18n/en.json,stash.action.popStash,,,Pop Stash,Webview UI string.,,,Stash anwenden und löschen,Aplicar y quitar el stash,Appliquer et supprimer le stash,スタッシュを適用して削除,스태시 적용 및 제거,Zastosuj i usuń schowek,Aplicar e remover o Stash,Aplicar e remover o Stash,Применить и удалить спрятанное изменение,应用并删除储藏,套用並移除儲藏
webview,src/webviews/i18n/en.json,stash.action.branch,,,Branch,Webview UI string.,,Branch,Branch,Rama,Branche,ブランチ,브랜치,Gałąź,Ramo,Ramo,Ветка,分支,分支
webview,src/webviews/i18n/en.json,stash.dialog.currentBranch,,,Current branch,Webview UI string.,,,Aktueller Branch,Rama actual,Branche actuelle,現在のブランチ,현재 브랜치,Bieżąca gałąź,Ramo atual,Ramo atual,Текущая ветка,当前分支,目前分支
webview,src/webviews/i18n/en.json,stash.dialog.asNewBranch,,,As new branch,Webview UI string.,,,Als neuen Branch,Como rama nueva,Comme nouvelle branche,新しいブランチとして,새 브랜치로,Jako nową gałąź,Como novo ramo,Como novo ramo,Как новую ветку,作为新分支,作為新分支
webview,src/webviews/i18n/en.json,stash.dialog.popStash,,,Pop Stash,Webview UI string.,,,Stash anwenden und löschen,Aplicar y quitar el stash,Appliquer et supprimer le stash,スタッシュを適用して削除,스태시 적용 및 제거,Zastosuj i usuń schowek,Aplicar e remover o Stash,Aplicar e remover o Stash,Применить и удалить спрятанное изменение,应用并删除储藏,套用並移除儲藏
webview,src/webviews/i18n/en.json,stash.dialog.reinstateIndex,,,Reinstate Index,Webview UI string.,,,Index wiederherstellen,Restablecer índice,Rétablir l’index,インデックスを復元,인덱스 복원,Przywróć indeks,Restaurar índice,Restaurar índice,Восстановить индекс,恢复索引,還原索引
webview,src/webviews/i18n/en.json,stash.dialog.noBranch,,,No branch,Webview UI string.,,,Kein Branch,Sin rama,Aucune branche,ブランチなし,브랜치 없음,Brak gałęzi,Sem ramo,Sem ramo,Нет ветки,没有分支,沒有分支
webview,src/webviews/i18n/en.json,stash.dialog.invalidBranch,,,Enter a valid branch name.,Webview UI string.,,,Geben Sie einen gültigen Branchnamen ein.,Introduzca un nombre de rama válido.,Saisissez un nom de branche valide.,有効なブランチ名を入力してください。,유효한 브랜치 이름을 입력하세요.,Wprowadź prawidłową nazwę gałęzi.,Insira um nome de ramo válido.,Introduza um nome de ramo válido.,Введите допустимое имя ветки.,请输入有效的分支名称。,請輸入有效的分支名稱。
host,l10n/bundle.l10n.json,Empty local file (missing),,,Empty local file (missing),"Extension-host runtime notification, command label, prompt, or status message.",,,Leere lokale Datei (fehlt),Archivo local vacío (no encontrado),Fichier local vide (manquant),空のローカル ファイル（見つかりません）,빈 로컬 파일(없음),Pusty plik lokalny (brak),Arquivo local vazio (ausente),Ficheiro local vazio (em falta),Пустой локальный файл (отсутствует),空的本地文件（缺失）,空的本機檔案（遺失）
host,l10n/bundle.l10n.json,Empty stashed file (missing: {ref}),,,Empty stashed file (missing: {ref}),"Extension-host runtime notification, command label, prompt, or status message.",{ref},,Leere Stash-Datei (fehlt: {ref}),Archivo del stash vacío (no encontrado: {ref}),Fichier remisé vide (manquant : {ref}),空のスタッシュ ファイル（見つかりません: {ref}）,빈 스태시 파일(없음: {ref}),Pusty plik schowka (brak: {ref}),Arquivo do stash vazio (ausente: {ref}),Ficheiro de stash vazio (em falta: {ref}),Пустой файл из стэша (отсутствует: {ref}),空的储藏文件（缺失：{ref}）,空的儲藏檔案（遺失：{ref}）
host,l10n/bundle.l10n.json,{path} (Stashed: {ref}) <-> Local File,,,{path} (Stashed: {ref}) <-> Local File,"Extension-host runtime notification, command label, prompt, or status message.",{path} {ref},,{path} (Gestasht: {ref}) <-> Lokale Datei,{path} (En el stash: {ref}) <-> Archivo local,{path} (Remisé : {ref}) <-> Fichier local,{path}（スタッシュ: {ref}）<-> ローカル ファイル,{path} (스태시: {ref}) <-> 로컬 파일,{path} (Schowek: {ref}) <-> Plik lokalny,{path} (No stash: {ref}) <-> Arquivo local,{path} (No stash: {ref}) <-> Ficheiro local,{path} (В стэше: {ref}) <-> Локальный файл,{path}（储藏：{ref}）<-> 本地文件,{path}（儲藏：{ref}）<-> 本機檔案
host,l10n/bundle.l10n.json,Local File,,,Local File,VS Code resource label for the local diff side.,,,Lokale Datei,Archivo local,Fichier local,ローカル ファイル,로컬 파일,Plik lokalny,Arquivo local,Ficheiro local,Локальный файл,本地文件,本機檔案
host,l10n/bundle.l10n.json,Stashed: {ref},,,Stashed: {ref},VS Code resource label for the stashed diff side.,{ref},,Gestasht: {ref},En el stash: {ref},Remisé : {ref},スタッシュ: {ref},스태시: {ref},Schowek: {ref},No stash: {ref},No stash: {ref},В стэше: {ref},储藏：{ref},儲藏：{ref}
webview,src/webviews/i18n/en.json,commit.tab.shelf,,,Shelf,Webview UI string.,,,Ablage,estante,étagère,シェルフ,셸프,półka,prateleira,prateleira,полка,搁置架,擱置架
manifest,package.nls.json,command.shelf.shelveChanges,,,Shelve Changes…,VS Code extension manifest string.,,,Änderungen ablegen…,Guardar cambios en estante…,Mettre les modifications en étagère…,変更をシェルフに保存…,변경 사항을 셸프에 저장…,Odłóż zmiany na półkę…,Salvar alterações na prateleira…,Guardar alterações na prateleira…,Поместить изменения на полку…,将更改搁置…,將變更擱置…
manifest,package.nls.json,command.shelf.shelveSilently,,,Shelve Silently,VS Code extension manifest string.,,,Änderungen ohne Rückfrage ablegen,Guardar cambios en estante silenciosamente,Mettre les modifications en étagère silencieusement,変更をシェルフに保存（確認なし）,변경 사항을 셸프에 저장(확인 없음),Odłóż zmiany na półkę bez pytania,Salvar alterações na prateleira silenciosamente,Guardar alterações na prateleira silenciosamente,Поместить изменения на полку без подтверждения,静默搁置更改,靜默擱置變更
manifest,package.nls.json,command.shelf.saveToShelf,,,Save to Shelf…,VS Code extension manifest string.,,,In Ablage speichern…,Guardar en estante…,Enregistrer dans l'étagère…,シェルフに保存…,셸프에 저장…,Zapisz na półce…,Salvar na prateleira…,Guardar na prateleira…,Сохранить на полке…,保存到搁置架…,儲存到擱置架…
manifest,package.nls.json,command.shelf.unshelve,,,Unshelve…,VS Code extension manifest string.,,,Aus Ablage wiederherstellen…,Restaurar estante…,Restaurer l'étagère…,シェルフから復元…,셸프에서 복원…,Przywróć z półki…,Restaurar da prateleira…,Restaurar da prateleira…,Восстановить с полки…,从搁置架恢复…,從擱置架還原…
manifest,package.nls.json,command.shelf.importPatch,,,Import Patches…,VS Code extension manifest string.,,,Patches importieren…,Importar parches…,Importer des correctifs…,パッチをインポート…,패치 가져오기…,Importuj poprawki…,Importar patches…,Importar patches…,Импортировать патчи…,导入补丁...,導入補丁...
manifest,package.nls.json,command.shelf.cleanUp,,,Clean Up Shelf…,VS Code extension manifest string.,,,Ablage bereinigen…,Limpiar estante…,Nettoyer l'étagère…,シェルフをクリーンアップ…,셸프 정리…,Wyczyść półkę…,Limpar prateleira…,Limpar prateleira…,Очистить полку…,清理搁置架…,清理擱置架…
manifest,package.nls.json,command.shelf.purgeRecovery,,,Purge Shelf Recovery…,VS Code extension manifest string.,,,Ablage-Wiederherstellung bereinigen…,Limpiar la recuperación del estante…,Purger la récupération de l'étagère…,シェルフ復旧を消去…,셸프 복구 제거…,Wyczyść odzyskiwanie półki…,Limpar a recuperação da prateleira…,Limpar a recuperação da prateleira…,Очистить восстановление полки…,清除搁置恢复…,清除擱置復原…
manifest,package.nls.json,configuration.shelf.recordBaseRevisions.description,,,Store base revisions in shelves for conflict resolution.,VS Code extension manifest string.,,,Basisrevisionen zur Konfliktlösung in Ablagen speichern.,Guarde revisiones base en estantes para resolver conflictos.,Enregistrez les révisions de base dans les étagères pour résoudre les conflits.,競合解決のためにベースリビジョンをシェルフに保存します。,충돌 해결을 위해 기본 리비전을 셸프에 저장합니다.,"Zapisuj rewizje bazowe na półkach, aby rozwiązywać konflikty.",Salve revisões base nas prateleiras para resolver conflitos.,Guarde revisões base nas prateleiras para resolver conflitos.,Сохраняйте базовые ревизии на полках для разрешения конфликтов.,将基础修订保存到搁置架中以解决冲突。,將基礎修訂儲存到擱置架中以解決衝突。
manifest,package.nls.json,configuration.shelf.path.description,,,Custom shelf storage directory. The repository-specific subdirectory is always appended.,VS Code extension manifest string.,,,Benutzerdefiniertes Ablage-Speicherverzeichnis. Das repositoriespezifische Unterverzeichnis wird immer angehängt.,Directorio de almacenamiento de estantes personalizado. El subdirectorio específico del repositorio siempre se agrega.,Répertoire de stockage des étagères personnalisé. Le sous-répertoire propre au dépôt est toujours ajouté.,カスタムのシェルフ保存ディレクトリ。リポジトリ固有のサブディレクトリは常に追加されます。,사용자 지정 셸프 저장소 디렉터리입니다. 리포지토리별 하위 디렉터리는 항상 추가됩니다.,Niestandardowy katalog przechowywania półek. Podkatalog właściwy dla repozytorium jest zawsze dodawany.,Diretório de armazenamento de prateleiras personalizado. O subdiretório específico do repositório é sempre anexado.,Diretório de armazenamento de prateleiras personalizado. O subdiretório específico do repositório é sempre anexado.,Пользовательский каталог хранения полок. Подкаталог для конкретного репозитория всегда добавляется.,自定义搁置架存储目录。始终会附加特定于仓库的子目录。,自訂擱置架儲存目錄。系統一律會附加儲存庫專用子目錄。
manifest,package.nls.json,configuration.shelf.removeOnUnshelve.description,,,Remove successfully applied files from the shelf when unshelving.,VS Code extension manifest string.,,,Erfolgreich angewendete Dateien beim Wiederherstellen aus der Ablage entfernen.,Elimine los archivos aplicados correctamente al restaurar desde el estante.,Supprimez les fichiers appliqués avec succès lors de la restauration de l'étagère.,シェルフから復元するときに、正常に適用されたファイルを削除します。,셸프에서 복원할 때 성공적으로 적용된 파일을 제거합니다.,Usuń pomyślnie zastosowane pliki podczas przywracania z półki.,Remova arquivos aplicados com sucesso ao restaurar da prateleira.,Remova ficheiros aplicados com êxito ao restaurar da prateleira.,Удаляйте успешно применённые файлы при восстановлении с полки.,从搁置架恢复时删除已成功应用的文件。,從擱置架還原時移除已成功套用的檔案。
manifest,package.nls.json,configuration.shelf.recoveryRetentionHours.description,,,Retain recovery snapshots for at least this many hours. Destructive operations are refused when recovery capacity is exhausted within this window.,VS Code extension manifest string.,,,"Bewahren Sie Wiederherstellungs-Snapshots mindestens so viele Stunden lang auf. Zerstörerische Vorgänge werden abgelehnt, wenn die Wiederherstellungskapazität innerhalb dieses Zeitfensters erschöpft ist.",Conserve las instantáneas de recuperación durante al menos esta cantidad de horas. Las operaciones destructivas se rechazan cuando la capacidad de recuperación se agota dentro de esta ventana.,Conservez les instantanés de récupération pendant au moins ce nombre d'heures. Les opérations destructives sont refusées lorsque la capacité de récupération est épuisée dans cette fenêtre.,回復スナップショットを少なくともこの時間保持します。このウィンドウ内で回復容量が使い果たされると、破壊的な操作は拒否されます。,최소한 이 시간 동안 복구 스냅샷을 보관하세요. 이 창 내에서 복구 용량이 소진되면 파괴적인 작업이 거부됩니다.,"Przechowuj migawki odzyskiwania przez co najmniej tyle godzin. Operacje niszczące są odrzucane, gdy w tym oknie zostaną wyczerpane możliwości odzyskiwania.",Retenha os instantâneos de recuperação por pelo menos esse número de horas. As operações destrutivas são recusadas quando a capacidade de recuperação se esgota dentro desta janela.,Retenha os instantâneos de recuperação por pelo menos esse número de horas. As operações destrutivas são recusadas quando a capacidade de recuperação se esgota dentro desta janela.,"Сохраняйте снимки восстановления в течение как минимум указанного количества часов. Разрушительные операции отклоняются, когда в течение этого окна исчерпаны возможности восстановления.",将恢复快照保留至少这么多小时。当恢复能力在此窗口内耗尽时，破坏性操作将被拒绝。,將恢復快照保留至少這麼多小時。當復原能力在此視窗內耗盡時，破壞性操作將被拒絕。
manifest,package.nls.json,configuration.shelf.cleanupAfterDays.description,,,Automatically remove already-unshelved shelves older than this many days. Zero never removes them automatically.,VS Code extension manifest string.,,,Bereits wiederhergestellte Ablagen nach dieser Anzahl von Tagen automatisch entfernen. Der Wert 0 entfernt sie nie automatisch.,Elimine automáticamente los estantes ya restaurados después de este número de días. El valor 0 nunca los elimina automáticamente.,Supprimez automatiquement les étagères déjà restaurées après ce nombre de jours. La valeur 0 ne les supprime jamais automatiquement.,この日数を過ぎた復元済みのシェルフを自動的に削除します。0 の場合は自動的に削除しません。,이 일수보다 오래된 이미 복원된 셸프를 자동으로 제거합니다. 0이면 자동으로 제거하지 않습니다.,Automatycznie usuwaj już przywrócone półki starsze niż ta liczba dni. Wartość 0 nigdy nie usuwa ich automatycznie.,Remova automaticamente prateleiras já restauradas após este número de dias. O valor 0 nunca as remove automaticamente.,Remova automaticamente prateleiras já restauradas após este número de dias. O valor 0 nunca as remove automaticamente.,Автоматически удаляйте уже восстановленные полки старше указанного числа дней. Значение 0 никогда не удаляет их автоматически.,在指定天数后自动移除已恢复的搁置架。值为 0 时绝不自动移除。,在指定天數後自動移除已還原的擱置架。值為 0 時絕不自動移除。
host,l10n/bundle.l10n.json,No Git repositories found in this workspace.,,,No Git repositories found in this workspace.,"Extension-host runtime notification, command label, prompt, or status message.",,Git,In diesem Arbeitsbereich wurden keine Git-Repositorys gefunden.,No se encontraron repositorios Git en este espacio de trabajo.,Aucun référentiel Git trouvé dans cet espace de travail.,このワークスペースには Git リポジトリが見つかりません。,이 작업공간에는 Git 저장소가 없습니다.,W tym obszarze roboczym nie znaleziono repozytoriów Git.,Nenhum repositório Git encontrado neste espaço de trabalho.,Nenhum repositório Git encontrado neste espaço de trabalho.,В этой рабочей области не найдено репозиториев Git.,在此工作区中找不到 Git 存储库。,在此工作區中找不到 Git 儲存庫。
host,l10n/bundle.l10n.json,Select a repository for shelf changes,,,Select a repository for shelf changes,"Extension-host runtime notification, command label, prompt, or status message.",,,Wählen Sie ein Repository für Ablageänderungen aus,Seleccione un repositorio para cambios de estante,Sélectionnez un référentiel pour les modifications d'étagère,シェルフ変更用のリポジトリを選択してください,셸프 변경을 위한 저장소 선택,Wybierz repozytorium zmian na półkach,Selecione um repositório para alterações de prateleira,Selecione um repositório para alterações de prateleira,Выберите хранилище для изменений полки,选择存储架更改的存储库,選擇儲存架變更的儲存庫
host,l10n/bundle.l10n.json,Shelf service is unavailable for this repository.,,,Shelf service is unavailable for this repository.,"Extension-host runtime notification, command label, prompt, or status message.",,,Der Ablage-Service ist für dieses Repository nicht verfügbar.,El servicio de estantes no está disponible para este repositorio.,Le service d'étagère n'est pas disponible pour ce dépôt.,このリポジトリではシェルフサービスを利用できません。,이 리포지토리에서는 셸프 서비스를 사용할 수 없습니다.,Usługa półek nie jest dostępna dla tego repozytorium.,O serviço de prateleiras não está disponível para este repositório.,O serviço de prateleiras não está disponível para este repositório.,Служба полок недоступна для этого репозитория.,此仓库无法使用搁置架服务。,此儲存庫無法使用擱置架服務。
host,l10n/bundle.l10n.json,Shelf name,,,Shelf name,"Extension-host runtime notification, command label, prompt, or status message.",,,Ablagename,Nombre del estante,Nom de l'étagère,シェルフ名,셸프 이름,Nazwa półki,Nome da prateleira,Nome da prateleira,Название полки,搁置架名称,擱置架名稱
host,l10n/bundle.l10n.json,Changes saved to shelf.,,,Changes saved to shelf.,"Extension-host runtime notification, command label, prompt, or status message.",,,Änderungen in der Ablage gespeichert.,Cambios guardados en el estante.,Modifications enregistrées sur l'étagère.,変更はシェルフに保存されました。,변경 사항을 셸프에 저장했습니다.,Zmiany zapisane na półce.,Alterações salvas na prateleira.,Alterações salvas na prateleira.,Изменения сохранены на полке.,更改已保存到搁置架上。,更改已儲存到擱置架上。
host,l10n/bundle.l10n.json,Changes shelved.,,,Changes shelved.,"Extension-host runtime notification, command label, prompt, or status message.",,,Änderungen wurden abgelegt.,Los cambios se guardaron en el estante.,Les modifications ont été mises en étagère.,変更をシェルフに保存しました。,변경 사항을 셸프에 저장했습니다.,Zmiany odłożono na półkę.,As alterações foram salvas na prateleira.,As alterações foram guardadas na prateleira.,Изменения помещены на полку.,更改已搁置。,變更已擱置。
host,l10n/bundle.l10n.json,Save to shelf failed,,,Save to shelf failed,"Extension-host runtime notification, command label, prompt, or status message.",,,Das Speichern in der Ablage ist fehlgeschlagen,Error al guardar en la estante,Échec de l'enregistrement sur étagère,シェルフへの保存に失敗しました,셸프에 저장하지 못했습니다.,Zapisywanie na półce nie powiodło się,Falha ao salvar na prateleira,Falha ao salvar na prateleira,Сохранить на полку не удалось,保存到搁置架失败,保存到擱置架失敗
host,l10n/bundle.l10n.json,Shelve changes failed,,,Shelve changes failed,"Extension-host runtime notification, command label, prompt, or status message.",,,Änderungen konnten nicht abgelegt werden,No se pudieron guardar los cambios en el estante,Impossible de mettre les modifications en étagère,変更をシェルフに保存できませんでした,변경 사항을 셸프에 저장하지 못했습니다,Nie udało się odłożyć zmian na półkę,Não foi possível salvar as alterações na prateleira,Não foi possível guardar as alterações na prateleira,Не удалось поместить изменения на полку,无法搁置更改,無法擱置變更
host,l10n/bundle.l10n.json,{failure}: {message},,,{failure}: {message},"Extension-host runtime notification, command label, prompt, or status message.",{failure} {message},,{failure}: {message},{failure}: {message},{failure} : {message},{failure}: {message},{failure}: {message},{failure}: {message},{failure}: {message},{failure}: {message},{failure}: {message},{failure}: {message},{failure}: {message}
host,l10n/bundle.l10n.json,No shelves are available to unshelve.,,,No shelves are available to unshelve.,"Extension-host runtime notification, command label, prompt, or status message.",,,Es sind keine Ablagen zum Wiederherstellen verfügbar.,No hay estantes disponibles para restaurar.,Aucune étagère n'est disponible à restaurer.,復元できるシェルフはありません。,복원할 셸프가 없습니다.,Brak półek do przywrócenia.,Não há prateleiras disponíveis para restaurar.,Não há prateleiras disponíveis para restaurar.,Нет полок для восстановления.,没有可恢复的搁置架。,沒有可還原的擱置架。
host,l10n/bundle.l10n.json,Select a shelf to unshelve,,,Select a shelf to unshelve,"Extension-host runtime notification, command label, prompt, or status message.",,,Ablage zum Wiederherstellen auswählen,Seleccione un estante para restaurar,Sélectionnez une étagère à restaurer,復元するシェルフを選択してください,복원할 셸프 선택,Wybierz półkę do przywrócenia,Selecione uma prateleira para restaurar,Selecione uma prateleira para restaurar,Выберите полку для восстановления,选择要恢复的搁置架,選擇要還原的擱置架
host,l10n/bundle.l10n.json,Shelf unshelved.,,,Shelf unshelved.,"Extension-host runtime notification, command label, prompt, or status message.",,,Ablage wurde wiederhergestellt.,El estante se restauró.,L'étagère a été restaurée.,シェルフから復元しました。,셸프에서 복원했습니다.,Przywrócono z półki.,A prateleira foi restaurada.,A prateleira foi restaurada.,Полка восстановлена.,已从搁置架恢复。,已從擱置架還原。
host,l10n/bundle.l10n.json,Unshelve failed,,,Unshelve failed,"Extension-host runtime notification, command label, prompt, or status message.",,,Aus Ablage wiederherstellen fehlgeschlagen,No se pudo restaurar el estante,Impossible de restaurer l'étagère,シェルフから復元できませんでした,셸프에서 복원하지 못했습니다,Nie udało się przywrócić z półki,Não foi possível restaurar da prateleira,Não foi possível restaurar da prateleira,Не удалось восстановить с полки,无法从搁置架恢复,無法從擱置架還原
host,l10n/bundle.l10n.json,Unshelve failed: {message},,,Unshelve failed: {message},"Extension-host runtime notification, command label, prompt, or status message.",{message},,Aus Ablage wiederherstellen fehlgeschlagen: {message},No se pudo restaurar el estante: {message},Impossible de restaurer l'étagère: {message},シェルフから復元できませんでした: {message},셸프에서 복원하지 못했습니다: {message},Nie udało się przywrócić z półki: {message},Não foi possível restaurar da prateleira: {message},Não foi possível restaurar da prateleira: {message},Не удалось восстановить с полки: {message},无法从搁置架恢复: {message},無法從擱置架還原: {message}
host,l10n/bundle.l10n.json,Patch imported to shelf.,,,Patch imported to shelf.,"Extension-host runtime notification, command label, prompt, or status message.",,,Patch ins Ablage importiert.,Parche importado al estante.,Patch importé sur l'étagère.,パッチがシェルフにインポートされました。,패치를 셸프로 가져왔습니다.,Poprawka zaimportowana na półkę.,Patch importado para prateleira.,Patch importado para prateleira.,Патч импортирован на полку.,补丁已导入搁置架。,補丁已導入擱置架。
host,l10n/bundle.l10n.json,Import patch failed,,,Import patch failed,"Extension-host runtime notification, command label, prompt, or status message.",,,Der Patch-Import ist fehlgeschlagen,Error al importar el parche,Échec de l'importation du correctif,パッチのインポートに失敗しました,패치 가져오기 실패,Import poprawki nie powiódł się,Falha no patch de importação,Falha no patch de importação,Импортировать патч не удалось,导入补丁失败,導入補丁失敗
host,l10n/bundle.l10n.json,No already unshelved shelves to clean up.,,,No already unshelved shelves to clean up.,"Extension-host runtime notification, command label, prompt, or status message.",,,Es gibt keine bereits wiederhergestellten Ablagen zum Bereinigen.,No hay estantes ya restaurados para limpiar.,Aucune étagère déjà restaurée n'est à nettoyer.,クリーンアップする復元済みのシェルフはありません。,정리할 이미 복원된 셸프가 없습니다.,Nie ma już przywróconych półek do wyczyszczenia.,Não há prateleiras já restauradas para limpar.,Não há prateleiras já restauradas para limpar.,Нет уже восстановленных полок для очистки.,没有要清理的已恢复搁置架。,沒有要清理的已還原擱置架。
host,l10n/bundle.l10n.json,Clean Up Shelf,,,Clean Up Shelf,"Extension-host runtime notification, command label, prompt, or status message.",,,Ablage bereinigen,Limpiar estante,Nettoyer l'étagère,シェルフをクリーンアップ,셸프 정리,Wyczyść półkę,Limpar prateleira,Limpar prateleira,Очистить полку,清理搁置架,清理擱置架
host,l10n/bundle.l10n.json,Permanently delete all already unshelved shelves?,,,Permanently delete all already unshelved shelves?,"Extension-host runtime notification, command label, prompt, or status message.",,,Alle bereits wiederhergestellten Ablagen endgültig löschen?,¿Eliminar permanentemente todos los estantes ya restaurados?,Supprimer définitivement toutes les étagères déjà restaurées ?,復元済みのシェルフをすべて完全に削除しますか？,이미 복원된 모든 셸프를 영구적으로 삭제할까요?,Trwale usunąć wszystkie już przywrócone półki?,Excluir permanentemente todas as prateleiras já restauradas?,Eliminar permanentemente todas as prateleiras já restauradas?,Удалить все уже восстановленные полки без возможности восстановления?,要永久删除所有已恢复的搁置架吗？,要永久刪除所有已還原的擱置架嗎？
host,l10n/bundle.l10n.json,Already unshelved shelves cleaned up.,,,Already unshelved shelves cleaned up.,"Extension-host runtime notification, command label, prompt, or status message.",,,Bereits wiederhergestellte Ablagen wurden bereinigt.,Se limpiaron los estantes ya restaurados.,Les étagères déjà restaurées ont été nettoyées.,復元済みのシェルフをクリーンアップしました。,이미 복원된 셸프를 정리했습니다.,Wyczyszczono już przywrócone półki.,As prateleiras já restauradas foram limpas.,As prateleiras já restauradas foram limpas.,Уже восстановленные полки очищены.,已清理已恢复的搁置架。,已清理已還原的擱置架。
host,l10n/bundle.l10n.json,Clean up shelf failed,,,Clean up shelf failed,"Extension-host runtime notification, command label, prompt, or status message.",,,Das Aufräumen der Ablage ist fehlgeschlagen,Error al limpiar el estante,Échec du nettoyage de l'étagère,シェルフのクリーンアップに失敗しました,셸프 정리 실패,Nie udało się wyczyścić półki,Falha na limpeza da prateleira,Falha na limpeza da prateleira,Очистить полку не удалось,清理搁置架失败,清理架失敗
host,l10n/bundle.l10n.json,Clean up shelf failed: {message},,,Clean up shelf failed: {message},"Extension-host runtime notification, command label, prompt, or status message.",{message},,Ablage bereinigen fehlgeschlagen: {message},Error al limpiar el estante: {message},Échec du nettoyage de l'étagère : {message},シェルフのクリーンアップに失敗しました: {message},셸프 정리 실패: {message},Czyszczenie półki nie powiodło się: {message},Falha na limpeza da prateleira: {message},Falha na limpeza da prateleira: {message},Не удалось очистить полку: {message}.,清理搁置架失败：{message},清理擱置架失敗：{message}
host,l10n/bundle.l10n.json,Purge Shelf Recovery,,,Purge Shelf Recovery,"Extension-host runtime notification, command label, prompt, or status message.",,,Ablage-Wiederherstellung bereinigen,Limpiar la recuperación del estante,Purger la récupération de l'étagère,シェルフ復旧を消去,셸프 복구 제거,Wyczyść odzyskiwanie półki,Limpar a recuperação da prateleira,Limpar a recuperação da prateleira,Очистить восстановление полки,清除搁置恢复,清除擱置復原
host,l10n/bundle.l10n.json,Permanently delete shelf recovery snapshots?,,,Permanently delete shelf recovery snapshots?,"Extension-host runtime notification, command label, prompt, or status message.",,,Snapshots der Ablage-Wiederherstellung endgültig löschen?,¿Eliminar permanentemente las instantáneas de recuperación del estante?,Supprimer définitivement les instantanés de récupération de l'étagère ?,シェルフ復旧スナップショットを完全に削除しますか？,셸프 복구 스냅샷을 영구적으로 삭제할까요?,Trwale usunąć migawki odzyskiwania półki?,Excluir permanentemente os instantâneos de recuperação da prateleira?,Eliminar permanentemente os instantâneos de recuperação da prateleira?,Удалить снимки восстановления полки без возможности восстановления?,要永久删除搁置恢复快照吗？,要永久刪除擱置復原快照嗎？
host,l10n/bundle.l10n.json,Shelf recovery snapshots purged.,,,Shelf recovery snapshots purged.,"Extension-host runtime notification, command label, prompt, or status message.",,,Snapshots der Ablage-Wiederherstellung wurden gelöscht.,Se eliminaron las instantáneas de recuperación del estante.,Les instantanés de récupération de l'étagère ont été supprimés.,シェルフ復旧スナップショットを削除しました。,셸프 복구 스냅샷을 삭제했습니다.,Usunięto migawki odzyskiwania półki.,Os instantâneos de recuperação da prateleira foram excluídos.,Os instantâneos de recuperação da prateleira foram eliminados.,Снимки восстановления полки удалены.,已删除搁置恢复快照。,已刪除擱置復原快照。
host,l10n/bundle.l10n.json,Purge shelf recovery failed,,,Purge shelf recovery failed,"Extension-host runtime notification, command label, prompt, or status message.",,,Bereinigen der Ablage-Wiederherstellung fehlgeschlagen,No se pudo limpiar la recuperación del estante,Impossible de purger la récupération de l'étagère,シェルフ復旧を消去できませんでした,셸프 복구를 제거하지 못했습니다,Nie udało się wyczyścić odzyskiwania półki,Não foi possível limpar a recuperação da prateleira,Não foi possível limpar a recuperação da prateleira,Не удалось очистить восстановление полки,无法清除搁置恢复,無法清除擱置復原
host,l10n/bundle.l10n.json,Choose a name for the shelf,,,Choose a name for the shelf,"Extension-host runtime notification, command label, prompt, or status message.",,,Wählen Sie einen Namen für das Ablage,Elige un nombre para el estante,Choisissez un nom pour l'étagère,シェルフの名前を選択してください,셸프 이름을 선택하세요.,Wybierz nazwę półki,Escolha um nome para a prateleira,Escolha um nome para a prateleira,Выберите имя для полки,为搁置架选择一个名称,為擱置架選擇一個名稱
host,l10n/bundle.l10n.json,Save to Shelf,,,Save to Shelf,"Extension-host runtime notification, command label, prompt, or status message.",,,In Ablage speichern,Guardar en estante,Enregistrer dans l'étagère,シェルフに保存,셸프에 저장,Zapisz na półce,Salvar na prateleira,Guardar na prateleira,Сохранить на полке,保存到搁置架,儲存到擱置架
host,l10n/bundle.l10n.json,Unable to create shelf: {message},,,Unable to create shelf: {message},"Extension-host runtime notification, command label, prompt, or status message.",{message},,Ablage konnte nicht erstellt werden: {message},No se puede crear el estante: {message},Impossible de créer une étagère : {message},シェルフを作成できません: {message},셸프를 생성할 수 없습니다: {message},Nie można utworzyć półki: {message},Não foi possível criar prateleira: {message},Não foi possível criar prateleira: {message},Невозможно создать полку: {message}.,无法创建搁置架：{message},無法建立擱置架：{message}
webview,src/webviews/i18n/en.json,shelf.health.oneWarning,,,Shelf has 1 warning.,Webview UI string.,,,Ablage hat 1 Warnung.,El estante tiene 1 advertencia.,L'étagère comporte 1 avertissement.,シェルフには警告が 1 件あります。,셸프에 경고가 1개 있습니다.,Półka ma 1 ostrzeżenie.,A prateleira tem 1 aviso.,A prateleira tem 1 aviso.,Полка имеет 1 предупреждение.,搁置架有 1 个警告。,擱置架有 1 個警告。
webview,src/webviews/i18n/en.json,shelf.health.manyWarnings,,,Shelf has {count} warnings.,Webview UI string.,{count},,Ablage weist {count}-Warnungen auf.,El estante tiene advertencias {count}.,L'étagère comporte des avertissements {count}.,シェルフには {count} の警告があります。,셸프에 {count} 경고가 있습니다.,Półka posiada ostrzeżenia {count}.,A prateleira tem avisos {count}.,A prateleira tem avisos {count}.,Полка имеет предупреждения {count}.,搁置架上有 {count} 警告。,擱置架上有 {count} 警告。
webview,src/webviews/i18n/en.json,shelf.health.details,,,Details,Webview UI string.,,,Einzelheiten,Detalles,Détails,詳細,세부정보,Szczegóły,Detalhes,Detalhes,Подробности,详情,詳情
webview,src/webviews/i18n/en.json,shelf.health.title,,,Shelf warnings,Webview UI string.,,,Ablagewarnungen,Advertencias en los estantes,Avertissements sur les étagères,シェルフの警告,셸프 경고,Ostrzeżenia dotyczące półek,Avisos de prateleira,Avisos de prateleira,Предупреждения о полке,搁置架警告,擱置架警告
webview,src/webviews/i18n/en.json,shelf.health.close,,,Close,Webview UI string.,,,Schließen,Cerrar,Fermer,閉じる,닫기,Zamknij,Fechar,Fechar,Закрыть,关闭,關閉
webview,src/webviews/i18n/en.json,shelf.list.label,,,Shelves,Webview UI string.,,,Ablagen,estantes,étagères,シェルフ,셸프,półki,prateleiras,prateleiras,полки,搁置架,擱置架
webview,src/webviews/i18n/en.json,shelf.list.empty,,,No shelves.,Webview UI string.,,,Keine Ablagen.,No hay estantes.,Aucune étagère.,シェルフはありません。,셸프가 없습니다.,Brak półek.,Não há prateleiras.,Não há prateleiras.,Нет полок.,没有搁置架。,沒有擱置架。
webview,src/webviews/i18n/en.json,shelf.list.alreadyUnshelved,,,Already Unshelved,Webview UI string.,,,Bereits wiederhergestellt,Ya restaurado,Déjà restauré,すでに復元済み,이미 복원됨,Już przywrócono,Já restaurado,Já restaurado,Уже восстановлено,已恢复,已還原
webview,src/webviews/i18n/en.json,shelf.filePane.empty,,,No shelf files.,Webview UI string.,,,Keine Ablagedateien.,Sin archivos de estante.,Pas de fichiers d'étagère.,シェルフファイルはありません。,셸프 파일이 없습니다.,Brak plików półki.,Sem arquivos de prateleira.,Sem arquivos de prateleira.,Никаких файлов на полке.,没有搁置架文件。,沒有擱置架文件。
webview,src/webviews/i18n/en.json,shelf.rename.label,,,Rename shelf,Webview UI string.,,,Ablage umbenennen,Cambiar nombre de estante,Renommer l'étagère,シェルフの名前を変更する,셸프 이름 바꾸기,Zmień nazwę półki,Renomear prateleira,Renomear prateleira,Переименовать полку,重命名搁置架,重新命名擱置架
webview,src/webviews/i18n/en.json,shelf.action.restore,,,Restore,Webview UI string.,,,Wiederherstellen,Restaurar,Restaurer,復元,복원,Przywróć,Restaurar,Restaurar,Восстановить,恢复,恢復
webview,src/webviews/i18n/en.json,shelf.action.importPatches,,,Import Patches…,Webview UI string.,,,Patches importieren…,Importar parches…,Importer des correctifs…,パッチをインポート…,패치 가져오기…,Importuj poprawki…,Importar patches…,Importar patches…,Импортировать патчи…,导入补丁…,導入補丁…
webview,src/webviews/i18n/en.json,shelf.action.createPatch,,,Create Patch…,Webview UI string.,,,Patch erstellen…,Crear parche…,Créer un correctif…,パッチを作成…,패치 생성…,Utwórz poprawkę…,Criar patch…,Criar patch…,Создать патч…,创建补丁…,建立補丁…
webview,src/webviews/i18n/en.json,shelf.action.unshelve,,,Unshelve,Webview UI string.,,,Aus Ablage wiederherstellen,Restaurar estante,Restaurer l'étagère,シェルフから復元,셸프에서 복원,Przywróć z półki,Restaurar da prateleira,Restaurar da prateleira,Восстановить с полки,从搁置架恢复,從擱置架還原
webview,src/webviews/i18n/en.json,shelf.action.unshelveMenu,,,Unshelve…,Webview UI string.,,,Aus Ablage wiederherstellen…,Restaurar estante…,Restaurer l'étagère…,シェルフから復元…,셸프에서 복원…,Przywróć z półki…,Restaurar da prateleira…,Restaurar da prateleira…,Восстановить с полки…,从搁置架恢复…,從擱置架還原…
webview,src/webviews/i18n/en.json,shelf.action.unshelveSilently,,,Unshelve Silently,Webview UI string.,,,Ohne Rückfrage aus Ablage wiederherstellen,Restaurar estante silenciosamente,Restaurer l'étagère silencieusement,確認なしでシェルフから復元,확인 없이 셸프에서 복원,Przywróć z półki bez pytania,Restaurar da prateleira silenciosamente,Restaurar da prateleira silenciosamente,Восстановить с полки без подтверждения,静默从搁置架恢复,靜默從擱置架還原
webview,src/webviews/i18n/en.json,shelf.action.hideAlreadyUnshelved,,,Hide Already Unshelved,Webview UI string.,,,Bereits wiederhergestellte Ablagen ausblenden,Ocultar estantes ya restaurados,Masquer les étagères déjà restaurées,復元済みのシェルフを非表示,이미 복원된 셸프 숨기기,Ukryj już przywrócone półki,Ocultar prateleiras já restauradas,Ocultar prateleiras já restauradas,Скрыть уже восстановленные полки,隐藏已恢复的搁置架,隱藏已還原的擱置架
webview,src/webviews/i18n/en.json,shelf.action.showAlreadyUnshelved,,,Show Already Unshelved,Webview UI string.,,,Bereits wiederhergestellte Ablagen anzeigen,Mostrar estantes ya restaurados,Afficher les étagères déjà restaurées,復元済みのシェルフを表示,이미 복원된 셸프 표시,Pokaż już przywrócone półki,Mostrar prateleiras já restauradas,Mostrar prateleiras já restauradas,Показать уже восстановленные полки,显示已恢复的搁置架,顯示已還原的擱置架
webview,src/webviews/i18n/en.json,shelf.action.cleanUp,,,Clean Up Shelf…,Webview UI string.,,,Ablage bereinigen…,Limpiar estante…,Nettoyer l'étagère…,シェルフをクリーンアップ…,셸프 정리…,Wyczyść półkę…,Limpar prateleira…,Limpar prateleira…,Очистить полку…,清理搁置架…,清理擱置架…
webview,src/webviews/i18n/en.json,shelf.action.toolbar,,,Shelf actions,Webview UI string.,,,Ablageaktionen,Acciones de estante,Actions d'étagère,シェルフアクション,셸프 작업,Działania na półce,Ações de prateleira,Ações de prateleira,Действия на полке,搁置行动,擱置行動
webview,src/webviews/i18n/en.json,shelf.action.renameLocal,,,Rename Local,Webview UI string.,,,Lokal umbenennen,Cambiar nombre local,Renommer Local,ローカルの名前を変更,로컬 이름 바꾸기,Zmień nazwę lokalną,Renomear local,Renomear local,Переименовать локальное,重命名本地,重新命名本地
webview,src/webviews/i18n/en.json,shelf.action.deleteShelf,,,Delete Shelf,Webview UI string.,,,Ablage löschen,Eliminar estante,Supprimer l'étagère,シェルフの削除,셸프 삭제,Usuń półkę,Excluir prateleira,Excluir prateleira,Удалить полку,删除搁置架,刪除擱置架
webview,src/webviews/i18n/en.json,shelf.action.merge,,,Merge…,Webview UI string.,,Merge,Zusammenführen…,Fusionar…,Fusionner…,結合…,병합…,Połącz…,Mesclar…,Mesclar…,Объединить…,合并…,合併…
webview,src/webviews/i18n/en.json,shelf.action.keepLocal,,,Keep Local,Webview UI string.,,,Bleiben Sie lokal,Mantener local,Restez local,ローカルに保つ,로컬 유지,Zachowaj lokalność,Mantenha-se local,Mantenha-se local,Сохраняйте локальность,保留本地版本,保留本機版本
webview,src/webviews/i18n/en.json,shelf.action.useShelved,,,Use Shelved,Webview UI string.,,,Ablageversion verwenden,Usar versión del estante,Utiliser la version de l'étagère,シェルフのバージョンを使用,셸프 버전 사용,Użyj wersji z półki,Usar a versão da prateleira,Utilizar a versão da prateleira,Использовать версию с полки,使用搁置架版本,使用擱置架版本
webview,src/webviews/i18n/en.json,shelf.action.deleteLocal,,,Delete Local,Webview UI string.,,,Lokal löschen,Eliminar local,Supprimer le local,ローカルの削除,로컬 삭제,Usuń lokalnie,Excluir local,Excluir local,Удалить локальный,删除本地,刪除本地
webview,src/webviews/i18n/en.json,shelf.action.renameLocalMenu,,,Rename Local…,Webview UI string.,,,Lokal umbenennen…,Cambiar nombre local…,Renommer Local…,ローカルの名前を変更…,로컬 이름 바꾸기…,Zmień nazwę lokalną…,Renomear local…,Renomear local…,Переименовать локальный…,重命名本地…,重新命名本地…
webview,src/webviews/i18n/en.json,shelf.action.shelveChanges,,,Shelve Changes,Webview UI string.,,,Änderungen ablegen,Guardar cambios en estante,Mettre les modifications en étagère,変更をシェルフに保存,변경 사항을 셸프에 저장,Odłóż zmiany na półkę,Salvar alterações na prateleira,Guardar alterações na prateleira,Поместить изменения на полку,将更改搁置,將變更擱置
webview,src/webviews/i18n/en.json,shelf.action.save,,,Save to Shelf,Webview UI string.,,,In Ablage speichern,Guardar en estante,Enregistrer dans l'étagère,シェルフに保存,셸프에 저장,Zapisz na półce,Salvar na prateleira,Guardar na prateleira,Сохранить на полке,保存到搁置架,儲存到擱置架
webview,src/webviews/i18n/en.json,shelf.dialog.renameLocal.title,,,Rename local file,Webview UI string.,,,Lokale Datei umbenennen,Cambiar el nombre del archivo local,Renommer le fichier local,ローカルファイルの名前を変更する,로컬 파일 이름 바꾸기,Zmień nazwę pliku lokalnego,Renomear arquivo local,Renomear arquivo local,Переименовать локальный файл,重命名本地文件,重新命名本機文件
webview,src/webviews/i18n/en.json,shelf.dialog.renameLocal.input,,,Rename local path,Webview UI string.,,,Benennen Sie den lokalen Pfad um,Cambiar el nombre de la ruta local,Renommer le chemin local,ローカルパスの名前を変更する,로컬 경로 이름 바꾸기,Zmień nazwę ścieżki lokalnej,Renomear caminho local,Renomear caminho local,Переименовать локальный путь,重命名本地路径,重命名本機路徑
webview,src/webviews/i18n/en.json,shelf.dialog.delete.title,,,Delete shelf?,Webview UI string.,,,Ablage löschen?,¿Eliminar estante?,Supprimer l'étagère ?,シェルフを削除しますか?,셸프를 삭제하시겠습니까?,Usunąć półkę?,Excluir prateleira?,Excluir prateleira?,Удалить полку?,删除搁置架？,刪除擱置架？
webview,src/webviews/i18n/en.json,shelf.dialog.unshelve.title,,,Unshelve,Webview UI string.,,,Aus Ablage wiederherstellen,Restaurar estante,Restaurer l'étagère,シェルフから復元,셸프에서 복원,Przywróć z półki,Restaurar da prateleira,Restaurar da prateleira,Восстановить с полки,从搁置架恢复,從擱置架還原
webview,src/webviews/i18n/en.json,shelf.dialog.unshelve.flattenedMode,,,Flattened mode,Webview UI string.,,,Abgeflachter Modus,Modo aplanado,Mode aplati,フラット化モード,평면화 모드,Tryb spłaszczony,Modo achatado,Modo achatado,Сглаженный режим,扁平化模式,扁平化模式
webview,src/webviews/i18n/en.json,shelf.dialog.unshelve.removeApplied,,,Remove successfully applied,Webview UI string.,,,Entfernen erfolgreich angewendet,Eliminar aplicado exitosamente,Suppression appliquée avec succès,削除が正常に適用されました,삭제가 성공적으로 적용되었습니다.,Usuń pomyślnie zastosowane,Remoção aplicada com sucesso,Remoção aplicada com sucesso,Удаление успешно применено,删除成功应用,刪除成功應用
webview,src/webviews/i18n/en.json,shelf.dialog.shelve.title,,,Shelve Changes,Webview UI string.,,,Änderungen ablegen,Guardar cambios en estante,Mettre les modifications en étagère,変更をシェルフに保存,변경 사항을 셸프에 저장,Odłóż zmiany na półkę,Salvar alterações na prateleira,Guardar alterações na prateleira,Поместить изменения на полку,将更改搁置,將變更擱置
webview,src/webviews/i18n/en.json,shelf.dialog.shelve.name,,,Shelf name,Webview UI string.,,,Ablagename,Nombre del estante,Nom de l'étagère,シェルフ名,셸프 이름,Nazwa półki,Nome da prateleira,Nome da prateleira,Название полки,搁置架名称,擱置架名稱
webview,src/webviews/i18n/en.json,shelf.dialog.cleanup.title,,,Clean Up Shelf,Webview UI string.,,,Ablage bereinigen,Limpiar estante,Nettoyer l'étagère,シェルフをクリーンアップ,셸프 정리,Wyczyść półkę,Limpar prateleira,Limpar prateleira,Очистить полку,清理搁置架,清理擱置架
webview,src/webviews/i18n/en.json,shelf.dialog.cleanup.description,,,This permanently deletes selected shelves. Recovery snapshots are kept separately.,Webview UI string.,,,Dadurch werden ausgewählte Ablagen dauerhaft gelöscht. Wiederherstellungs-Snapshots werden separat aufbewahrt.,Esto elimina permanentemente los estantes seleccionados. Las instantáneas de recuperación se mantienen por separado.,Cela supprime définitivement les étagères sélectionnées. Les instantanés de récupération sont conservés séparément.,これにより、選択したシェルフが完全に削除されます。回復スナップショットは個別に保存されます。,선택한 셸프가 영구적으로 삭제됩니다. 복구 스냅샷은 별도로 보관됩니다.,Spowoduje to trwałe usunięcie wybranych półek. Migawki odzyskiwania są przechowywane osobno.,Isso exclui permanentemente as prateleiras selecionadas. Os instantâneos de recuperação são mantidos separadamente.,Isso exclui permanentemente as prateleiras selecionadas. Os instantâneos de recuperação são mantidos separadamente.,Выбранные полки будут удалены без возможности восстановления. Снимки восстановления хранятся отдельно.,这将永久删除选定的搁置架。恢复快照单独保存。,這將永久刪除選定的擱置架。復原快照會另外保存。
webview,src/webviews/i18n/en.json,shelf.dialog.cleanup.empty,,,No already unshelved shelves to clean up.,Webview UI string.,,,Es gibt keine bereits wiederhergestellten Ablagen zum Bereinigen.,No hay estantes ya restaurados para limpiar.,Aucune étagère déjà restaurée n'est à nettoyer.,クリーンアップする復元済みのシェルフはありません。,정리할 이미 복원된 셸프가 없습니다.,Nie ma już przywróconych półek do wyczyszczenia.,Não há prateleiras já restauradas para limpar.,Não há prateleiras já restauradas para limpar.,Нет уже восстановленных полок для очистки.,没有要清理的已恢复搁置架。,沒有要清理的已還原擱置架。
webview,src/webviews/i18n/en.json,shelf.dialog.cleanup.allGhosts,,,All ghosts,Webview UI string.,,,Alle wiederhergestellten Ablagen,Todos los estantes restaurados,Toutes les étagères restaurées,すべての復元済みシェルフ,모든 복원된 셸프,Wszystkie przywrócone półki,Todas as prateleiras restauradas,Todas as prateleiras restauradas,Все восстановленные полки,所有已恢复的搁置架,所有已還原的擱置架
webview,src/webviews/i18n/en.json,shelf.dialog.cleanup.olderThanDays,,,Older than days,Webview UI string.,,,Älter als Tage,Más antiguos que días,Antérieures à un nombre de jours,指定日数より前,다음 일수보다 오래됨,Starsze niż liczba dni,Mais antigas que dias,Mais antigas do que dias,Старше указанного числа дней,早于指定天数,早於指定天數
webview,src/webviews/i18n/en.json,shelf.dialog.cleanup.selectOlderThan,,,Select older than,Webview UI string.,,,Ältere Ablagen auswählen,Seleccionar estantes más antiguos,Sélectionner les étagères plus anciennes,古いシェルフを選択,오래된 셸프 선택,Wybierz starsze półki,Selecionar prateleiras mais antigas,Selecionar prateleiras mais antigas,Выбрать старые полки,选择较早的搁置架,選擇較早的擱置架
webview,src/webviews/i18n/en.json,shelf.status.completed,,,Shelf mutation completed.,Webview UI string.,,,Ablage-Vorgang abgeschlossen.,Operación de estante completada.,Opération d'étagère terminée.,シェルフ操作が完了しました。,셸프 작업이 완료되었습니다.,Operacja półki została ukończona.,Operação da prateleira concluída.,Operação da prateleira concluída.,Операция с полкой завершена.,搁置操作已完成。,擱置操作已完成。
webview,src/webviews/i18n/en.json,shelf.status.partial,,,Shelf mutation partially completed.,Webview UI string.,,,Ablage-Vorgang teilweise abgeschlossen.,Operación de estante completada parcialmente.,Opération d'étagère partiellement terminée.,シェルフ操作が一部完了しました。,셸프 작업이 일부 완료되었습니다.,Operacja półki została ukończona częściowo.,Operação da prateleira concluída parcialmente.,Operação da prateleira concluída parcialmente.,Операция с полкой частично завершена.,搁置操作已部分完成。,擱置操作已部分完成。
webview,src/webviews/i18n/en.json,shelf.status.conflicts,,,Shelf mutation completed with conflicts.,Webview UI string.,,,Ablage-Vorgang mit Konflikten abgeschlossen.,Operación de estante completada con conflictos.,Opération d'étagère terminée avec des conflits.,シェルフ操作が競合ありで完了しました。,셸프 작업이 충돌과 함께 완료되었습니다.,Operacja półki została ukończona z konfliktami.,Operação da prateleira concluída com conflitos.,Operação da prateleira concluída com conflitos.,Операция с полкой завершена с конфликтами.,搁置操作已完成，但存在冲突。,擱置操作已完成，但有衝突。
webview,src/webviews/i18n/en.json,shelf.status.staleShelf,,,Shelf changed before this mutation.,Webview UI string.,,,Die Ablage wurde vor diesem Vorgang geändert.,El estante cambió antes de esta operación.,L'étagère a changé avant cette opération.,この操作の前にシェルフが変更されました。,이 작업 전에 셸프가 변경되었습니다.,Półka zmieniła się przed tą operacją.,A prateleira mudou antes desta operação.,A prateleira mudou antes desta operação.,Полка изменилась до этой операции.,此操作前搁置架已更改。,此操作前擱置架已變更。
webview,src/webviews/i18n/en.json,shelf.status.staleCatalog,,,Shelf catalog changed before this mutation.,Webview UI string.,,,Der Ablagekatalog wurde vor diesem Vorgang geändert.,El catálogo de estantes cambió antes de esta operación.,Le catalogue des étagères a changé avant cette opération.,この操作の前にシェルフカタログが変更されました。,이 작업 전에 셸프 카탈로그가 변경되었습니다.,Katalog półek zmienił się przed tą operacją.,O catálogo de prateleiras mudou antes desta operação.,O catálogo de prateleiras mudou antes desta operação.,Каталог полок изменился до этой операции.,此操作前搁置目录已更改。,此操作前擱置目錄已變更。
webview,src/webviews/i18n/en.json,shelf.status.busy,,,Shelf mutation is busy.,Webview UI string.,,,Ein Ablage-Vorgang wird bereits ausgeführt.,La operación de estante está en curso.,L'opération d'étagère est en cours.,シェルフ操作は実行中です。,셸프 작업이 진행 중입니다.,Operacja półki jest w toku.,A operação da prateleira está em andamento.,A operação da prateleira está em curso.,Выполняется операция с полкой.,搁置操作正在进行。,擱置操作進行中。
webview,src/webviews/i18n/en.json,shelf.status.recoveryFull,,,Shelf recovery storage is full.,Webview UI string.,,,Der Speicher für die Ablage-Wiederherstellung ist voll.,El almacenamiento de recuperación del estante está lleno.,Le stockage de récupération de l'étagère est plein.,シェルフ復旧ストレージが満杯です。,셸프 복구 저장소가 가득 찼습니다.,Magazyn odzyskiwania półki jest pełny.,O armazenamento de recuperação da prateleira está cheio.,O armazenamento de recuperação da prateleira está cheio.,Хранилище восстановления полки заполнено.,搁置恢复存储空间已满。,擱置復原儲存空間已滿。
webview,src/webviews/i18n/en.json,shelf.status.failed,,,Shelf mutation failed.,Webview UI string.,,,Ablage-Vorgang fehlgeschlagen.,La operación de estante falló.,L'opération d'étagère a échoué.,シェルフ操作に失敗しました。,셸프 작업에 실패했습니다.,Operacja półki nie powiodła się.,A operação da prateleira falhou.,A operação da prateleira falhou.,Операция с полкой завершилась ошибкой.,搁置操作失败。,擱置操作失敗。
webview,src/webviews/i18n/en.json,shelf.status.exportFlattened,,,Exported patch is flattened; staging metadata is not preserved.,Webview UI string.,,,Der exportierte Patch wird abgeflacht; Staging-Metadaten bleiben nicht erhalten.,El parche exportado se aplana; Los metadatos provisionales no se conservan.,Le patch exporté est aplati ; les métadonnées de préparation ne sont pas conservées.,エクスポートされたパッチはフラット化されます。ステージングメタデータは保持されません。,내보낸 패치는 병합됩니다. 스테이징 메타데이터는 보존되지 않습니다.,Wyeksportowana poprawka jest spłaszczona; Metadane przemieszczania nie są zachowywane.,O patch exportado é nivelado; os metadados de preparação não são preservados.,O patch exportado é nivelado; os metadados de preparação não são preservados.,Экспортированный патч сглажен; метаданные промежуточного хранения не сохраняются.,导出的补丁被压扁；不保留暂存元数据。,匯出的補丁被壓扁；不保留暫存元資料。
webview,src/webviews/i18n/en.json,shelf.result.applied,,,applied,Webview UI string.,,,angewendet,aplicado,appliqué,適用された,적용됨,zastosowany,aplicado,aplicado,прикладной,应用,應用
webview,src/webviews/i18n/en.json,shelf.result.conflicted,,,conflicted,Webview UI string.,,,widersprüchlich,conflictivo,en conflit,矛盾した,갈등하다,sprzeczne,em conflito,em conflito,противоречивый,矛盾的,矛盾的
webview,src/webviews/i18n/en.json,shelf.result.retained,,,retained: {reason},Webview UI string.,{reason},,beibehalten: {reason},retenido: {reason},retenu : {reason},保持: {reason},유지됨: {reason},zachowane: {reason},retido: {reason},retido: {reason},сохранено: {reason},保留：{reason},保留：{reason}
webview,src/webviews/i18n/en.json,shelf.result.flattenedResidue,,,flattenedResidue,Webview UI string.,,,abgeflachter Rückstand,aplanadoResiduo,aplatiRésidu,平らにした残差,납작해진잔류물,spłaszczona pozostałość,achatadoResíduo,achatadoResíduo,сплющенныйОстаток,扁平残渣,扁平殘渣
webview,src/webviews/i18n/en.json,shelf.result.refused,,,refused: {reason},Webview UI string.,{reason},,abgelehnt: {reason},rechazado: {reason},refusé : {reason},拒否されました: {reason},거부됨: {reason},odmówił: {reason},recusado: {reason},recusado: {reason},отказано: {reason},拒绝：{reason},拒絕：{reason}
webview,src/webviews/i18n/en.json,shelf.result.structuralPending,,,structuralPending: {reason},Webview UI string.,{reason},,strukturellAusstehend: {reason},estructuralPendiente: {reason},structurelEn attente : {reason},構造保留中: {reason},구조적 보류 중: {reason},strukturalny w oczekiwaniu: {reason},estruturalPendente: {reason},estruturalPendente: {reason},структурныйВ ожидании: {reason},结构待定：{reason},結構待定：{reason}
webview,src/webviews/i18n/en.json,a11y.shelfMutationOutcome,,,Shelf mutation outcome,Webview UI string.,,,Ergebnis des Ablage-Vorgangs,Resultado de la operación de estante,Résultat de l'opération d'étagère,シェルフ操作の結果,셸프 작업 결과,Wynik operacji półki,Resultado da operação da prateleira,Resultado da operação da prateleira,Результат операции с полкой,搁置操作结果,擱置操作結果
webview,src/webviews/i18n/en.json,a11y.shelfWarning,,,{count} shelf warnings,Webview UI string.,{count},,{count} Ablagewarnungen,Advertencias en los estantes {count},Avertissements sur les étagères {count},{count} シェルフの警告,{count} 셸프 경고,Ostrzeżenia dotyczące półki {count},Avisos de prateleira {count},Avisos de prateleira {count},Предупреждения на полке {count},{count} 搁置架警告,{count} 擱置架警告
host,l10n/bundle.l10n.json,Uncommitted changes,,,Uncommitted changes,"Extension-host runtime notification, command label, prompt, or status message.",,,Nicht festgeschriebene Änderungen,Cambios no confirmados,Modifications non validées,コミットされていない変更,커밋되지 않은 변경 사항,Niezatwierdzone zmiany,Alterações não confirmadas,Alterações não confirmadas,Незафиксированные изменения,未提交的更改,未提交的更改
host,l10n/bundle.l10n.json,Patch files,,,Patch files,"Extension-host runtime notification, command label, prompt, or status message.",,,Patchdateien,Archivos de parche,Fichiers de correctifs,パッチファイル,패치 파일,Pliki poprawek,Arquivos de correção,Arquivos de correção,Файлы исправлений,补丁文件,補丁文件
webview,src/webviews/i18n/en.json,shelf.action.compareWithLocal,,,Compare with Local,Webview UI string.,,,Mit lokaler Version vergleichen,Comparar con local,Comparer avec la version locale,ローカルと比較,로컬과 비교,Porównaj z lokalną wersją,Comparar com local,Comparar com a versão local,Сравнить с локальной версией,与本地比较,與本機比較
webview,src/webviews/i18n/en.json,shelf.action.rename,,,Rename,Webview UI string.,,,Umbenennen,Cambiar nombre,Renommer,名前を変更,이름 바꾸기,Zmień nazwę,Renomear,Mudar o nome,Переименовать,重命名,重新命名
webview,src/webviews/i18n/en.json,shelf.action.delete,,,Delete,Webview UI string.,,,Löschen,Eliminar,Supprimer,削除,삭제,Usuń,Excluir,Eliminar,Удалить,删除,刪除
host,l10n/bundle.l10n.json,Shelf recovery failed: {message},,,Shelf recovery failed: {message},"Extension-host runtime notification, command label, prompt, or status message.",{message},,Wiederherstellung der Ablage fehlgeschlagen: {message},No se pudo recuperar la estante: {message},Échec de la récupération de l’étagère : {message},シェルフの復元に失敗しました: {message},셸프 복구에 실패했습니다: {message},Nie udało się odzyskać półki: {message},Falha ao recuperar a prateleira: {message},Falha ao recuperar a prateleira: {message},Не удалось восстановить полку: {message},恢复搁置内容失败：{message},還原擱置內容失敗：{message}
webview,src/webviews/i18n/en.json,shelf.defaultName,,,Uncommitted changes,Webview UI string.,,,Nicht festgeschriebene Änderungen,Cambios sin confirmar,Modifications non validées,コミットされていない変更,커밋되지 않은 변경 사항,Niezatwierdzone zmiany,Alterações não confirmadas,Alterações não confirmadas,Незафиксированные изменения,未提交的更改,未提交的變更
webview,src/webviews/i18n/en.json,shelf.action.shelveChangesMenu,,,Shelve Changes…,Webview UI string.,,,Änderungen ablegen…,Guardar cambios en estante…,Mettre les modifications en étagère…,変更をシェルフに保存…,변경 사항을 셸프에 저장…,Odłóż zmiany na półkę…,Salvar alterações na prateleira…,Guardar alterações na prateleira…,Поместить изменения на полку…,将更改搁置…,將變更擱置…
webview,src/webviews/i18n/en.json,shelf.action.shelveSilently,,,Shelve Silently,Webview UI string.,,,Änderungen ohne Rückfrage ablegen,Guardar cambios en estante silenciosamente,Mettre les modifications en étagère silencieusement,変更をシェルフに保存（確認なし）,변경 사항을 셸프에 저장(확인 없음),Odłóż zmiany na półkę bez pytania,Salvar alterações na prateleira silenciosamente,Guardar alterações na prateleira silenciosamente,Поместить изменения на полку без подтверждения,静默搁置更改,靜默擱置變更
webview,src/webviews/i18n/en.json,stash.fileAction.openDiff,,,Open Diff,Webview UI string.,,,Diff öffnen,Abrir diferencias,Ouvrir les différences,差分を開く,차이점 열기,Otwórz różnice,Abrir diferenças,Abrir diferenças,Открыть различия,打开差异,開啟差異
webview,src/webviews/i18n/en.json,stash.fileAction.editSource,,,Edit Source,Webview UI string.,,,Quelldatei bearbeiten,Editar origen,Modifier la source,ソースを編集,소스 편집,Edytuj źródło,Editar fonte,Editar código-fonte,Редактировать исходный файл,编辑源文件,編輯原始檔
webview,src/webviews/i18n/en.json,stash.fileAction.cherryPickSelectedChanges,,,Cherry-Pick Selected Changes,Webview UI string.,,,Ausgewählte Änderungen cherry-picken,Hacer cherry-pick de los cambios seleccionados,Cherry-pick des modifications sélectionnées,選択した変更をチェリーピック,선택한 변경 사항 체리픽,Cherry-pick wybranych zmian,Fazer cherry-pick das alterações selecionadas,Fazer cherry-pick das alterações selecionadas,Выполнить cherry-pick выбранных изменений,挑选选定的更改,挑選選取的變更
host,l10n/bundle.l10n.json,Stash {reference},,,Stash {reference},"Extension-host runtime notification, command label, prompt, or status message.",{reference},,Stash {reference},Stash {reference},Stash {reference},スタッシュ {reference},스태시 {reference},Schowek {reference},Stash {reference},Stash {reference},Стэш {reference},储藏 {reference},儲藏 {reference}
host,l10n/bundle.l10n.json,{path} (Local File <-> Stash {reference}),,,{path} (Local File <-> Stash {reference}),"Extension-host runtime notification, command label, prompt, or status message.",{path} {reference},,{path} (Lokale Datei <-> Stash {reference}),{path} (Archivo local <-> Stash {reference}),{path} (Fichier local <-> Stash {reference}),{path}（ローカル ファイル <-> スタッシュ {reference}）,{path} (로컬 파일 <-> 스태시 {reference}),{path} (Plik lokalny <-> Schowek {reference}),{path} (Arquivo local <-> Stash {reference}),{path} (Ficheiro local <-> Stash {reference}),{path} (Локальный файл <-> Стэш {reference}),{path}（本地文件 <-> 储藏 {reference}）,{path}（本機檔案 <-> 儲藏 {reference}）
manifest,package.nls.json,configuration.clearLastCommit.markdownDescription,,,Clear the commit message draft after a successful local commit. Disable to retain the draft in the Commit panel.,VS Code extension manifest string.,,Commit,Löscht den Entwurf der Commit-Nachricht nach einem erfolgreichen lokalen Commit. Deaktivieren Sie diese Option um den Entwurf im Commit-Bereich beizubehalten.,Borra el borrador del mensaje de commit después de un commit local correcto. Desactiva esta opción para conservar el borrador en el panel de commit.,Efface le brouillon du message de commit après un commit local réussi. Désactivez cette option pour conserver le brouillon dans le panneau Commit.,ローカル コミットが成功した後にコミット メッセージの下書きを消去します。無効にするとコミット パネルに下書きが保持されます。,로컬 커밋에 성공한 후 커밋 메시지 초안을 지웁니다. 커밋 패널에 초안을 유지하려면 비활성화하세요.,Czyści wersję roboczą wiadomości commitu po pomyślnym lokalnym commicie. Wyłącz tę opcję aby zachować wersję roboczą w panelu Commit.,Limpa o rascunho da mensagem de commit após um commit local bem-sucedido. Desative esta opção para manter o rascunho no painel de Commit.,Limpa o rascunho da mensagem de commit após um commit local bem-sucedido. Desative esta opção para manter o rascunho no painel Commit.,"Очищает черновик сообщения коммита после успешного локального коммита. Отключите этот параметр, чтобы сохранить черновик на панели коммитов.",本地提交成功后清除提交消息草稿。禁用此设置可在提交面板中保留草稿。,本機提交成功後清除提交訊息草稿。停用此設定即可在提交面板中保留草稿。
webview,src/webviews/i18n/en.json,shelf.action.showDiffNewTab,,,Show Diff in a New Tab,Webview UI string.,,,Diff in neuem Tab anzeigen,Mostrar diferencias en una pestaña nueva,Afficher les différences dans un nouvel onglet,新しいタブで差分を表示,새 탭에서 차이 표시,Pokaż różnice w nowej karcie,Mostrar diferenças em uma nova guia,Mostrar diferenças num novo separador,Показать различия в новой вкладке,在新选项卡中显示差异,在新索引標籤中顯示差異
webview,src/webviews/i18n/en.json,shelf.action.copyPatchToClipboard,,,Copy as Patch to Clipboard,Webview UI string.,,,Als Patch in Zwischenablage kopieren,Copiar como parche al portapapeles,Copier comme correctif dans le presse-papiers,パッチとしてクリップボードにコピー,패치로 클립보드에 복사,Kopiuj jako łatkę do schowka,Copiar como patch para a área de transferência,Copiar como patch para a área de transferência,Копировать как патч в буфер обмена,作为补丁复制到剪贴板,以修補程式複製到剪貼簿
webview,src/webviews/i18n/en.json,shelf.action.groupBy,,,Group by Directory,Webview UI string.,,,Nach Verzeichnis gruppieren,Agrupar por directorio,Regrouper par répertoire,ディレクトリごとにグループ化,디렉터리별로 그룹화,Grupuj według katalogu,Agrupar por diretório,Agrupar por diretório,Группировать по каталогу,按目录分组,依目錄分組
webview,src/webviews/i18n/en.json,shelf.action.expandAll,,,Expand All,Webview UI string.,,,Alle erweitern,Expandir todo,Tout développer,すべて展開,모두 확장,Rozwiń wszystko,Expandir tudo,Expandir tudo,Развернуть все,全部展开,全部展開
webview,src/webviews/i18n/en.json,shelf.action.collapseAll,,,Collapse All,Webview UI string.,,,Alle einklappen,Contraer todo,Tout réduire,すべて折りたたむ,모두 축소,Zwiń wszystko,Recolher tudo,Recolher tudo,Свернуть все,全部折叠,全部摺疊
webview,src/webviews/i18n/en.json,shelf.action.moreOptions,,,More Options,Webview UI string.,,,Weitere Optionen,Más opciones,Plus d’options,その他のオプション,추가 옵션,Więcej opcji,Mais opções,Mais opções,Дополнительные параметры,更多选项,更多選項
webview,src/webviews/i18n/en.json,commit.tab.shelfWithCount,,,Shelf ({count}),Webview UI string.,{count},,Ablage ({count}),estante ({count}),étagère ({count}),シェルフ（{count}）,셸프({count}),półka ({count}),prateleira ({count}),prateleira ({count}),полка ({count}),搁置架（{count}）,擱置架（{count}）
webview,src/webviews/i18n/en.json,common.filesAndDate,,,"{files}, {date}",Webview UI string.,{files} {date},,"{files}, {date}","{files}, {date}","{files}, {date}",{files}、{date},"{files}, {date}","{files}, {date}","{files}, {date}","{files}, {date}","{files}, {date}",{files}，{date},{files}，{date}
host,l10n/bundle.l10n.json,Install Copilot,,,Install Copilot,"Extension-host runtime notification, command label, prompt, or status message.",,,Copilot installieren,Instalar Copilot,Installer Copilot,Copilot をインストール,Copilot 설치,Zainstaluj Copilot,Instalar o Copilot,Instalar o Copilot,Установить Copilot,安装 Copilot,安裝 Copilot
host,l10n/bundle.l10n.json,Sign In,,,Sign In,"Extension-host runtime notification, command label, prompt, or status message.",,,Anmelden,Iniciar sesión,Se connecter,サインイン,로그인,Zaloguj się,Entrar,Iniciar sessão,Войти,登录,登入
host,l10n/bundle.l10n.json,GitHub Copilot is unavailable for commit-message generation.,,,GitHub Copilot is unavailable for commit-message generation.,"Extension-host runtime notification, command label, prompt, or status message.",,GitHub,GitHub Copilot ist für die Generierung von Commit-Nachrichten nicht verfügbar.,GitHub Copilot no está disponible para generar mensajes de commit.,GitHub Copilot n’est pas disponible pour générer des messages de commit.,GitHub Copilot はコミット メッセージの生成に利用できません。,GitHub Copilot은 커밋 메시지 생성에 사용할 수 없습니다.,GitHub Copilot nie jest dostępny do generowania komunikatów commitów.,GitHub Copilot não está disponível para gerar mensagens de commit.,GitHub Copilot não está disponível para gerar mensagens de commit.,GitHub Copilot недоступен для создания сообщений коммитов.,GitHub Copilot 无法用于生成提交消息。,GitHub Copilot 無法用於產生提交訊息。
host,l10n/bundle.l10n.json,GitHub Copilot permission is required for commit-message generation.,,,GitHub Copilot permission is required for commit-message generation.,"Extension-host runtime notification, command label, prompt, or status message.",,GitHub,Für die Generierung von Commit-Nachrichten ist die Berechtigung für GitHub Copilot erforderlich.,Se requiere permiso de GitHub Copilot para generar mensajes de commit.,L’autorisation GitHub Copilot est requise pour générer des messages de commit.,コミット メッセージの生成には GitHub Copilot のアクセス許可が必要です。,커밋 메시지 생성에는 GitHub Copilot 권한이 필요합니다.,Generowanie komunikatów commitów wymaga uprawnień GitHub Copilot.,A permissão do GitHub Copilot é necessária para gerar mensagens de commit.,É necessária permissão do GitHub Copilot para gerar mensagens de commit.,Для создания сообщений коммитов требуется разрешение GitHub Copilot.,生成提交消息需要 GitHub Copilot 权限。,產生提交訊息需要 GitHub Copilot 權限。
host,l10n/bundle.l10n.json,GitHub Copilot blocked commit-message generation.,,,GitHub Copilot blocked commit-message generation.,"Extension-host runtime notification, command label, prompt, or status message.",,GitHub,GitHub Copilot hat die Generierung von Commit-Nachrichten blockiert.,GitHub Copilot bloqueó la generación de mensajes de commit.,GitHub Copilot a bloqué la génération de messages de commit.,GitHub Copilot によりコミット メッセージの生成がブロックされました。,GitHub Copilot이 커밋 메시지 생성을 차단했습니다.,GitHub Copilot zablokował generowanie komunikatów commitów.,O GitHub Copilot bloqueou a geração de mensagens de commit.,O GitHub Copilot bloqueou a geração de mensagens de commit.,GitHub Copilot заблокировал создание сообщений коммитов.,GitHub Copilot 已阻止生成提交消息。,GitHub Copilot 已封鎖產生提交訊息。
webview,src/webviews/i18n/en.json,commit.message.generate,,,Generate commit message,Webview UI string.,,,Commit-Nachricht generieren,Generar mensaje de confirmación,Générer le message de validation,コミットメッセージを生成,커밋 메시지 생성,Wygeneruj komunikat commita,Gerar mensagem de commit,Gerar mensagem de commit,Сгенерировать сообщение коммита,生成提交信息,產生提交訊息
webview,src/webviews/i18n/en.json,commit.message.stopGeneration,,,Stop commit message generation,Webview UI string.,,,Generierung der Commit-Nachricht beenden,Detener la generación del mensaje de confirmación,Arrêter la génération du message de validation,コミットメッセージの生成を停止,커밋 메시지 생성 중지,Zatrzymaj generowanie komunikatu commita,Parar a geração da mensagem de commit,Parar a geração da mensagem de commit,Остановить генерацию сообщения коммита,停止生成提交信息,停止產生提交訊息
host,l10n/bundle.l10n.json,Soft reset {branch} to {short}?,,,Soft reset {branch} to {short}?,"Extension-host runtime notification, command label, prompt, or status message.",{branch} {short},,{branch} weich auf {short} zurücksetzen?,¿Restablecer suavemente {branch} a {short}?,Réinitialiser {branch} en mode souple sur {short} ?,{branch} を {short} にソフトリセットしますか？,{branch}을(를) {short}(으)로 소프트 리셋하시겠습니까?,Miękko zresetować {branch} do {short}?,Redefinir suavemente {branch} para {short}?,Repor suavemente {branch} para {short}?,Выполнить мягкий сброс {branch} к {short}?,要将 {branch} 软重置到 {short} 吗？,要將 {branch} 軟重設為 {short} 嗎？
host,l10n/bundle.l10n.json,This moves HEAD but preserves the index and working tree.,,,This moves HEAD but preserves the index and working tree.,"Extension-host runtime notification, command label, prompt, or status message.",,HEAD,Dadurch wird HEAD verschoben und Index sowie Arbeitsbaum bleiben erhalten.,Esto mueve HEAD y conserva el índice y el árbol de trabajo.,Cela déplace HEAD et préserve l’index et l’arbre de travail.,HEAD を移動しますがインデックスと作業ツリーは保持されます。,HEAD를 이동하지만 인덱스와 작업 트리는 유지합니다.,Spowoduje to przesunięcie HEAD z zachowaniem indeksu i drzewa roboczego.,Isso move HEAD e preserva o índice e a árvore de trabalho.,Isto move HEAD e preserva o índice e a árvore de trabalho.,"HEAD будет перемещён, а индекс и рабочее дерево сохранятся.",这会移动 HEAD 但保留索引和工作树。,這會移動 HEAD 但保留索引與工作樹。
host,l10n/bundle.l10n.json,Mixed reset {branch} to {short}?,,,Mixed reset {branch} to {short}?,"Extension-host runtime notification, command label, prompt, or status message.",{branch} {short},,{branch} gemischt auf {short} zurücksetzen?,¿Restablecer de forma mixta {branch} a {short}?,Réinitialiser {branch} en mode mixte sur {short} ?,{branch} を {short} にミックスリセットしますか？,{branch}을(를) {short}(으)로 혼합 리셋하시겠습니까?,Zresetować {branch} do {short} w trybie mieszanym?,Redefinir {branch} de forma mista para {short}?,Repor {branch} em modo misto para {short}?,Выполнить смешанный сброс {branch} к {short}?,要将 {branch} 混合重置到 {short} 吗？,要將 {branch} 混合重設為 {short} 嗎？
host,l10n/bundle.l10n.json,This resets the index but preserves working-tree changes.,,,This resets the index but preserves working-tree changes.,"Extension-host runtime notification, command label, prompt, or status message.",,,Dadurch wird der Index zurückgesetzt und Änderungen im Arbeitsbaum bleiben erhalten.,Esto restablece el índice y conserva los cambios del árbol de trabajo.,Cela réinitialise l’index et préserve les modifications de l’arbre de travail.,インデックスをリセットしますが作業ツリーの変更は保持されます。,인덱스는 재설정하지만 작업 트리 변경 사항은 유지합니다.,Spowoduje to zresetowanie indeksu z zachowaniem zmian w drzewie roboczym.,Isso redefine o índice e preserva as alterações da árvore de trabalho.,Isto repõe o índice e preserva as alterações da árvore de trabalho.,"Индекс будет сброшен, а изменения в рабочем дереве сохранятся.",这会重置索引但保留工作树更改。,這會重設索引但保留工作樹變更。
host,l10n/bundle.l10n.json,Hard reset {branch} to {short}?,,,Hard reset {branch} to {short}?,"Extension-host runtime notification, command label, prompt, or status message.",{branch} {short},,{branch} hart auf {short} zurücksetzen?,¿Restablecer de forma dura {branch} a {short}?,Réinitialiser {branch} en mode dur sur {short} ?,{branch} を {short} にハードリセットしますか？,{branch}을(를) {short}(으)로 하드 리셋하시겠습니까?,Twardo zresetować {branch} do {short}?,Redefinir rigidamente {branch} para {short}?,Repor rigidamente {branch} para {short}?,Выполнить жёсткий сброс {branch} к {short}?,要将 {branch} 硬重置到 {short} 吗？,要將 {branch} 硬重設為 {short} 嗎？
host,l10n/bundle.l10n.json,This resets the index and working tree and permanently discards uncommitted changes.,,,This resets the index and working tree and permanently discards uncommitted changes.,"Extension-host runtime notification, command label, prompt, or status message.",,,Dadurch werden Index und Arbeitsbaum zurückgesetzt und nicht committete Änderungen dauerhaft verworfen.,Esto restablece el índice y el árbol de trabajo y descarta permanentemente los cambios sin confirmar.,Cela réinitialise l’index et l’arbre de travail et supprime définitivement les modifications non validées.,インデックスと作業ツリーをリセットしコミットされていない変更を完全に破棄します。,인덱스와 작업 트리를 재설정하고 커밋하지 않은 변경 사항을 영구히 버립니다.,Spowoduje to zresetowanie indeksu i drzewa roboczego oraz trwałe odrzucenie niezacommitowanych zmian.,Isso redefine o índice e a árvore de trabalho e descarta permanentemente as alterações não confirmadas.,Isto repõe o índice e a árvore de trabalho e elimina permanentemente alterações não confirmadas.,"Это сбросит индекс и рабочее дерево, и навсегда удалит незафиксированные изменения.",这会重置索引和工作树并永久丢弃未提交的更改。,這會重設索引和工作樹並永久丟棄未提交的變更。
host,l10n/bundle.l10n.json,Merge reset {branch} to {short}?,,,Merge reset {branch} to {short}?,"Extension-host runtime notification, command label, prompt, or status message.",{branch} {short},Merge,{branch} mit Merge auf {short} zurücksetzen?,¿Restablecer mediante combinación {branch} a {short}?,Réinitialiser {branch} en mode fusion sur {short} ?,{branch} を {short} にマージリセットしますか？,{branch}을(를) {short}(으)로 병합 리셋하시겠습니까?,Zresetować {branch} do {short} w trybie scalania?,Redefinir {branch} por mesclagem para {short}?,Repor {branch} por combinação para {short}?,Выполнить сброс слиянием {branch} к {short}?,要将 {branch} 合并重置到 {short} 吗？,要將 {branch} 合併重設為 {short} 嗎？
host,l10n/bundle.l10n.json,This resets the index and updates changed files while preserving non-conflicting local changes.,,,This resets the index and updates changed files while preserving non-conflicting local changes.,"Extension-host runtime notification, command label, prompt, or status message.",,,Dadurch wird der Index zurückgesetzt und geänderte Dateien werden aktualisiert während nicht konfliktierende lokale Änderungen erhalten bleiben.,Esto restablece el índice y actualiza los archivos modificados mientras conserva los cambios locales sin conflictos.,Cela réinitialise l’index et met à jour les fichiers modifiés tout en préservant les modifications locales sans conflit.,インデックスをリセットして変更されたファイルを更新しますが競合しないローカル変更は保持されます。,인덱스를 재설정하고 변경된 파일을 업데이트하면서 충돌하지 않는 로컬 변경 사항은 유지합니다.,Spowoduje to zresetowanie indeksu i aktualizację zmienionych plików z zachowaniem niekolidujących lokalnych zmian.,Isso redefine o índice e atualiza os arquivos alterados enquanto preserva alterações locais sem conflito.,Isto repõe o índice e atualiza os ficheiros alterados preservando alterações locais sem conflito.,"Это сбросит индекс и обновит изменённые файлы, сохранив неконфликтующие локальные изменения.",这会重置索引并更新已更改的文件同时保留无冲突的本地更改。,這會重設索引並更新已變更的檔案同時保留無衝突的本機變更。
host,l10n/bundle.l10n.json,Keep reset {branch} to {short}?,,,Keep reset {branch} to {short}?,"Extension-host runtime notification, command label, prompt, or status message.",{branch} {short},,{branch} mit Keep auf {short} zurücksetzen?,¿Restablecer conservando {branch} a {short}?,Réinitialiser {branch} en mode conservation sur {short} ?,{branch} を {short} に保持リセットしますか？,{branch}을(를) {short}(으)로 유지 리셋하시겠습니까?,Zresetować {branch} do {short} w trybie zachowania?,Redefinir {branch} preservando-a para {short}?,Repor {branch} em modo de preservação para {short}?,Выполнить сброс с сохранением {branch} к {short}?,要将 {branch} 保留重置到 {short} 吗？,要將 {branch} 保留重設為 {short} 嗎？
host,l10n/bundle.l10n.json,"This resets the index and updates changed files, but aborts if affected files have local changes.",,,"This resets the index and updates changed files, but aborts if affected files have local changes.","Extension-host runtime notification, command label, prompt, or status message.",,,Dadurch wird der Index zurückgesetzt und geänderte Dateien werden aktualisiert; der Vorgang wird jedoch abgebrochen wenn betroffene Dateien lokale Änderungen enthalten.,Esto restablece el índice y actualiza los archivos modificados pero se cancela si los archivos afectados tienen cambios locales.,Cela réinitialise l’index et met à jour les fichiers modifiés mais s’interrompt si les fichiers concernés comportent des modifications locales.,インデックスをリセットして変更されたファイルを更新しますが対象ファイルにローカル変更がある場合は中止します。,인덱스를 재설정하고 변경된 파일을 업데이트하지만 영향을 받는 파일에 로컬 변경 사항이 있으면 중단합니다.,"Spowoduje to zresetowanie indeksu i aktualizację zmienionych plików, ale operacja zostanie przerwana, jeśli objęte pliki zawierają lokalne zmiany.","Isso redefine o índice e atualiza os arquivos alterados, mas interrompe se os arquivos afetados tiverem alterações locais.","Isto repõe o índice e atualiza os ficheiros alterados, mas interrompe se os ficheiros afetados tiverem alterações locais.","Это сбросит индекс и обновит изменённые файлы, но операция будет отменена, если затронутые файлы содержат локальные изменения.",这会重置索引并更新已更改的文件但如果受影响的文件含有本地更改则中止。,這會重設索引並更新已變更的檔案但如果受影響的檔案含有本機變更則中止。
host,l10n/bundle.l10n.json,Reset {branch} to {short}.,,,Reset {branch} to {short}.,"Extension-host runtime notification, command label, prompt, or status message.",{branch} {short},,{branch} auf {short} zurückgesetzt.,Restablecer {branch} a {short}.,Réinitialiser {branch} à {short}.,{branch} を {short} にリセットします。,{branch}을(를) {short}로 재설정합니다.,Zresetuj {branch} do {short}.,Redefina {branch} para {short}.,Redefina {branch} para {short}.,Сбросить {branch} на {short}.,将 {branch} 重置为 {short}。,將 {branch} 重設為 {short}。
webview,src/webviews/i18n/en.json,rebase.dialog.title,,,Rebasing Commits,Webview UI string.,,,Commits rebasieren,Reorganizando commits,Réorganisation des commits,コミットをリベース中,커밋 리베이스,Zmienianie bazy commitów,Fazendo rebase dos commits,A rebasear commits,Перебазирование коммитов,正在变基提交,正在重新定基提交
webview,src/webviews/i18n/en.json,rebase.dialog.pushedWarning,,,Some commits have already been pushed. Rebasing them rewrites published history.,Webview UI string.,,,Einige Commits wurden bereits gepusht. Durch das Rebasen wird veröffentlichter Verlauf umgeschrieben.,Algunos commits ya se han enviado. Al reorganizarlos se reescribe el historial publicado.,Certains commits ont déjà été publiés. Leur rebasage réécrit l’historique publié.,一部のコミットはすでにプッシュされています。リベースすると公開済みの履歴が書き換えられます。,일부 커밋은 이미 푸시되었습니다. 리베이스하면 공개된 기록이 다시 작성됩니다.,Niektóre commity zostały już wypchnięte. Rebase przepisze opublikowaną historię.,Alguns commits já foram enviados. Fazer rebase neles reescreve o histórico publicado.,Alguns commits já foram enviados. Fazer rebase dos mesmos reescreve o histórico publicado.,Некоторые коммиты уже отправлены. Перебазирование переписывает опубликованную историю.,一些提交已推送。变基会重写已发布的历史记录。,部分提交已推送。重新定基會改寫已發布的歷史記錄。
webview,src/webviews/i18n/en.json,rebase.dialog.firstActionCleared,,,"The first remaining commit cannot be squashed or fixed up, so it was changed to pick.",Webview UI string.,,,Der erste verbleibende Commit kann nicht zusammengeführt oder korrigiert werden und wurde daher in pick geändert.,El primer commit restante no se puede fusionar ni corregir y se cambió a pick.,Le premier commit restant ne peut pas être fusionné ou corrigé et a donc été remplacé par pick.,最初に残るコミットは squash または fixup にできないため pick に変更されました。,첫 번째 남은 커밋은 squash 또는 fixup으로 설정할 수 없어 pick으로 변경되었습니다.,Pierwszego pozostałego commita nie można scalić ani poprawić dlatego zmieniono go na pick.,O primeiro commit restante não pode ser agrupado nem corrigido e foi alterado para pick.,O primeiro commit restante não pode ser agrupado nem corrigido e foi alterado para pick.,Первый оставшийся коммит нельзя объединить или исправить поэтому его действие изменено на pick.,第一个未丢弃的提交不能压缩或修正，因此已改为 pick。,第一個未捨棄的提交不能壓縮或修正，因此已改為 pick。
webview,src/webviews/i18n/en.json,rebase.dialog.action,,,Rebase action,Webview UI string.,,Rebase,Rebase-Aktion,Acción de rebase,Action de rebasage,リベース操作,리베이스 작업,Akcja rebase,Ação de rebase,Ação de rebase,Действие перебазирования,变基操作,重新定基動作
webview,src/webviews/i18n/en.json,rebase.dialog.message,,,Commit message,Webview UI string.,,Commit,Commit-Nachricht,Mensaje del commit,Message de commit,コミットメッセージ,커밋 메시지,Wiadomość commita,Mensagem do commit,Mensagem do commit,Сообщение коммита,提交消息,提交訊息
webview,src/webviews/i18n/en.json,rebase.dialog.missingMessage,,,A commit message is required for: {hashes},Webview UI validation alert.,{hashes},,Für folgende Commits ist eine Commit-Nachricht erforderlich: {hashes},Se requiere un mensaje de commit para: {hashes},Un message de commit est requis pour : {hashes},次のコミットにはコミットメッセージが必要です: {hashes},다음 커밋에는 커밋 메시지가 필요합니다: {hashes},Wymagany jest komunikat commita dla: {hashes},É necessária uma mensagem de commit para: {hashes},É necessária uma mensagem de commit para: {hashes},Для следующих коммитов требуется сообщение коммита: {hashes},以下提交需要提交消息：{hashes},下列提交需要提交訊息：{hashes}
webview,src/webviews/i18n/en.json,rebase.dialog.moveUp,,,Move commit up,Webview UI string.,,,Commit nach oben verschieben,Subir commit,Déplacer le commit vers le haut,コミットを上へ移動,커밋 위로 이동,Przenieś commit w górę,Mover commit para cima,Mover commit para cima,Переместить коммит вверх,上移提交,向上移動提交
webview,src/webviews/i18n/en.json,rebase.dialog.moveDown,,,Move commit down,Webview UI string.,,,Commit nach unten verschieben,Bajar commit,Déplacer le commit vers le bas,コミットを下へ移動,커밋 아래로 이동,Przenieś commit w dół,Mover commit para baixo,Mover commit para baixo,Переместить коммит вниз,下移提交,向下移動提交
webview,src/webviews/i18n/en.json,rebase.dialog.start,,,Start Rebasing,Webview UI string.,,,Rebase starten,Reorganizar commits,Commencer le rebasage,リベースを開始,리베이스 시작,Rozpocznij rebase,Iniciar rebase,Iniciar rebase,Начать перебазирование,开始变基,開始重新定基
webview,src/webviews/i18n/en.json,rebase.action.pick,,,Pick,Webview UI string.,,,Auswählen,Seleccionar,Sélectionner,選択,선택,Wybierz,Selecionar,Selecionar,Выбрать,选取,選取
webview,src/webviews/i18n/en.json,rebase.action.reword,,,Reword,Webview UI string.,,,Nachricht bearbeiten,Reescribir,Modifier le message,メッセージを編集,메시지 수정,Zmień opis,Reescrever,Reescrever,Изменить сообщение,修改消息,修改訊息
webview,src/webviews/i18n/en.json,rebase.action.squash,,,Squash,Webview UI string.,,,Zusammenführen,Combinar,Fusionner,まとめる,스쿼시,Połącz,Combinar,Combinar,Объединить,压缩,壓縮
webview,src/webviews/i18n/en.json,rebase.action.fixup,,,Fixup,Webview UI string.,,,Korrektur,Corrección,Correction,修正,수정,Poprawka,Correção,Correção,Исправление,修正,修正
host,l10n/bundle.l10n.json,Running interactive rebase...,,,Running interactive rebase...,"Extension-host runtime notification, command label, prompt, or status message.",,,Interaktive Rebase wird ausgeführt...,Ejecutando rebase interactivo...,Exécution du rebase interactif...,対話的リベースを実行中...,대화형 리베이스 실행 중...,Trwa wykonywanie interaktywnego rebase...,Executando rebase interativo...,A executar rebase interativo...,Выполняется интерактивный rebase...,正在运行交互式变基...,正在執行互動式變基...
host,l10n/bundle.l10n.json,Interactive rebase completed.,,,Interactive rebase completed.,"Extension-host runtime notification, command label, prompt, or status message.",,,Interaktive Rebase abgeschlossen.,Rebase interactivo completado.,Rebase interactif terminé.,対話的リベースが完了しました。,대화형 리베이스가 완료되었습니다.,Interaktywny rebase został ukończony.,Rebase interativo concluído.,Rebase interativo concluído.,Интерактивный rebase завершён.,交互式变基已完成。,互動式變基已完成。
host,l10n/bundle.l10n.json,"Interactive rebase completed, but IntelliGit could not save its local completion state.",,,"Interactive rebase completed, but IntelliGit could not save its local completion state.","Extension-host runtime notification, command label, prompt, or status message.",,IntelliGit,"Interaktive Rebase abgeschlossen, aber IntelliGit konnte den lokalen Abschlussstatus nicht speichern.","La reorganización interactiva se completó, pero IntelliGit no pudo guardar su estado de finalización local.","Le rebasage interactif est terminé, mais IntelliGit n’a pas pu enregistrer son état d’achèvement local.",対話的リベースは完了しましたが、IntelliGit はローカルの完了状態を保存できませんでした。,대화형 리베이스가 완료되었지만 IntelliGit에서 로컬 완료 상태를 저장하지 못했습니다.,"Interaktywny rebase został ukończony, ale IntelliGit nie mógł zapisać lokalnego stanu ukończenia.","O rebase interativo foi concluído, mas o IntelliGit não conseguiu salvar o estado local de conclusão.","O rebase interativo foi concluído, mas o IntelliGit não conseguiu guardar o estado local de conclusão.","Интерактивный rebase завершён, но IntelliGit не удалось сохранить локальное состояние завершения.",交互式变基已完成，但 IntelliGit 无法保存本地完成状态。,互動式變基已完成，但 IntelliGit 無法儲存本機完成狀態。
host,l10n/bundle.l10n.json,"Rebase paused on conflict — resolve, then Continue.",,,"Rebase paused on conflict — resolve, then Continue.","Extension-host runtime notification, command label, prompt, or status message.",,Rebase,Rebase wegen Konflikt angehalten — Konflikt lösen und dann fortfahren.,Rebase pausado por conflicto: resuélvalo y luego continúe.,Rebase suspendu sur un conflit : résolvez-le puis continuez.,競合のためリベースが一時停止しました。解決してから続行してください。,충돌로 인해 리베이스가 일시 중지되었습니다. 해결한 후 계속하세요.,Rebase wstrzymany z powodu konfliktu — rozwiąż konflikt i kontynuuj.,Rebase pausado devido a conflito — resolva e continue.,Rebase em pausa devido a conflito — resolva e continue.,Rebase приостановлен из-за конфликта — устраните его и продолжите.,变基因冲突暂停——请解决后继续。,變基因衝突而暫停——請解決後繼續。
host,l10n/bundle.l10n.json,Rebase editor stopped: {message},,,Rebase editor stopped: {message},"Extension-host runtime notification, command label, prompt, or status message.",{message},Rebase,Rebase-Editor angehalten: {message},El editor de rebase se detuvo: {message},L’éditeur de rebase s’est arrêté : {message},リベースエディターが停止しました: {message},리베이스 편집기가 중지되었습니다: {message},Edytor rebase został zatrzymany: {message},O editor de rebase parou: {message},O editor de rebase parou: {message},Редактор rebase остановлен: {message},变基编辑器已停止：{message},變基編輯器已停止：{message}
host,l10n/bundle.l10n.json,Interactive rebase failed: {message},,,Interactive rebase failed: {message},"Extension-host runtime notification, command label, prompt, or status message.",{message},,Interaktive Rebase fehlgeschlagen: {message},El rebase interactivo falló: {message},Échec du rebase interactif : {message},対話的リベースに失敗しました: {message},대화형 리베이스에 실패했습니다: {message},Interaktywny rebase nie powiódł się: {message},Falha no rebase interativo: {message},Falha no rebase interativo: {message},Сбой интерактивного rebase: {message},交互式变基失败：{message},互動式變基失敗：{message}
host,l10n/bundle.l10n.json,Extension storage is unavailable.,,,Extension storage is unavailable.,"Extension-host runtime notification, command label, prompt, or status message.",,,Erweiterungsspeicher ist nicht verfügbar.,El almacenamiento de la extensión no está disponible.,Le stockage de l’extension est indisponible.,拡張機能のストレージを利用できません。,확장 프로그램 저장소를 사용할 수 없습니다.,Magazyn rozszerzenia jest niedostępny.,O armazenamento da extensão não está disponível.,O armazenamento da extensão não está disponível.,Хранилище расширения недоступно.,扩展存储不可用。,擴充功能儲存空間無法使用。
host,l10n/bundle.l10n.json,The interactive rebase editor helper is missing.,,,The interactive rebase editor helper is missing.,"Extension-host runtime notification, command label, prompt, or status message.",,,Der Editor-Helfer für die interaktive Rebase fehlt.,Falta el asistente del editor de rebase interactivo.,L’assistant d’éditeur de rebase interactif est introuvable.,対話的リベースエディターのヘルパーが見つかりません。,대화형 리베이스 편집기 도우미가 없습니다.,Brakuje pomocnika edytora interaktywnego rebase.,Brakuje pomocnika edytora interaktywnego rebase.,O auxiliar do editor de rebase interativo está em falta.,Отсутствует помощник редактора интерактивного rebase.,缺少交互式变基编辑器帮助程序。,缺少互動式變基編輯器輔助程式。
host,l10n/bundle.l10n.json,Another interactive rebase is already reserved.,,,Another interactive rebase is already reserved.,"Extension-host runtime notification, command label, prompt, or status message.",,,Eine andere interaktive Rebase ist bereits reserviert.,Ya hay otro rebase interactivo reservado.,Un autre rebase interactif est déjà réservé.,別の対話的リベースがすでに予約されています。,다른 대화형 리베이스가 이미 예약되어 있습니다.,Inny interaktywny rebase jest już zarezerwowany.,Outro rebase interativo já está reservado.,Outro rebase interativo já está reservado.,Другой интерактивный rebase уже зарезервирован.,另一个交互式变基已被保留。,另一個互動式變基已被保留。
host,l10n/bundle.l10n.json,A Git rebase is already in progress.,,,A Git rebase is already in progress.,"Extension-host runtime notification, command label, prompt, or status message.",,Git,Ein Git-Rebase läuft bereits.,Ya hay un rebase de Git en curso.,Un rebase Git est déjà en cours.,Git リベースはすでに進行中です。,Git 리베이스가 이미 진행 중입니다.,Rebase Git jest już w toku.,Já existe um rebase do Git em andamento.,Já existe um rebase do Git em curso.,Rebase Git уже выполняется.,Git 变基已在进行中。,Git 變基已在進行中。
host,l10n/bundle.l10n.json,The checked-out branch changed before the rebase started.,,,The checked-out branch changed before the rebase started.,"Extension-host runtime notification, command label, prompt, or status message.",,,Der ausgecheckte Branch wurde vor dem Start der Rebase geändert.,La rama desprotegida cambió antes de iniciar el rebase.,La branche extraite a changé avant le démarrage du rebase.,チェックアウトされたブランチがリベース開始前に変更されました。,체크아웃된 브랜치가 리베이스 시작 전에 변경되었습니다.,Wyewidencjonowana gałąź zmieniła się przed rozpoczęciem rebase.,O branch com checkout foi alterado antes do início do rebase.,O ramo com checkout foi alterado antes de o rebase iniciar.,Текущая ветка изменилась до начала rebase.,检出的分支在变基开始前已更改。,已檢出的分支在變基開始前已變更。
host,l10n/bundle.l10n.json,HEAD changed before the rebase started.,,,HEAD changed before the rebase started.,"Extension-host runtime notification, command label, prompt, or status message.",,HEAD,HEAD wurde vor dem Start der Rebase geändert.,HEAD cambió antes de iniciar el rebase.,HEAD a changé avant le démarrage du rebase.,リベース開始前に HEAD が変更されました。,리베이스 시작 전에 HEAD가 변경되었습니다.,HEAD zmienił się przed rozpoczęciem rebase.,HEAD foi alterado antes do início do rebase.,HEAD foi alterado antes de o rebase iniciar.,HEAD изменился до начала rebase.,HEAD 在变基开始前已更改。,HEAD 在變基開始前已變更。
host,l10n/bundle.l10n.json,Git stopped without leaving a resumable rebase.,,,Git stopped without leaving a resumable rebase.,"Extension-host runtime notification, command label, prompt, or status message.",,Git,Git wurde beendet ohne eine fortsetzbare Rebase zu hinterlassen.,Git se detuvo sin dejar un rebase que se pueda continuar.,Git s’est arrêté sans laisser de rebase pouvant être repris.,Git は再開可能なリベースを残さずに停止しました。,Git이 재개 가능한 리베이스를 남기지 않고 중지되었습니다.,Git zatrzymał się bez pozostawienia rebase możliwego do wznowienia.,O Git parou sem deixar um rebase que possa ser retomado.,O Git parou sem deixar um rebase que possa ser retomado.,Git завершился без rebase который можно продолжить.,Git 已停止且未留下可继续的变基。,Git 已停止且未留下可繼續的變基。
host,l10n/bundle.l10n.json,An unexpected error occurred.,,,An unexpected error occurred.,"Extension-host runtime notification, command label, prompt, or status message.",,,Ein unerwarteter Fehler ist aufgetreten.,Se produjo un error inesperado.,Une erreur inattendue s’est produite.,予期しないエラーが発生しました。,예기치 않은 오류가 발생했습니다.,Wystąpił nieoczekiwany błąd.,Ocorreu um erro inesperado.,Ocorreu um erro inesperado.,Произошла непредвиденная ошибка.,发生了意外错误。,發生未預期的錯誤。
host,l10n/bundle.l10n.json,Interactive rebase completed. Force-push the rewritten commits?,,,Interactive rebase completed. Force-push the rewritten commits?,"Extension-host runtime notification, command label, prompt, or status message.",,,Interaktive Rebase abgeschlossen. Die umgeschriebenen Commits per Force-Push übertragen?,¿La reorganización interactiva se completó. Forzar el envío de los commits reescritos?,Le rebasage interactif est terminé. Forcer l’envoi des commits réécrits ?,対話的リベースが完了しました。書き換えたコミットを強制プッシュしますか？,대화형 리베이스가 완료되었습니다. 다시 작성된 커밋을 강제 푸시하시겠습니까?,Interaktywny rebase został ukończony. Wymusić wypchnięcie przepisanych commitów?,O rebase interativo foi concluído. Forçar o envio dos commits reescritos?,O rebase interativo foi concluído. Forçar o envio dos commits reescritos?,Интерактивный rebase завершён. Выполнить принудительную отправку переписанных коммитов?,交互式变基已完成。要强制推送重写后的提交吗？,互動式變基已完成。要強制推送重寫後的提交嗎？
host,l10n/bundle.l10n.json,Force Push,,,Force Push,"Extension-host runtime notification, command label, prompt, or status message.",,Push,Push erzwingen,Forzar envío,Forcer l’envoi,強制プッシュ,강제 푸시,Wymuś wypchnięcie,Forçar envio,Forçar envio,Принудительно отправить,强制推送,強制推送
host,l10n/bundle.l10n.json,Dismiss,,,Dismiss,"Extension-host runtime notification, command label, prompt, or status message.",,,Schließen,Descartar,Ignorer,閉じる,닫기,Odrzuć,Dispensar,Dispensar,Отклонить,关闭,關閉
host,l10n/bundle.l10n.json,Force push completed.,,,Force push completed.,"Extension-host runtime notification, command label, prompt, or status message.",,,Force-Push abgeschlossen.,El envío forzado se completó.,L’envoi forcé est terminé.,強制プッシュが完了しました。,강제 푸시가 완료되었습니다.,Wymuszone wypchnięcie zostało ukończone.,O envio forçado foi concluído.,O envio forçado foi concluído.,Принудительная отправка завершена.,强制推送已完成。,強制推送已完成。
host,l10n/bundle.l10n.json,The branch moved since the rebase — push manually.,,,The branch moved since the rebase — push manually.,"Extension-host runtime notification, command label, prompt, or status message.",,,Der Branch wurde seit der Rebase verschoben — bitte manuell pushen.,La rama cambió desde el rebase — envíe manualmente.,La branche a changé depuis le rebasage — poussez manuellement.,リベース後にブランチが移動しました。手動でプッシュしてください。,리베이스 후 브랜치가 이동했습니다. 수동으로 푸시하세요.,Gałąź zmieniła się od czasu rebase — wypchnij ręcznie.,O branch mudou desde o rebase — envie manualmente.,O ramo mudou desde o rebase — envie manualmente.,Ветка изменилась после rebase — отправьте изменения вручную.,变基后分支已移动，请手动推送。,重新定基後分支已移動，請手動推送。
host,l10n/bundle.l10n.json,Force push failed: {message},,,Force push failed: {message},"Extension-host runtime notification, command label, prompt, or status message.",{message},,Force-Push fehlgeschlagen: {message},El envío forzado falló: {message},L’envoi forcé a échoué : {message},強制プッシュに失敗しました: {message},강제 푸시에 실패했습니다: {message},Wymuszone wypchnięcie nie powiodło się: {message},O envio forçado falhou: {message},O envio forçado falhou: {message},Принудительная отправка не удалась: {message},强制推送失败：{message},強制推送失敗：{message}
host,l10n/bundle.l10n.json,"Force push completed, but its pending offer could not be cleared and may reappear.",,,"Force push completed, but its pending offer could not be cleared and may reappear.","Extension-host runtime notification, command label, prompt, or status message.",,,"Force-Push abgeschlossen, das ausstehende Angebot konnte jedoch nicht entfernt werden und wird möglicherweise erneut angezeigt.","El envío forzado se completó, pero no se pudo borrar su oferta pendiente y podría volver a aparecer.","L’envoi forcé est terminé, mais sa proposition en attente n’a pas pu être effacée et peut réapparaître.",強制プッシュは完了しましたが、保留中の確認を消去できなかったため、再度表示される場合があります。,강제 푸시는 완료되었지만 대기 중인 제안을 지우지 못해 다시 표시될 수 있습니다.,"Wymuszone wypchnięcie zostało ukończone, ale nie udało się usunąć oczekującej propozycji i może się ona pojawić ponownie.","O envio forçado foi concluído, mas não foi possível limpar a oferta pendente, que pode reaparecer.","O envio forçado foi concluído, mas não foi possível limpar a oferta pendente, que pode reaparecer.","Принудительная отправка завершена, но ожидающее предложение не удалось удалить, и оно может появиться снова.",强制推送已完成，但未能清除其待处理的提示，该提示可能会再次出现。,強制推送已完成，但未能清除其待處理的提示，該提示可能會再次出現。
webview,src/webviews/i18n/en.json,rebase.action.continueRebase,,,Continue Rebase,Webview UI string.,,Rebase,Rebase fortsetzen,Continuar rebase,Continuer le rebase,リベースを続行,리베이스 계속,Kontynuuj rebase,Continuar rebase,Continuar rebase,Продолжить rebase,继续变基,繼續變基
webview,src/webviews/i18n/en.json,rebase.action.abortRebase,,,Abort Rebase,Webview UI string.,,Rebase,Rebase abbrechen,Cancelar rebase,Annuler le rebase,リベースを中止,리베이스 중단,Przerwij rebase,Abortar rebase,Abortar rebase,Прервать rebase,中止变基,中止變基
host,l10n/bundle.l10n.json,No interactive rebase is in progress.,,,No interactive rebase is in progress.,"Extension-host runtime notification, command label, prompt, or status message.",,,Keine interaktive Rebase wird ausgeführt.,No hay un rebase interactivo en curso.,Aucun rebase interactif n’est en cours.,進行中の対話的リベースはありません。,진행 중인 대화형 리베이스가 없습니다.,Nie trwa interaktywny rebase.,Nenhum rebase interativo está em andamento.,Nenhum rebase interativo está em curso.,Интерактивный rebase не выполняется.,没有正在进行的交互式变基。,沒有正在進行的互動式變基。
host,l10n/bundle.l10n.json,Another tool owns this rebase. IntelliGit cannot continue it.,,,Another tool owns this rebase. IntelliGit cannot continue it.,"Extension-host runtime notification, command label, prompt, or status message.",,IntelliGit,Ein anderes Tool besitzt diese Rebase. IntelliGit kann sie nicht fortsetzen.,Otra herramienta es propietaria de este rebase. IntelliGit no puede continuarlo.,Un autre outil possède ce rebase. IntelliGit ne peut pas le continuer.,別のツールがこのリベースを所有しています。IntelliGit は続行できません。,다른 도구가 이 리베이스를 소유하고 있습니다. IntelliGit은 계속할 수 없습니다.,Inne narzędzie jest właścicielem tego rebase. IntelliGit nie może go kontynuować.,Outra ferramenta é proprietária deste rebase. O IntelliGit não pode continuá-lo.,Outra ferramenta é proprietária deste rebase. O IntelliGit não pode continuá-lo.,Этот rebase принадлежит другому инструменту. IntelliGit не может его продолжить.,另一个工具拥有此变基。IntelliGit 无法继续它。,另一個工具擁有此變基。IntelliGit 無法繼續它。
host,l10n/bundle.l10n.json,Interactive rebase continued.,,,Interactive rebase continued.,"Extension-host runtime notification, command label, prompt, or status message.",,,Interaktive Rebase fortgesetzt.,Rebase interactivo continuado.,Rebase interactif poursuivi.,対話的リベースを続行しました。,대화형 리베이스를 계속했습니다.,Kontynuowano interaktywny rebase.,Rebase interativo continuado.,Rebase interativo continuado.,Интерактивный rebase продолжен.,已继续交互式变基。,已繼續互動式變基。
host,l10n/bundle.l10n.json,Interactive rebase aborted.,,,Interactive rebase aborted.,"Extension-host runtime notification, command label, prompt, or status message.",,,Interaktive Rebase abgebrochen.,Rebase interactivo cancelado.,Rebase interactif annulé.,対話的リベースを中止しました。,대화형 리베이스를 중단했습니다.,Przerwano interaktywny rebase.,Rebase interativo abortado.,Rebase interativo abortado.,Интерактивный rebase прерван.,已中止交互式变基。,已中止互動式變基。
host,l10n/bundle.l10n.json,Git could not complete the rebase: {message},,,Git could not complete the rebase: {message},"Extension-host runtime notification, command label, prompt, or status message.",{message},Git,Git konnte die Rebase nicht abschließen: {message},Git no pudo completar el rebase: {message},Git n’a pas pu terminer le rebase : {message},Git はリベースを完了できませんでした: {message},Git에서 리베이스를 완료하지 못했습니다: {message},Git nie mógł ukończyć rebase: {message},O Git não conseguiu concluir o rebase: {message},O Git não conseguiu concluir o rebase: {message},Git не смог завершить rebase: {message},Git 无法完成变基：{message},Git 無法完成變基：{message}
host,l10n/bundle.l10n.json,Rebase ownership changed while the action was running: {message},,,Rebase ownership changed while the action was running: {message},"Extension-host runtime notification, command label, prompt, or status message.",{message},Rebase,Die Eigentümerschaft der Rebase änderte sich während der Ausführung der Aktion: {message},La propiedad del rebase cambió mientras se ejecutaba la acción: {message},La propriété du rebase a changé pendant l’exécution de l’action : {message},アクションの実行中にリベースの所有権が変更されました: {message},작업을 실행하는 동안 리베이스 소유권이 변경되었습니다: {message},Własność rebase zmieniła się podczas wykonywania działania: {message},A propriedade do rebase foi alterada enquanto a ação estava em execução: {message},A propriedade do rebase foi alterada enquanto a ação estava em execução: {message},Владелец rebase изменился во время выполнения действия: {message},操作运行期间变基所有权已更改：{message},操作執行期間變基所有權已變更：{message}
host,l10n/bundle.l10n.json,"A rebase session did not finish cleanly — verify your branch, then push manually if intended",,,"A rebase session did not finish cleanly — verify your branch, then push manually if intended","Extension-host runtime notification, command label, prompt, or status message.",,,Eine Rebase-Sitzung wurde nicht sauber abgeschlossen — prüfen Sie Ihren Branch und pushen Sie bei Bedarf manuell,Una sesión de rebase no finalizó correctamente: verifique su rama y luego haga push manualmente si procede,"Une session de rebase ne s'est pas terminée correctement : vérifiez votre branche, puis effectuez un push manuel si nécessaire",リベースセッションが正常に終了しませんでした。ブランチを確認し、必要に応じて手動でプッシュしてください。,리베이스 세션이 정상적으로 완료되지 않았습니다. 브랜치를 확인한 후 필요하면 수동으로 푸시하세요.,"Sesja rebase nie zakończyła się poprawnie — sprawdź gałąź, a następnie w razie potrzeby wypchnij zmiany ręcznie",Uma sessão de rebase não foi concluída corretamente — verifique seu branch e faça push manualmente se for o caso,Uma sessão de rebase não foi concluída corretamente — verifique o seu ramo e faça push manualmente se for o caso,"Сеанс rebase завершился некорректно — проверьте ветку, затем при необходимости отправьте изменения вручную",变基会话未正常完成——请检查您的分支，如有需要请手动推送,變基工作階段未正常完成——請檢查您的分支，如有需要請手動推送
host,l10n/bundle.l10n.json,Discard rebase session state,,,Discard rebase session state,"Extension-host runtime notification, command label, prompt, or status message.",,,Rebase-Sitzungsstatus verwerfen,Descartar el estado de la sesión de rebase,Ignorer l'état de la session de rebase,リベースセッションの状態を破棄,리베이스 세션 상태 삭제,Odrzuć stan sesji rebase,Descartar o estado da sessão de rebase,Rejeitar o estado da sessão de rebase,Отменить состояние сеанса rebase,放弃变基会话状态,捨棄變基工作階段狀態
host,l10n/bundle.l10n.json,A rebase is in progress — continue or abort it first.,,,A rebase is in progress — continue or abort it first.,"Extension-host runtime notification, command label, prompt, or status message.",,,Eine Rebase läuft — setzen Sie sie zuerst fort oder brechen Sie sie ab.,Hay un rebase en curso: continúelo o abórtelo primero.,Un rebase est en cours : poursuivez-le ou abandonnez-le d'abord.,リベースが進行中です。まず続行するか中止してください。,리베이스가 진행 중입니다. 먼저 계속하거나 중단하세요.,Trwa operacja rebase — najpierw kontynuuj ją lub przerwij.,Há um rebase em andamento — continue-o ou cancele-o primeiro.,Existe um rebase em curso — continue-o ou cancele-o primeiro.,Выполняется rebase — сначала продолжите или прервите его.,变基正在进行中——请先继续或中止。,變基正在進行中——請先繼續或中止。
host,l10n/bundle.l10n.json,A merge is in progress — resolve or abort it first.,,,A merge is in progress — resolve or abort it first.,"Extension-host runtime notification, command label, prompt, or status message.",,,Eine Zusammenführung läuft — lösen Sie sie zuerst auf oder brechen Sie sie ab.,Hay una combinación en curso: resuélvala o abórtela primero.,Une fusion est en cours : résolvez-la ou abandonnez-la d'abord.,マージが進行中です。まず解決するか中止してください。,병합이 진행 중입니다. 먼저 해결하거나 중단하세요.,Trwa scalanie — najpierw rozwiąż je lub przerwij.,Há uma mesclagem em andamento — resolva-a ou cancele-a primeiro.,Existe uma mesclagem em curso — resolva-a ou cancele-a primeiro.,Выполняется слияние — сначала разрешите или прервите его.,合并正在进行中——请先解决或中止。,合併正在進行中——請先解決或中止。
host,l10n/bundle.l10n.json,A cherry-pick is in progress — continue or abort it first.,,,A cherry-pick is in progress — continue or abort it first.,"Extension-host runtime notification, command label, prompt, or status message.",,,Ein Cherry-pick läuft — setzen Sie ihn zuerst fort oder brechen Sie ihn ab.,Hay un cherry-pick en curso: continúelo o abórtelo primero.,Un cherry-pick est en cours : poursuivez-le ou abandonnez-le d'abord.,チェリーピックが進行中です。まず続行するか中止してください。,체리픽이 진행 중입니다. 먼저 계속하거나 중단하세요.,Trwa operacja cherry-pick — najpierw kontynuuj ją lub przerwij.,Há um cherry-pick em andamento — continue-o ou cancele-o primeiro.,Existe um cherry-pick em curso — continue-o ou cancele-o primeiro.,Выполняется cherry-pick — сначала продолжите или прервите его.,Cherry-pick 正在进行中——请先继续或中止。,Cherry-pick 正在進行中——請先繼續或中止。
host,l10n/bundle.l10n.json,A revert is in progress — continue or abort it first.,,,A revert is in progress — continue or abort it first.,"Extension-host runtime notification, command label, prompt, or status message.",,,Ein Revert läuft — setzen Sie ihn zuerst fort oder brechen Sie ihn ab.,Hay una reversión en curso: continúela o abórtela primero.,Une annulation est en cours : poursuivez-la ou abandonnez-la d'abord.,リバートが進行中です。まず続行するか中止してください。,되돌리기가 진행 중입니다. 먼저 계속하거나 중단하세요.,Trwa przywracanie — najpierw kontynuuj je lub przerwij.,Há uma reversão em andamento — continue-a ou cancele-a primeiro.,Existe uma reversão em curso — continue-a ou cancele-a primeiro.,Выполняется отмена коммита — сначала продолжите или прервите её.,还原正在进行中——请先继续或中止。,還原正在進行中——請先繼續或中止。
host,l10n/bundle.l10n.json,Unable to check whether a Git operation is in progress. Try again before changing history.,,,Unable to check whether a Git operation is in progress. Try again before changing history.,"Extension-host runtime notification, command label, prompt, or status message.",,Git,"Es konnte nicht geprüft werden, ob eine Git-Operation läuft. Versuchen Sie es erneut, bevor Sie den Verlauf ändern.",No se pudo comprobar si hay una operación de Git en curso. Inténtelo de nuevo antes de cambiar el historial.,Impossible de vérifier si une opération Git est en cours. Réessayez avant de modifier l'historique.,Git 操作が進行中かどうかを確認できませんでした。履歴を変更する前にもう一度お試しください。,Git 작업이 진행 중인지 확인할 수 없습니다. 기록을 변경하기 전에 다시 시도하세요.,"Nie można sprawdzić, czy trwa operacja Git. Spróbuj ponownie przed zmianą historii.",Não foi possível verificar se há uma operação do Git em andamento. Tente novamente antes de alterar o histórico.,Não foi possível verificar se existe uma operação do Git em curso. Tente novamente antes de alterar o histórico.,"Не удалось проверить, выполняется ли операция Git. Повторите попытку перед изменением истории.",无法检查是否有 Git 操作正在进行。请在更改历史记录前重试。,無法檢查是否有 Git 作業正在進行。請在變更歷程記錄前重試。
host,l10n/bundle.l10n.json,IntelliGit merge editor failed ({message}). Opening the file instead.,,,IntelliGit merge editor failed ({message}). Opening the file instead.,"Extension-host runtime notification, command label, prompt, or status message.",{message},IntelliGit,Der IntelliGit-Merge-Editor ist fehlgeschlagen ({message}). Die Datei wird stattdessen geöffnet.,El editor de fusiones de IntelliGit falló ({message}). Se abrirá el archivo en su lugar.,L'éditeur de fusion IntelliGit a échoué ({message}). Le fichier est ouvert à la place.,IntelliGit のマージエディターが失敗しました ({message})。代わりにファイルを開きます。,IntelliGit 병합 편집기가 실패했습니다({message}). 대신 파일을 엽니다.,Edytor scalania IntelliGit nie powiódł się ({message}). Zamiast tego zostanie otwarty plik.,O editor de merge do IntelliGit falhou ({message}). O arquivo será aberto no lugar.,O editor de merge do IntelliGit falhou ({message}). O arquivo será aberto no lugar.,Сбой редактора слияния IntelliGit ({message}). Вместо этого будет открыт файл.,IntelliGit 合并编辑器失败（{message}）。改为打开该文件。,IntelliGit 合併編輯器失敗（{message}）。改為開啟該檔案。
host,l10n/bundle.l10n.json,Cannot delete missing branch(es): {branches},,,Cannot delete missing branch(es): {branches},"Extension-host runtime notification, command label, prompt, or status message.",{branches},,Nicht vorhandene Branches können nicht gelöscht werden: {branches},No se pueden eliminar las ramas inexistentes: {branches},Impossible de supprimer les branches introuvables : {branches},存在しないブランチは削除できません: {branches},없는 브랜치는 삭제할 수 없습니다: {branches},Nie można usunąć nieistniejących gałęzi: {branches},Não é possível excluir os branches inexistentes: {branches},Não é possível excluir os branches inexistentes: {branches},Не удается удалить отсутствующие ветки: {branches},无法删除不存在的分支：{branches},無法刪除不存在的分支：{branches}
host,l10n/bundle.l10n.json,Interactive rebase dialog is no longer active.,,,Interactive rebase dialog is no longer active.,"Extension-host runtime notification, command label, prompt, or status message.",,,Der Dialog für interaktives Rebase ist nicht mehr aktiv.,El diálogo de rebase interactivo ya no está activo.,La boîte de dialogue de rebasage interactif n'est plus active.,インタラクティブなリベースのダイアログは既に有効ではありません。,대화형 리베이스 대화 상자가 더 이상 활성 상태가 아닙니다.,Okno dialogowe interaktywnego rebase nie jest już aktywne.,A caixa de diálogo do rebase interativo não está mais ativa.,A caixa de diálogo do rebase interativo não está mais ativa.,Диалог интерактивного перебазирования больше не активен.,交互式变基对话框已不再处于活动状态。,互動式變基對話方塊已不再處於作用中狀態。
host,l10n/bundle.l10n.json,This interactive rebase dialog belongs to a different IntelliGit view.,,,This interactive rebase dialog belongs to a different IntelliGit view.,"Extension-host runtime notification, command label, prompt, or status message.",,IntelliGit,Dieser Dialog für interaktives Rebase gehört zu einer anderen IntelliGit-Ansicht.,Este diálogo de rebase interactivo pertenece a otra vista de IntelliGit.,Cette boîte de dialogue de rebasage interactif appartient à une autre vue IntelliGit.,このインタラクティブなリベースのダイアログは、別の IntelliGit ビューに属しています。,이 대화형 리베이스 대화 상자는 다른 IntelliGit 보기에 속합니다.,To okno dialogowe interaktywnego rebase należy do innego widoku IntelliGit.,Esta caixa de diálogo do rebase interativo pertence a outra exibição do IntelliGit.,Esta caixa de diálogo do rebase interativo pertence a outra exibição do IntelliGit.,Этот диалог интерактивного перебазирования принадлежит другому представлению IntelliGit.,此交互式变基对话框属于另一个 IntelliGit 视图。,此互動式變基對話方塊屬於另一個 IntelliGit 檢視。
host,l10n/bundle.l10n.json,Interactive rebase contains an invalid action.,,,Interactive rebase contains an invalid action.,"Extension-host runtime notification, command label, prompt, or status message.",,,Interaktives Rebase enthält eine ungültige Aktion.,El rebase interactivo contiene una acción no válida.,Le rebasage interactif contient une action non valide.,インタラクティブなリベースに無効なアクションが含まれています。,대화형 리베이스에 유효하지 않은 작업이 포함되어 있습니다.,Interaktywny rebase zawiera nieprawidłowe działanie.,O rebase interativo contém uma ação inválida.,O rebase interativo contém uma ação inválida.,Интерактивное перебазирование содержит недопустимое действие.,交互式变基包含无效的操作。,互動式變基包含無效的操作。
host,l10n/bundle.l10n.json,Interactive rebase contains an invalid commit hash.,,,Interactive rebase contains an invalid commit hash.,"Extension-host runtime notification, command label, prompt, or status message.",,,Interaktives Rebase enthält einen ungültigen Commit-Hash.,El rebase interactivo contiene un hash de confirmación no válido.,Le rebasage interactif contient un hachage de commit non valide.,インタラクティブなリベースに無効なコミットハッシュが含まれています。,대화형 리베이스에 유효하지 않은 커밋 해시가 포함되어 있습니다.,Interaktywny rebase zawiera nieprawidłowy skrót zatwierdzenia.,O rebase interativo contém um hash de commit inválido.,O rebase interativo contém um hash de commit inválido.,Интерактивное перебазирование содержит недопустимый хеш коммита.,交互式变基包含无效的提交哈希。,互動式變基包含無效的提交雜湊。
host,l10n/bundle.l10n.json,Interactive rebase contains a commit that was not offered.,,,Interactive rebase contains a commit that was not offered.,"Extension-host runtime notification, command label, prompt, or status message.",,,"Interaktives Rebase enthält einen Commit, der nicht angeboten wurde.",El rebase interactivo contiene una confirmación que no se ofreció.,Le rebasage interactif contient un commit qui n'a pas été proposé.,インタラクティブなリベースに、対象として提示されていないコミットが含まれています。,대화형 리베이스에 제공되지 않은 커밋이 포함되어 있습니다.,"Interaktywny rebase zawiera zatwierdzenie, które nie zostało zaproponowane.",O rebase interativo contém um commit que não foi oferecido.,O rebase interativo contém um commit que não foi oferecido.,"Интерактивное перебазирование содержит коммит, который не был предложен.",交互式变基包含未提供的提交。,互動式變基包含未提供的提交。
host,l10n/bundle.l10n.json,Interactive rebase contains the same commit more than once.,,,Interactive rebase contains the same commit more than once.,"Extension-host runtime notification, command label, prompt, or status message.",,,Interaktives Rebase enthält denselben Commit mehrfach.,El rebase interactivo contiene la misma confirmación más de una vez.,Le rebasage interactif contient plusieurs fois le même commit.,インタラクティブなリベースに同じコミットが複数回含まれています。,대화형 리베이스에 동일한 커밋이 두 번 이상 포함되어 있습니다.,Interaktywny rebase zawiera to samo zatwierdzenie więcej niż raz.,O rebase interativo contém o mesmo commit mais de uma vez.,O rebase interativo contém o mesmo commit mais de uma vez.,Интерактивное перебазирование содержит один и тот же коммит несколько раз.,交互式变基多次包含同一个提交。,互動式變基多次包含同一個提交。
host,l10n/bundle.l10n.json,Interactive rebase changed the offered commit count.,,,Interactive rebase changed the offered commit count.,"Extension-host runtime notification, command label, prompt, or status message.",,,Interaktives Rebase hat die Anzahl der angebotenen Commits geändert.,El rebase interactivo cambió el número de confirmaciones ofrecidas.,Le rebasage interactif a modifié le nombre de commits proposés.,インタラクティブなリベースで、提示されたコミット数が変更されました。,대화형 리베이스에서 제공된 커밋 수가 변경되었습니다.,Interaktywny rebase zmienił liczbę zaproponowanych zatwierdzeń.,O rebase interativo alterou a quantidade de commits oferecidos.,O rebase interativo alterou a quantidade de commits oferecidos.,Интерактивное перебазирование изменило количество предложенных коммитов.,交互式变基更改了所提供的提交数量。,互動式變基變更了所提供的提交數量。
host,l10n/bundle.l10n.json,Interactive rebase requires a replacement message for this action.,,,Interactive rebase requires a replacement message for this action.,"Extension-host runtime notification, command label, prompt, or status message.",,,Interaktives Rebase erfordert für diese Aktion eine Ersatznachricht.,El rebase interactivo requiere un mensaje de reemplazo para esta acción.,Le rebasage interactif nécessite un message de remplacement pour cette action.,このアクションでは、インタラクティブなリベースに置き換え用のメッセージが必要です。,이 작업에는 대화형 리베이스에 대체 메시지가 필요합니다.,Interaktywny rebase wymaga komunikatu zastępczego dla tego działania.,O rebase interativo requer uma mensagem de substituição para esta ação.,O rebase interativo requer uma mensagem de substituição para esta ação.,Для этого действия интерактивное перебазирование требует сообщение для замены.,此操作要求交互式变基提供替换消息。,此操作要求互動式變基提供替換訊息。
host,l10n/bundle.l10n.json,Interactive rebase contains an invalid commit message.,,,Interactive rebase contains an invalid commit message.,"Extension-host runtime notification, command label, prompt, or status message.",,,Interaktives Rebase enthält eine ungültige Commit-Nachricht.,El rebase interactivo contiene un mensaje de confirmación no válido.,Le rebasage interactif contient un message de commit non valide.,インタラクティブなリベースに無効なコミットメッセージが含まれています。,대화형 리베이스에 유효하지 않은 커밋 메시지가 포함되어 있습니다.,Interaktywny rebase zawiera nieprawidłowy komunikat zatwierdzenia.,O rebase interativo contém uma mensagem de commit inválida.,O rebase interativo contém uma mensagem de commit inválida.,Интерактивное перебазирование содержит недопустимое сообщение коммита.,交互式变基包含无效的提交消息。,互動式變基包含無效的提交訊息。
host,l10n/bundle.l10n.json,Interactive rebase cannot start with squash or fixup.,,,Interactive rebase cannot start with squash or fixup.,"Extension-host runtime notification, command label, prompt, or status message.",,,Interaktives Rebase kann nicht mit squash oder fixup beginnen.,El rebase interactivo no puede comenzar con squash ni fixup.,Le rebasage interactif ne peut pas commencer par squash ou fixup.,インタラクティブなリベースを squash または fixup で開始することはできません。,대화형 리베이스는 squash 또는 fixup으로 시작할 수 없습니다.,Interaktywny rebase nie może rozpoczynać się od squash ani fixup.,O rebase interativo não pode começar com squash ou fixup.,O rebase interativo não pode começar com squash ou fixup.,Интерактивное перебазирование не может начинаться с squash или fixup.,交互式变基不能以 squash 或 fixup 开始。,互動式變基不能以 squash 或 fixup 開始。
host,l10n/bundle.l10n.json,The selected repository changed while the dialog was open.,,,The selected repository changed while the dialog was open.,"Extension-host runtime notification, command label, prompt, or status message.",,,"Das ausgewählte Repository hat sich geändert, während der Dialog geöffnet war.",El repositorio seleccionado cambió mientras el diálogo estaba abierto.,Le dépôt sélectionné a changé pendant que la boîte de dialogue était ouverte.,ダイアログが開いている間に、選択されたリポジトリが変更されました。,대화 상자가 열려 있는 동안 선택한 리포지토리가 변경되었습니다.,"Wybrane repozytorium zmieniło się, gdy okno dialogowe było otwarte.",O repositório selecionado foi alterado enquanto a caixa de diálogo estava aberta.,O repositório selecionado foi alterado enquanto a caixa de diálogo estava aberta.,"Выбранный репозиторий изменился, пока диалог был открыт.",对话框打开期间，所选仓库已更改。,對話方塊開啟期間，所選存放庫已變更。
host,l10n/bundle.l10n.json,Interactive rebase could not resolve the current branch.,,,Interactive rebase could not resolve the current branch.,"Extension-host runtime notification, command label, prompt, or status message.",,,Interaktives Rebase konnte den aktuellen Branch nicht auflösen.,El rebase interactivo no pudo resolver la rama actual.,Le rebasage interactif n'a pas pu résoudre la branche actuelle.,インタラクティブなリベースで現在のブランチを解決できませんでした。,대화형 리베이스가 현재 브랜치를 확인하지 못했습니다.,Interaktywny rebase nie mógł ustalić bieżącej gałęzi.,O rebase interativo não conseguiu resolver o branch atual.,O rebase interativo não conseguiu resolver o branch atual.,Интерактивному перебазированию не удалось определить текущую ветку.,交互式变基无法解析当前分支。,互動式變基無法解析目前分支。
host,l10n/bundle.l10n.json,Interactive rebase could not resolve the current HEAD.,,,Interactive rebase could not resolve the current HEAD.,"Extension-host runtime notification, command label, prompt, or status message.",,HEAD,Interaktives Rebase konnte den aktuellen HEAD nicht auflösen.,El rebase interactivo no pudo resolver el HEAD actual.,Le rebasage interactif n'a pas pu résoudre le HEAD actuel.,インタラクティブなリベースで現在の HEAD を解決できませんでした。,대화형 리베이스가 현재 HEAD를 확인하지 못했습니다.,Interaktywny rebase nie mógł ustalić bieżącego HEAD.,O rebase interativo não conseguiu resolver o HEAD atual.,O rebase interativo não conseguiu resolver o HEAD atual.,Интерактивному перебазированию не удалось определить текущий HEAD.,交互式变基无法解析当前 HEAD。,互動式變基無法解析目前 HEAD。
host,l10n/bundle.l10n.json,The checked-out branch changed while the dialog was open.,,,The checked-out branch changed while the dialog was open.,"Extension-host runtime notification, command label, prompt, or status message.",,,"Der ausgecheckte Branch hat sich geändert, während der Dialog geöffnet war.",La rama activa cambió mientras el diálogo estaba abierto.,La branche extraite a changé pendant que la boîte de dialogue était ouverte.,ダイアログが開いている間に、チェックアウト済みのブランチが変更されました。,대화 상자가 열려 있는 동안 체크아웃된 브랜치가 변경되었습니다.,"Wyewidencjonowana gałąź zmieniła się, gdy okno dialogowe było otwarte.",O branch com checkout foi alterado enquanto a caixa de diálogo estava aberta.,O branch com checkout foi alterado enquanto a caixa de diálogo estava aberta.,"Текущая ветка изменилась, пока диалог был открыт.",对话框打开期间，已检出的分支已更改。,對話方塊開啟期間，已簽出的分支已變更。
host,l10n/bundle.l10n.json,HEAD changed while the interactive rebase dialog was open.,,,HEAD changed while the interactive rebase dialog was open.,"Extension-host runtime notification, command label, prompt, or status message.",,HEAD,"HEAD hat sich geändert, während der Dialog für interaktives Rebase geöffnet war.",HEAD cambió mientras el diálogo de rebase interactivo estaba abierto.,HEAD a changé pendant que la boîte de dialogue de rebasage interactif était ouverte.,インタラクティブなリベースのダイアログが開いている間に HEAD が変更されました。,대화형 리베이스 대화 상자가 열려 있는 동안 HEAD가 변경되었습니다.,"HEAD zmienił się, gdy okno dialogowe interaktywnego rebase było otwarte.",O HEAD foi alterado enquanto a caixa de diálogo do rebase interativo estava aberta.,O HEAD foi alterado enquanto a caixa de diálogo do rebase interativo estava aberta.,"HEAD изменился, пока был открыт диалог интерактивного перебазирования.",交互式变基对话框打开期间，HEAD 已更改。,互動式變基對話方塊開啟期間，HEAD 已變更。
host,l10n/bundle.l10n.json,Interactive rebase received an invalid selected commit.,,,Interactive rebase received an invalid selected commit.,"Extension-host runtime notification, command label, prompt, or status message.",,,Interaktives Rebase hat einen ungültigen ausgewählten Commit erhalten.,El rebase interactivo recibió una confirmación seleccionada no válida.,Le rebasage interactif a reçu un commit sélectionné non valide.,インタラクティブなリベースが無効な選択コミットを受け取りました。,대화형 리베이스가 유효하지 않은 선택 커밋을 받았습니다.,Interaktywny rebase otrzymał nieprawidłowe wybrane zatwierdzenie.,O rebase interativo recebeu um commit selecionado inválido.,O rebase interativo recebeu um commit selecionado inválido.,Интерактивное перебазирование получило недопустимый выбранный коммит.,交互式变基收到了无效的所选提交。,互動式變基收到了無效的所選提交。
host,l10n/bundle.l10n.json,Interactive rebase cannot start while another Git operation is in progress.,,,Interactive rebase cannot start while another Git operation is in progress.,"Extension-host runtime notification, command label, prompt, or status message.",,Git,"Interaktives Rebase kann nicht gestartet werden, während eine andere Git-Operation läuft.",El rebase interactivo no puede comenzar mientras otra operación de Git está en curso.,Le rebasage interactif ne peut pas démarrer pendant qu'une autre opération Git est en cours.,別の Git 操作の実行中は、インタラクティブなリベースを開始できません。,다른 Git 작업이 진행 중인 동안에는 대화형 리베이스를 시작할 수 없습니다.,"Nie można rozpocząć interaktywnego rebase, gdy trwa inna operacja Git.",O rebase interativo não pode começar enquanto outra operação do Git está em andamento.,O rebase interativo não pode começar enquanto outra operação do Git está em andamento.,"Интерактивное перебазирование нельзя начать, пока выполняется другая операция Git.",另一项 Git 操作正在进行时，无法启动交互式变基。,另一項 Git 操作正在進行時，無法啟動互動式變基。
host,l10n/bundle.l10n.json,Interactive rebase requires a checked-out branch.,,,Interactive rebase requires a checked-out branch.,"Extension-host runtime notification, command label, prompt, or status message.",,,Interaktives Rebase erfordert einen ausgecheckten Branch.,El rebase interactivo requiere una rama activa.,Le rebasage interactif nécessite une branche extraite.,インタラクティブなリベースには、チェックアウト済みのブランチが必要です。,대화형 리베이스에는 체크아웃된 브랜치가 필요합니다.,Interaktywny rebase wymaga wyewidencjonowanej gałęzi.,O rebase interativo requer um branch com checkout.,O rebase interativo requer um branch com checkout.,Для интерактивного перебазирования требуется переключение на ветку.,交互式变基需要已检出的分支。,互動式變基需要已簽出的分支。
host,l10n/bundle.l10n.json,Interactive rebase is not available for merge commits.,,,Interactive rebase is not available for merge commits.,"Extension-host runtime notification, command label, prompt, or status message.",,,Interaktives Rebase ist für Merge-Commits nicht verfügbar.,El rebase interactivo no está disponible para confirmaciones de fusión.,Le rebasage interactif n'est pas disponible pour les commits de fusion.,マージコミットでは、インタラクティブなリベースは利用できません。,병합 커밋에는 대화형 리베이스를 사용할 수 없습니다.,Interaktywny rebase nie jest dostępny w przypadku zatwierdzeń scalenia.,O rebase interativo não está disponível para commits de merge.,O rebase interativo não está disponível para commits de merge.,Интерактивное перебазирование недоступно для коммитов слияния.,交互式变基不适用于合并提交。,互動式變基不適用於合併提交。
host,l10n/bundle.l10n.json,The selected commit is not in the current branch history.,,,The selected commit is not in the current branch history.,"Extension-host runtime notification, command label, prompt, or status message.",,,Der ausgewählte Commit befindet sich nicht im Verlauf des aktuellen Branches.,La confirmación seleccionada no está en el historial de la rama actual.,Le commit sélectionné ne figure pas dans l'historique de la branche actuelle.,選択したコミットは現在のブランチ履歴に存在しません。,선택한 커밋이 현재 브랜치 기록에 없습니다.,Wybrane zatwierdzenie nie znajduje się w historii bieżącej gałęzi.,O commit selecionado não está no histórico do branch atual.,O commit selecionado não está no histórico do branch atual.,Выбранный коммит отсутствует в истории текущей ветки.,所选提交不在当前分支历史记录中。,所選提交不在目前分支歷程記錄中。
host,l10n/bundle.l10n.json,Interactive rebase is not available for the initial commit.,,,Interactive rebase is not available for the initial commit.,"Extension-host runtime notification, command label, prompt, or status message.",,,Interaktives Rebase ist für den ersten Commit nicht verfügbar.,El rebase interactivo no está disponible para la confirmación inicial.,Le rebasage interactif n'est pas disponible pour le commit initial.,最初のコミットでは、インタラクティブなリベースは利用できません。,최초 커밋에는 대화형 리베이스를 사용할 수 없습니다.,Interaktywny rebase nie jest dostępny dla początkowego zatwierdzenia.,O rebase interativo não está disponível para o commit inicial.,O rebase interativo não está disponível para o commit inicial.,Интерактивное перебазирование недоступно для первоначального коммита.,对于初始提交，交互式变基不可用。,對於初始提交，互動式變基無法使用。
host,l10n/bundle.l10n.json,Interactive rebase requires a clean working tree.,,,Interactive rebase requires a clean working tree.,"Extension-host runtime notification, command label, prompt, or status message.",,,Interaktives Rebase erfordert einen sauberen Arbeitsbaum.,El rebase interactivo requiere un árbol de trabajo limpio.,Le rebasage interactif nécessite un répertoire de travail propre.,インタラクティブなリベースには、クリーンな作業ツリーが必要です。,대화형 리베이스를 사용하려면 깨끗한 작업 트리가 필요합니다.,Interaktywny rebase wymaga czystego drzewa roboczego.,O rebase interativo requer uma árvore de trabalho limpa.,O rebase interativo requer uma árvore de trabalho limpa.,Для интерактивного перебазирования требуется чистое рабочее дерево.,交互式变基需要干净的工作树。,互動式變基需要乾淨的工作樹。
host,l10n/bundle.l10n.json,Interactive rebase is not available for ranges containing merge commits.,,,Interactive rebase is not available for ranges containing merge commits.,"Extension-host runtime notification, command label, prompt, or status message.",,,Interaktives Rebase ist für Bereiche mit Merge-Commits nicht verfügbar.,El rebase interactivo no está disponible para intervalos que contienen confirmaciones de fusión.,Le rebasage interactif n'est pas disponible pour les plages contenant des commits de fusion.,マージコミットを含む範囲では、インタラクティブなリベースは利用できません。,병합 커밋이 포함된 범위에는 대화형 리베이스를 사용할 수 없습니다.,Interaktywny rebase nie jest dostępny dla zakresów zawierających zatwierdzenia scalenia.,O rebase interativo não está disponível para intervalos que contêm commits de merge.,O rebase interativo não está disponível para intervalos que contêm commits de merge.,"Интерактивное перебазирование недоступно для диапазонов, содержащих коммиты слияния.",交互式变基不适用于包含合并提交的范围。,互動式變基不適用於包含合併提交的範圍。
host,l10n/bundle.l10n.json,Interactive rebase could not inspect the repository.,,,Interactive rebase could not inspect the repository.,"Extension-host runtime notification, command label, prompt, or status message.",,,Interaktives Rebase konnte das Repository nicht prüfen.,El rebase interactivo no pudo inspeccionar el repositorio.,Le rebasage interactif n'a pas pu inspecter le dépôt.,インタラクティブなリベースでリポジトリを検査できませんでした。,대화형 리베이스가 리포지토리를 검사하지 못했습니다.,Interaktywny rebase nie mógł sprawdzić repozytorium.,O rebase interativo não conseguiu inspecionar o repositório.,O rebase interativo não conseguiu inspecionar o repositório.,Интерактивному перебазированию не удалось проверить репозиторий.,交互式变基无法检查仓库。,互動式變基無法檢查存放庫。
host,l10n/bundle.l10n.json,unable to determine remote target for '{branch}',,,unable to determine remote target for '{branch}',"Extension-host runtime notification, command label, prompt, or status message.",{branch},remote,Remote-Ziel für '{branch}' konnte nicht ermittelt werden,no se puede determinar el destino remoto de '{branch}',impossible de déterminer la cible distante de '{branch}','{branch}' のリモートターゲットを特定できません,'{branch}'의 원격 대상을 확인할 수 없습니다,nie można ustalić zdalnego celu dla '{branch}',não é possível determinar o destino remoto de '{branch}',não é possível determinar o destino remoto de '{branch}',не удается определить удаленную цель для '{branch}',无法确定 '{branch}' 的远程目标,無法確定 '{branch}' 的遠端目標
host,l10n/bundle.l10n.json,Cannot delete the current branch: {branch},,,Cannot delete the current branch: {branch},"Extension-host runtime notification, command label, prompt, or status message.",{branch},,Der aktuelle Branch kann nicht gelöscht werden: {branch},No se puede eliminar la rama actual: {branch},Impossible de supprimer la branche actuelle : {branch},現在のブランチは削除できません: {branch},현재 브랜치는 삭제할 수 없습니다: {branch},Nie można usunąć bieżącej gałęzi: {branch},Não é possível excluir o branch atual: {branch},Não é possível excluir o branch atual: {branch},Не удается удалить текущую ветку: {branch},无法删除当前分支：{branch},無法刪除目前分支：{branch}
host,l10n/bundle.l10n.json,Cannot delete unmerged branches: {branches},,,Cannot delete unmerged branches: {branches},"Extension-host runtime notification, command label, prompt, or status message.",{branches},,Nicht gemergte Branches können nicht gelöscht werden: {branches},No se pueden eliminar las ramas sin fusionar: {branches},Impossible de supprimer les branches non fusionnées : {branches},マージされていないブランチは削除できません: {branches},병합되지 않은 브랜치는 삭제할 수 없습니다: {branches},Nie można usunąć niescalonych gałęzi: {branches},Não é possível excluir branches sem merge: {branches},Não é possível excluir branches sem merge: {branches},Не удается удалить неслитые ветки: {branches},无法删除未合并的分支：{branches},無法刪除未合併的分支：{branches}
host,l10n/bundle.l10n.json,"partially deleted {count} branch(es), but failed to delete {branch}: {message}",,,"partially deleted {count} branch(es), but failed to delete {branch}: {message}","Extension-host runtime notification, command label, prompt, or status message.",{count} {branch} {message},,"{count} Branch(es) teilweise gelöscht, aber {branch} konnte nicht gelöscht werden: {message}","se eliminaron parcialmente {count} rama(s), pero no se pudo eliminar {branch}: {message}","{count} branche(s) partiellement supprimée(s), mais impossible de supprimer {branch} : {message}",{count} 個のブランチを部分的に削除しましたが、{branch} を削除できませんでした: {message},{count}개의 브랜치를 부분적으로 삭제했지만 {branch}을(를) 삭제하지 못했습니다: {message},"częściowo usunięto {count} gałęzi, ale nie udało się usunąć {branch}: {message}","{count} branch(es) parcialmente excluído(s), mas falha ao excluir {branch}: {message}","{count} branch(es) parcialmente excluído(s), mas falha ao excluir {branch}: {message}","частично удалено веток: {count}, но не удалось удалить {branch}: {message}",已部分删除 {count} 个分支，但删除 {branch} 失败：{message},已部分刪除 {count} 個分支，但刪除 {branch} 失敗：{message}
host,l10n/bundle.l10n.json,failed to delete {branch}: {message},,,failed to delete {branch}: {message},"Extension-host runtime notification, command label, prompt, or status message.",{branch} {message},,{branch} konnte nicht gelöscht werden: {message},no se pudo eliminar {branch}: {message},échec de la suppression de {branch} : {message},{branch} を削除できませんでした: {message},{branch}을(를) 삭제하지 못했습니다: {message},nie udało się usunąć {branch}: {message},falha ao excluir {branch}: {message},falha ao excluir {branch}: {message},не удалось удалить {branch}: {message},删除 {branch} 失败：{message},刪除 {branch} 失敗：{message}
host,l10n/bundle.l10n.json,Deleted {count} branch(es).,,,Deleted {count} branch(es).,"Extension-host runtime notification, command label, prompt, or status message.",{count},,{count} Branch(es) gelöscht.,Se eliminaron {count} rama(s).,{count} branche(s) supprimée(s).,{count} 個のブランチを削除しました。,{count}개의 브랜치를 삭제했습니다.,Usunięto {count} gałęzi.,{count} branch(es) excluído(s).,{count} branch(es) excluído(s).,Удалено веток: {count}.,已删除 {count} 个分支。,已刪除 {count} 個分支。
host,l10n/bundle.l10n.json,Undo Commit failed: {message},,,Undo Commit failed: {message},"Extension-host runtime notification, command label, prompt, or status message.",{message},Commit,Commit rückgängig machen fehlgeschlagen: {message},Error al deshacer la confirmación: {message},Échec de l'annulation du commit : {message},コミットの取り消しに失敗しました: {message},커밋 실행 취소에 실패했습니다: {message},Cofnięcie zatwierdzenia nie powiodło się: {message},Falha ao desfazer o commit: {message},Falha ao desfazer o commit: {message},Не удалось отменить коммит: {message},撤销提交失败：{message},復原提交失敗：{message}
host,l10n/bundle.l10n.json,The branch moved while the rebase range was loading. Try again.,,,The branch moved while the rebase range was loading. Try again.,"Extension-host runtime notification, command label, prompt, or status message.",,,Der Branch hat sich während des Ladens des Rebase-Bereichs geändert. Versuchen Sie es erneut.,La rama se movió mientras se cargaba el intervalo del rebase. Inténtalo de nuevo.,La branche a changé pendant le chargement de la plage de rebasage. Réessayez.,リベース範囲の読み込み中にブランチが移動しました。もう一度お試しください。,리베이스 범위를 불러오는 동안 브랜치가 이동했습니다. 다시 시도하세요.,Gałąź została przesunięta podczas wczytywania zakresu rebase. Spróbuj ponownie.,O branch foi movido enquanto o intervalo do rebase era carregado. Tente novamente.,O branch foi movido enquanto o intervalo do rebase era carregado. Tente novamente.,Ветка сместилась во время загрузки диапазона перебазирования. Повторите попытку.,加载变基范围时分支已移动。请重试。,載入變基範圍時分支已移動。請重試。
host,l10n/bundle.l10n.json,Interactive Rebase from Here could not open its dialog.,,,Interactive Rebase from Here could not open its dialog.,"Extension-host runtime notification, command label, prompt, or status message.",,Rebase,Interaktives Rebase ab hier konnte seinen Dialog nicht öffnen.,La función Rebase interactivo desde aquí no pudo abrir su diálogo.,Le rebasage interactif à partir d'ici n'a pas pu ouvrir sa boîte de dialogue.,ここからのインタラクティブなリベースでダイアログを開けませんでした。,여기에서 대화형 리베이스가 대화 상자를 열지 못했습니다.,Interaktywne ponowne bazowanie z tego miejsca nie mogło otworzyć swojego okna dialogowego.,O rebase interativo a partir daqui não conseguiu abrir sua caixa de diálogo.,O rebase interativo a partir daqui não conseguiu abrir sua caixa de diálogo.,Функции интерактивного перебазирования отсюда не удалось открыть свой диалог.,从此处进行交互式变基无法打开其对话框。,從此處進行互動式變基無法開啟其對話方塊。
host,l10n/bundle.l10n.json,Interactive Rebase from Here could not resolve the current branch.,,,Interactive Rebase from Here could not resolve the current branch.,"Extension-host runtime notification, command label, prompt, or status message.",,Rebase,Interaktives Rebase ab hier konnte den aktuellen Branch nicht auflösen.,La función Rebase interactivo desde aquí no pudo resolver la rama actual.,Le rebasage interactif à partir d'ici n'a pas pu résoudre la branche actuelle.,ここからのインタラクティブなリベースで現在のブランチを解決できませんでした。,여기에서 대화형 리베이스가 현재 브랜치를 확인하지 못했습니다.,Interaktywne ponowne bazowanie z tego miejsca nie mogło ustalić bieżącej gałęzi.,O rebase interativo a partir daqui não conseguiu resolver o branch atual.,O rebase interativo a partir daqui não conseguiu resolver o branch atual.,Функции интерактивного перебазирования отсюда не удалось определить текущую ветку.,从此处进行交互式变基无法解析当前分支。,從此處進行互動式變基無法解析目前分支。
host,l10n/bundle.l10n.json,Interactive Rebase from Here could not resolve the current HEAD.,,,Interactive Rebase from Here could not resolve the current HEAD.,"Extension-host runtime notification, command label, prompt, or status message.",,HEAD; Rebase,Interaktives Rebase ab hier konnte den aktuellen HEAD nicht auflösen.,La función Rebase interactivo desde aquí no pudo resolver el HEAD actual.,Le rebasage interactif à partir d'ici n'a pas pu résoudre le HEAD actuel.,ここからのインタラクティブなリベースで現在の HEAD を解決できませんでした。,여기에서 대화형 리베이스가 현재 HEAD를 확인하지 못했습니다.,Interaktywne ponowne bazowanie z tego miejsca nie mogło ustalić bieżącego HEAD.,O rebase interativo a partir daqui não conseguiu resolver o HEAD atual.,O rebase interativo a partir daqui não conseguiu resolver o HEAD atual.,Функции интерактивного перебазирования отсюда не удалось определить текущий HEAD.,从此处进行交互式变基无法解析当前 HEAD。,從此處進行互動式變基無法解析目前 HEAD。
host,l10n/bundle.l10n.json,Interactive Rebase from Here received an invalid selected commit.,,,Interactive Rebase from Here received an invalid selected commit.,"Extension-host runtime notification, command label, prompt, or status message.",,Rebase,Interaktives Rebase ab hier hat einen ungültigen ausgewählten Commit erhalten.,La función Rebase interactivo desde aquí recibió una confirmación seleccionada no válida.,Le rebasage interactif à partir d'ici a reçu un commit sélectionné non valide.,ここからのインタラクティブなリベースが無効な選択コミットを受け取りました。,여기에서 대화형 리베이스가 유효하지 않은 선택 커밋을 받았습니다.,Interaktywne ponowne bazowanie z tego miejsca otrzymało nieprawidłowe wybrane zatwierdzenie.,O rebase interativo a partir daqui recebeu um commit selecionado inválido.,O rebase interativo a partir daqui recebeu um commit selecionado inválido.,Функция интерактивного перебазирования отсюда получила недопустимый выбранный коммит.,从此处进行交互式变基收到了无效的所选提交。,從此處進行互動式變基收到了無效的所選提交。
host,l10n/bundle.l10n.json,Interactive Rebase from Here cannot start while another Git operation is in progress.,,,Interactive Rebase from Here cannot start while another Git operation is in progress.,"Extension-host runtime notification, command label, prompt, or status message.",,Git; Rebase,"Interaktives Rebase ab hier kann nicht gestartet werden, während eine andere Git-Operation läuft.",La función Rebase interactivo desde aquí no puede comenzar mientras otra operación de Git está en curso.,Le rebasage interactif à partir d'ici ne peut pas démarrer pendant qu'une autre opération Git est en cours.,別の Git 操作の実行中は、ここからのインタラクティブなリベースを開始できません。,다른 Git 작업이 진행 중인 동안에는 여기에서 대화형 리베이스를 시작할 수 없습니다.,"Nie można rozpocząć interaktywnego ponownego bazowania z tego miejsca, gdy trwa inna operacja Git.",O rebase interativo a partir daqui não pode começar enquanto outra operação do Git está em andamento.,O rebase interativo a partir daqui não pode começar enquanto outra operação do Git está em andamento.,"Функцию интерактивного перебазирования отсюда нельзя запустить, пока выполняется другая операция Git.",另一项 Git 操作正在进行时，无法从此处进行交互式变基。,另一項 Git 操作正在進行時，無法從此處進行互動式變基。
host,l10n/bundle.l10n.json,Interactive Rebase from Here requires a checked-out branch.,,,Interactive Rebase from Here requires a checked-out branch.,"Extension-host runtime notification, command label, prompt, or status message.",,Rebase,Interaktives Rebase ab hier erfordert einen ausgecheckten Branch.,La función Rebase interactivo desde aquí requiere una rama activa.,Le rebasage interactif à partir d'ici nécessite une branche extraite.,ここからのインタラクティブなリベースには、チェックアウト済みのブランチが必要です。,여기에서 대화형 리베이스에는 체크아웃된 브랜치가 필요합니다.,Interaktywne ponowne bazowanie z tego miejsca wymaga wyewidencjonowanej gałęzi.,O rebase interativo a partir daqui requer um branch com checkout.,O rebase interativo a partir daqui requer um branch com checkout.,Для интерактивного перебазирования отсюда требуется переключение на ветку.,从此处进行交互式变基需要已检出的分支。,從此處進行互動式變基需要已簽出的分支。
host,l10n/bundle.l10n.json,Interactive Rebase from Here requires a clean working tree.,,,Interactive Rebase from Here requires a clean working tree.,"Extension-host runtime notification, command label, prompt, or status message.",,Rebase,Interaktives Rebase ab hier erfordert einen sauberen Arbeitsbaum.,La función Rebase interactivo desde aquí requiere un árbol de trabajo limpio.,Le rebasage interactif à partir d'ici nécessite un répertoire de travail propre.,ここからのインタラクティブなリベースには、クリーンな作業ツリーが必要です。,여기에서 대화형 리베이스를 사용하려면 깨끗한 작업 트리가 필요합니다.,Interaktywne ponowne bazowanie z tego miejsca wymaga czystego drzewa roboczego.,O rebase interativo a partir daqui requer uma árvore de trabalho limpa.,O rebase interativo a partir daqui requer uma árvore de trabalho limpa.,Для интерактивного перебазирования отсюда требуется чистое рабочее дерево.,从此处进行交互式变基需要干净的工作树。,從此處進行互動式變基需要乾淨的工作樹。
host,l10n/bundle.l10n.json,Interactive Rebase from Here is not available for ranges containing merge commits.,,,Interactive Rebase from Here is not available for ranges containing merge commits.,"Extension-host runtime notification, command label, prompt, or status message.",,Rebase,Interaktives Rebase ab hier ist für Bereiche mit Merge-Commits nicht verfügbar.,La función Rebase interactivo desde aquí no está disponible para intervalos que contienen confirmaciones de fusión.,Le rebasage interactif à partir d'ici n'est pas disponible pour les plages contenant des commits de fusion.,マージコミットを含む範囲では、ここからのインタラクティブなリベースは利用できません。,병합 커밋이 포함된 범위에는 여기에서 대화형 리베이스를 사용할 수 없습니다.,Interaktywne ponowne bazowanie z tego miejsca nie jest dostępne dla zakresów zawierających zatwierdzenia scalenia.,O rebase interativo a partir daqui não está disponível para intervalos que contêm commits de merge.,O rebase interativo a partir daqui não está disponível para intervalos que contêm commits de merge.,"Функция интерактивного перебазирования отсюда недоступна для диапазонов, содержащих коммиты слияния.",从此处进行交互式变基不适用于包含合并提交的范围。,從此處進行互動式變基不適用於包含合併提交的範圍。
host,l10n/bundle.l10n.json,Interactive Rebase from Here could not inspect the repository.,,,Interactive Rebase from Here could not inspect the repository.,"Extension-host runtime notification, command label, prompt, or status message.",,Rebase,Interaktives Rebase ab hier konnte das Repository nicht prüfen.,La función Rebase interactivo desde aquí no pudo inspeccionar el repositorio.,Le rebasage interactif à partir d'ici n'a pas pu inspecter le dépôt.,ここからのインタラクティブなリベースでリポジトリを検査できませんでした。,여기에서 대화형 리베이스가 리포지토리를 검사하지 못했습니다.,Interaktywne ponowne bazowanie z tego miejsca nie mogło sprawdzić repozytorium.,O rebase interativo a partir daqui não conseguiu inspecionar o repositório.,O rebase interativo a partir daqui não conseguiu inspecionar o repositório.,Функции интерактивного перебазирования отсюда не удалось проверить репозиторий.,从此处进行交互式变基无法检查仓库。,從此處進行互動式變基無法檢查存放庫。
host,l10n/bundle.l10n.json,Interactive Rebase from Here supports at most {count} commits at once.,,,Interactive Rebase from Here supports at most {count} commits at once.,"Extension-host runtime notification, command label, prompt, or status message.",{count},Rebase,Interaktives Rebase ab hier unterstützt höchstens {count} Commits auf einmal.,La función Rebase interactivo desde aquí admite como máximo {count} confirmaciones a la vez.,Le rebasage interactif à partir d'ici prend en charge au maximum {count} commits à la fois.,ここからのインタラクティブなリベースで一度に処理できるコミットは最大 {count} 件です。,여기에서 대화형 리베이스는 한 번에 최대 {count}개의 커밋을 지원합니다.,Interaktywne ponowne bazowanie z tego miejsca obsługuje maksymalnie {count} zatwierdzeń naraz.,O rebase interativo a partir daqui oferece suporte a no máximo {count} commits por vez.,O rebase interativo a partir daqui oferece suporte a no máximo {count} commits por vez.,Функция интерактивного перебазирования отсюда поддерживает не более {count} коммитов за раз.,从此处进行交互式变基一次最多支持 {count} 个提交。,從此處進行互動式變基一次最多支援 {count} 個提交。
host,l10n/bundle.l10n.json,Interactive Rebase from Here could not count the selected range.,,,Interactive Rebase from Here could not count the selected range.,"Extension-host runtime notification, command label, prompt, or status message.",,Rebase,Interaktives Rebase ab hier konnte den ausgewählten Bereich nicht zählen.,La función Rebase interactivo desde aquí no pudo contar el intervalo seleccionado.,Le rebasage interactif à partir d'ici n'a pas pu compter la plage sélectionnée.,ここからのインタラクティブなリベースで、選択した範囲を数えられませんでした。,여기에서 대화형 리베이스가 선택한 범위를 계산하지 못했습니다.,Interaktywne ponowne bazowanie z tego miejsca nie mogło policzyć wybranego zakresu.,O rebase interativo a partir daqui não conseguiu contar o intervalo selecionado.,O rebase interativo a partir daqui não conseguiu contar o intervalo selecionado.,Функции интерактивного перебазирования отсюда не удалось подсчитать выбранный диапазон.,从此处进行交互式变基无法统计所选范围。,從此處進行互動式變基無法統計所選範圍。
host,l10n/bundle.l10n.json,Interactive Rebase from Here found no commits to rebase.,,,Interactive Rebase from Here found no commits to rebase.,"Extension-host runtime notification, command label, prompt, or status message.",,Rebase,Interaktives Rebase ab hier hat keine Commits zum Rebasen gefunden.,La función Rebase interactivo desde aquí no encontró confirmaciones para rebasar.,Le rebasage interactif à partir d'ici n'a trouvé aucun commit à rebaser.,ここからのインタラクティブなリベースで、リベース対象のコミットが見つかりませんでした。,여기에서 대화형 리베이스가 리베이스할 커밋을 찾지 못했습니다.,Interaktywne ponowne bazowanie z tego miejsca nie znalazło zatwierdzeń do ponownego bazowania.,O rebase interativo a partir daqui não encontrou commits para rebasear.,O rebase interativo a partir daqui não encontrou commits para rebasear.,Функция интерактивного перебазирования отсюда не нашла коммитов для перебазирования.,从此处进行交互式变基未找到可变基的提交。,從此處進行互動式變基未找到可變基的提交。
host,l10n/bundle.l10n.json,Interactive Rebase from Here could not safely load the selected range.,,,Interactive Rebase from Here could not safely load the selected range.,"Extension-host runtime notification, command label, prompt, or status message.",,Rebase,Interaktives Rebase ab hier konnte den ausgewählten Bereich nicht sicher laden.,La función Rebase interactivo desde aquí no pudo cargar de forma segura el intervalo seleccionado.,Le rebasage interactif à partir d'ici n'a pas pu charger la plage sélectionnée en toute sécurité.,ここからのインタラクティブなリベースで、選択した範囲を安全に読み込めませんでした。,여기에서 대화형 리베이스가 선택한 범위를 안전하게 불러오지 못했습니다.,Interaktywne ponowne bazowanie z tego miejsca nie mogło bezpiecznie wczytać wybranego zakresu.,O rebase interativo a partir daqui não conseguiu carregar com segurança o intervalo selecionado.,O rebase interativo a partir daqui não conseguiu carregar com segurança o intervalo selecionado.,Функции интерактивного перебазирования отсюда не удалось безопасно загрузить выбранный диапазон.,从此处进行交互式变基无法安全加载所选范围。,從此處進行互動式變基無法安全載入所選範圍。
host,l10n/bundle.l10n.json,Interactive Rebase from Here received incomplete range output.,,,Interactive Rebase from Here received incomplete range output.,"Extension-host runtime notification, command label, prompt, or status message.",,Rebase,Interaktives Rebase ab hier hat eine unvollständige Bereichsausgabe erhalten.,La función Rebase interactivo desde aquí recibió una salida de intervalo incompleta.,Le rebasage interactif à partir d'ici a reçu une sortie de plage incomplète.,ここからのインタラクティブなリベースが不完全な範囲の出力を受け取りました。,여기에서 대화형 리베이스가 불완전한 범위 출력을 받았습니다.,Interaktywne ponowne bazowanie z tego miejsca otrzymało niekompletne dane zakresu.,O rebase interativo a partir daqui recebeu uma saída de intervalo incompleta.,O rebase interativo a partir daqui recebeu uma saída de intervalo incompleta.,Функция интерактивного перебазирования отсюда получила неполные данные диапазона.,从此处进行交互式变基收到了不完整的范围输出。,從此處進行互動式變基收到了不完整的範圍輸出。
host,l10n/bundle.l10n.json,Interactive Rebase from Here received malformed range output.,,,Interactive Rebase from Here received malformed range output.,"Extension-host runtime notification, command label, prompt, or status message.",,Rebase,Interaktives Rebase ab hier hat eine fehlerhafte Bereichsausgabe erhalten.,La función Rebase interactivo desde aquí recibió una salida de intervalo con formato incorrecto.,Le rebasage interactif à partir d'ici a reçu une sortie de plage mal formée.,ここからのインタラクティブなリベースが不正な形式の範囲の出力を受け取りました。,여기에서 대화형 리베이스가 형식이 잘못된 범위 출력을 받았습니다.,Interaktywne ponowne bazowanie z tego miejsca otrzymało źle sformułowane dane zakresu.,O rebase interativo a partir daqui recebeu uma saída de intervalo malformada.,O rebase interativo a partir daqui recebeu uma saída de intervalo malformada.,Функция интерактивного перебазирования отсюда получила некорректные данные диапазона.,从此处进行交互式变基收到了格式错误的范围输出。,從此處進行互動式變基收到了格式錯誤的範圍輸出。
host,l10n/bundle.l10n.json,Interactive Rebase from Here received an inconsistent commit range.,,,Interactive Rebase from Here received an inconsistent commit range.,"Extension-host runtime notification, command label, prompt, or status message.",,Rebase,Interaktives Rebase ab hier hat einen inkonsistenten Commit-Bereich erhalten.,La función Rebase interactivo desde aquí recibió un intervalo de confirmaciones incoherente.,Le rebasage interactif à partir d'ici a reçu une plage de commits incohérente.,ここからのインタラクティブなリベースが矛盾したコミット範囲を受け取りました。,여기에서 대화형 리베이스가 일관되지 않은 커밋 범위를 받았습니다.,Interaktywne ponowne bazowanie z tego miejsca otrzymało niespójny zakres zatwierdzeń.,O rebase interativo a partir daqui recebeu um intervalo de commits inconsistente.,O rebase interativo a partir daqui recebeu um intervalo de commits inconsistente.,Функция интерактивного перебазирования отсюда получила несогласованный диапазон коммитов.,从此处进行交互式变基收到了不一致的提交范围。,從此處進行互動式變基收到了不一致的提交範圍。
host,l10n/bundle.l10n.json,Interactive Rebase from Here could not load the selected range.,,,Interactive Rebase from Here could not load the selected range.,"Extension-host runtime notification, command label, prompt, or status message.",,Rebase,Interaktives Rebase ab hier konnte den ausgewählten Bereich nicht laden.,La función Rebase interactivo desde aquí no pudo cargar el intervalo seleccionado.,Le rebasage interactif à partir d'ici n'a pas pu charger la plage sélectionnée.,ここからのインタラクティブなリベースで、選択した範囲を読み込めませんでした。,여기에서 대화형 리베이스가 선택한 범위를 불러오지 못했습니다.,Interaktywne ponowne bazowanie z tego miejsca nie mogło wczytać wybranego zakresu.,O rebase interativo a partir daqui não conseguiu carregar o intervalo selecionado.,O rebase interativo a partir daqui não conseguiu carregar o intervalo selecionado.,Функции интерактивного перебазирования отсюда не удалось загрузить выбранный диапазон.,从此处进行交互式变基无法加载所选范围。,從此處進行互動式變基無法載入所選範圍。
host,l10n/bundle.l10n.json,Commit message update failed: {message},,,Commit message update failed: {message},"Extension-host runtime notification, command label, prompt, or status message.",{message},Commit,Aktualisierung der Commit-Nachricht fehlgeschlagen: {message},Error al actualizar el mensaje de confirmación: {message},Échec de la mise à jour du message de commit : {message},コミットメッセージの更新に失敗しました: {message},커밋 메시지 업데이트에 실패했습니다: {message},Aktualizacja komunikatu zatwierdzenia nie powiodła się: {message},Falha ao atualizar a mensagem de commit: {message},Falha ao atualizar a mensagem de commit: {message},Не удалось обновить сообщение коммита: {message},更新提交消息失败：{message},更新提交訊息失敗：{message}
host,l10n/bundle.l10n.json,Must be a valid GitLab HTTPS URL,,,Must be a valid GitLab HTTPS URL,"Extension-host runtime notification, command label, prompt, or status message.",,GitLab; URL,Muss eine gültige GitLab-HTTPS-URL sein,Debe ser una URL HTTPS de GitLab válida,Doit être une URL HTTPS GitLab valide,有効な GitLab の HTTPS URL を指定してください,유효한 GitLab HTTPS URL이어야 합니다,Musi być prawidłowym adresem URL HTTPS GitLab,Deve ser uma URL HTTPS válida do GitLab,Deve ser uma URL HTTPS válida do GitLab,Требуется корректный HTTPS-URL GitLab,必须是有效的 GitLab HTTPS URL,必須是有效的 GitLab HTTPS URL
host,l10n/bundle.l10n.json,Cannot restore '{branch}': invalid branch name.,,,Cannot restore '{branch}': invalid branch name.,"Extension-host runtime notification, command label, prompt, or status message.",{branch},,'{branch}' kann nicht wiederhergestellt werden: ungültiger Branch-Name.,No se puede restaurar '{branch}': nombre de rama no válido.,Impossible de restaurer '{branch}' : nom de branche non valide.,'{branch}' を復元できません: 無効なブランチ名です。,'{branch}'을(를) 복원할 수 없습니다: 잘못된 브랜치 이름입니다.,Nie można przywrócić '{branch}': nieprawidłowa nazwa gałęzi.,Não é possível restaurar '{branch}': nome de branch inválido.,Não é possível restaurar '{branch}': nome de branch inválido.,Не удается восстановить '{branch}': недопустимое имя ветки.,无法恢复 '{branch}'：分支名称无效。,無法還原 '{branch}'：分支名稱無效。
host,l10n/bundle.l10n.json,{provider} username,,,{provider} username,"Extension-host runtime notification, command label, prompt, or status message.",{provider},,{provider}-Benutzername,Nombre de usuario de {provider},Nom d'utilisateur {provider},{provider} のユーザー名,{provider} 사용자 이름,Nazwa użytkownika {provider},Nome de usuário do {provider},Nome de usuário do {provider},Имя пользователя {provider},{provider} 用户名,{provider} 使用者名稱
host,l10n/bundle.l10n.json,Username is required,,,Username is required,"Extension-host runtime notification, command label, prompt, or status message.",,,Benutzername ist erforderlich,El nombre de usuario es obligatorio,Le nom d'utilisateur est requis,ユーザー名は必須です,사용자 이름은 필수입니다,Nazwa użytkownika jest wymagana,O nome de usuário é obrigatório,O nome de usuário é obrigatório,Имя пользователя обязательно,用户名为必填项,使用者名稱為必填項目
host,l10n/bundle.l10n.json,{provider} app password or access token,,,{provider} app password or access token,"Extension-host runtime notification, command label, prompt, or status message.",{provider},,{provider}-App-Passwort oder Zugriffstoken,Contraseña de aplicación o token de acceso de {provider},Mot de passe d'application ou jeton d'accès {provider},{provider} のアプリパスワードまたはアクセストークン,{provider} 앱 비밀번호 또는 액세스 토큰,Hasło aplikacji lub token dostępu {provider},Senha de aplicativo ou token de acesso do {provider},Senha de aplicativo ou token de acesso do {provider},Пароль приложения или токен доступа {provider},{provider} 应用密码或访问令牌,{provider} 應用程式密碼或存取權杖
host,l10n/bundle.l10n.json,$(cloud) Bitbucket Cloud,,,$(cloud) Bitbucket Cloud,"Extension-host runtime notification, command label, prompt, or status message.",,,$(cloud) Bitbucket Cloud,$(cloud) Bitbucket Cloud,$(cloud) Bitbucket Cloud,$(cloud) Bitbucket Cloud,$(cloud) Bitbucket Cloud,$(cloud) Bitbucket Cloud,$(cloud) Bitbucket Cloud,$(cloud) Bitbucket Cloud,$(cloud) Bitbucket Cloud,$(cloud) Bitbucket Cloud,$(cloud) Bitbucket Cloud
host,l10n/bundle.l10n.json,Create a repository on Bitbucket Cloud and push,,,Create a repository on Bitbucket Cloud and push,"Extension-host runtime notification, command label, prompt, or status message.",,,Ein Repository in Bitbucket Cloud erstellen und pushen,Crear un repositorio en Bitbucket Cloud y enviarlo,Créer un dépôt sur Bitbucket Cloud et pousser,Bitbucket Cloud にリポジトリを作成してプッシュします,Bitbucket Cloud에 리포지토리를 만들고 푸시합니다,Utwórz repozytorium w Bitbucket Cloud i wypchnij,Criar um repositório no Bitbucket Cloud e fazer push,Criar um repositório no Bitbucket Cloud e fazer push,Создать репозиторий в Bitbucket Cloud и отправить,在 Bitbucket Cloud 上创建仓库并推送,在 Bitbucket Cloud 上建立存放庫並推送
host,l10n/bundle.l10n.json,$(server) Bitbucket Server,,,$(server) Bitbucket Server,"Extension-host runtime notification, command label, prompt, or status message.",,,$(server) Bitbucket Server,$(server) Bitbucket Server,$(server) Bitbucket Server,$(server) Bitbucket Server,$(server) Bitbucket Server,$(server) Bitbucket Server,$(server) Bitbucket Server,$(server) Bitbucket Server,$(server) Bitbucket Server,$(server) Bitbucket Server,$(server) Bitbucket Server
host,l10n/bundle.l10n.json,Create a repository on Bitbucket Server or Data Center and push,,,Create a repository on Bitbucket Server or Data Center and push,"Extension-host runtime notification, command label, prompt, or status message.",,,Ein Repository in Bitbucket Server oder Data Center erstellen und pushen,Crear un repositorio en Bitbucket Server o Data Center y enviarlo,Créer un dépôt sur Bitbucket Server ou Data Center et pousser,Bitbucket Server または Data Center にリポジトリを作成してプッシュします,Bitbucket Server 또는 Data Center에 리포지토리를 만들고 푸시합니다,Utwórz repozytorium w Bitbucket Server lub Data Center i wypchnij,Criar um repositório no Bitbucket Server ou Data Center e fazer push,Criar um repositório no Bitbucket Server ou Data Center e fazer push,Создать репозиторий в Bitbucket Server или Data Center и отправить,在 Bitbucket Server 或 Data Center 上创建仓库并推送,在 Bitbucket Server 或 Data Center 上建立存放庫並推送
host,l10n/bundle.l10n.json,Bitbucket workspace,,,Bitbucket workspace,"Extension-host runtime notification, command label, prompt, or status message.",,,Bitbucket-Workspace,Espacio de trabajo de Bitbucket,Espace de travail Bitbucket,Bitbucket のワークスペース,Bitbucket 작업 공간,Obszar roboczy Bitbucket,Workspace do Bitbucket,Workspace do Bitbucket,Рабочее пространство Bitbucket,Bitbucket 工作区,Bitbucket 工作區
host,l10n/bundle.l10n.json,Workspace is required,,,Workspace is required,"Extension-host runtime notification, command label, prompt, or status message.",,,Workspace ist erforderlich,El espacio de trabajo es obligatorio,L'espace de travail est requis,ワークスペースは必須です,작업 공간은 필수입니다,Obszar roboczy jest wymagany,O workspace é obrigatório,O workspace é obrigatório,Рабочее пространство обязательно,工作区为必填项,工作區為必填項目
host,l10n/bundle.l10n.json,Bitbucket Server URL,,,Bitbucket Server URL,"Extension-host runtime notification, command label, prompt, or status message.",,URL,Bitbucket Server-URL,URL de Bitbucket Server,URL de Bitbucket Server,Bitbucket Server の URL,Bitbucket Server URL,Adres URL Bitbucket Server,URL do Bitbucket Server,URL do Bitbucket Server,URL-адрес Bitbucket Server,Bitbucket Server URL,Bitbucket Server URL
host,l10n/bundle.l10n.json,Bitbucket project key,,,Bitbucket project key,"Extension-host runtime notification, command label, prompt, or status message.",,,Bitbucket-Projektschlüssel,Clave de proyecto de Bitbucket,Clé de projet Bitbucket,Bitbucket のプロジェクトキー,Bitbucket 프로젝트 키,Klucz projektu Bitbucket,Chave de projeto do Bitbucket,Chave de projeto do Bitbucket,Ключ проекта Bitbucket,Bitbucket 项目密钥,Bitbucket 專案金鑰
host,l10n/bundle.l10n.json,Project key is required,,,Project key is required,"Extension-host runtime notification, command label, prompt, or status message.",,,Projektschlüssel ist erforderlich,La clave de proyecto es obligatoria,La clé de projet est requise,プロジェクトキーは必須です,프로젝트 키는 필수입니다,Klucz projektu jest wymagany,A chave de projeto é obrigatória,A chave de projeto é obrigatória,Ключ проекта обязателен,项目密钥为必填项,專案金鑰為必填項目
host,l10n/bundle.l10n.json,URL must start with https://,,,URL must start with https://,"Extension-host runtime notification, command label, prompt, or status message.",,URL,Die URL muss mit https:// beginnen,La URL debe comenzar por https://,L'URL doit commencer par https://,URL は https:// で始まる必要があります,URL은 https://로 시작해야 합니다,Adres URL musi zaczynać się od https://,A URL deve começar com https://,A URL deve começar com https://,URL-адрес должен начинаться с https://,URL 必须以 https:// 开头,URL 必須以 https:// 開頭
host,l10n/bundle.l10n.json,Do not include credentials in the URL,,,Do not include credentials in the URL,"Extension-host runtime notification, command label, prompt, or status message.",,URL,Keine Anmeldeinformationen in die URL aufnehmen,No incluyas credenciales en la URL,N'incluez pas d'identifiants dans l'URL,URL に資格情報を含めないでください,URL에 자격 증명을 포함하지 마세요,Nie umieszczaj poświadczeń w adresie URL,Não inclua credenciais na URL,Não inclua credenciais na URL,Не указывайте учетные данные в URL-адресе,请勿在 URL 中包含凭据,請勿在 URL 中包含認證
host,l10n/bundle.l10n.json,Enter a valid URL,,,Enter a valid URL,"Extension-host runtime notification, command label, prompt, or status message.",,URL,Geben Sie eine gültige URL ein,Escribe una URL válida,Entrez une URL valide,有効な URL を入力してください,유효한 URL을 입력하세요,Wprowadź prawidłowy adres URL,Insira uma URL válida,Insira uma URL válida,Введите корректный URL-адрес,请输入有效的 URL,請輸入有效的 URL
host,l10n/bundle.l10n.json,Merge: {file},,,Merge: {file},"Extension-host runtime notification, command label, prompt, or status message.",{file},Merge,Merge: {file},Fusión: {file},Fusion : {file},マージ: {file},병합: {file},Scalanie: {file},Merge: {file},Merge: {file},Слияние: {file},合并：{file},合併：{file}
host,l10n/bundle.l10n.json,Applying merge result for {path}...,,,Applying merge result for {path}...,"Extension-host runtime notification, command label, prompt, or status message.",{path},,Merge-Ergebnis für {path} wird angewendet...,Aplicando el resultado de la fusión para {path}...,Application du résultat de la fusion pour {path}...,{path} のマージ結果を適用しています...,{path}에 대한 병합 결과를 적용하는 중...,Stosowanie wyniku scalania dla {path}...,Aplicando o resultado do merge para {path}...,Aplicando o resultado do merge para {path}...,Применение результата слияния для {path}...,正在应用 {path} 的合并结果...,正在套用 {path} 的合併結果...
host,l10n/bundle.l10n.json,File is not in a conflicted state: {path},,,File is not in a conflicted state: {path},"Extension-host runtime notification, command label, prompt, or status message.",{path},,Die Datei befindet sich nicht in einem Konfliktzustand: {path},El archivo no está en un estado de conflicto: {path},Le fichier n'est pas en état de conflit : {path},ファイルは競合状態ではありません: {path},파일이 충돌 상태가 아닙니다: {path},Plik nie jest w stanie konfliktu: {path},O arquivo não está em estado de conflito: {path},O arquivo não está em estado de conflito: {path},Файл не находится в состоянии конфликта: {path},文件未处于冲突状态：{path},檔案未處於衝突狀態：{path}
host,l10n/bundle.l10n.json,"There are uncommitted changes, please commit or stash them first.",,,"There are uncommitted changes, please commit or stash them first.","Extension-host runtime notification, command label, prompt, or status message.",,,Es gibt nicht committete Änderungen. Committen oder stashen Sie sie zuerst.,Hay cambios sin confirmar; confírmalos o guárdalos primero.,Des modifications ne sont pas validées ; validez-les ou remisez-les d'abord.,コミットされていない変更があります。先にコミットまたはスタッシュしてください。,커밋되지 않은 변경 사항이 있습니다. 먼저 커밋하거나 스태시하세요.,Istnieją niezatwierdzone zmiany — najpierw je zatwierdź lub odłóż do schowka.,Há alterações não confirmadas; faça o commit ou o stash delas primeiro.,Há alterações não confirmadas; faça o commit ou o stash delas primeiro.,Есть незакоммиченные изменения. Сначала закоммитьте или спрячьте их.,存在未提交的更改，请先提交或贮藏。,存在未提交的變更，請先提交或收藏。
manifest,package.nls.json,configuration.reviewPrompt.enabled.description,,,Ask for a marketplace rating after IntelliGit has been used for a while. Disable to never be asked.,VS Code extension manifest string.,,IntelliGit,"Nach einer Weile der Nutzung von IntelliGit nach einer Bewertung im Marketplace fragen. Deaktivieren, um nie gefragt zu werden.",Solicitar una valoración en el marketplace después de usar IntelliGit durante un tiempo. Desactívalo para que no se te pregunte nunca.,Demander une évaluation sur la marketplace après une certaine période d'utilisation d'IntelliGit. Désactivez cette option pour ne jamais être sollicité.,IntelliGit をしばらく使用した後にマーケットプレースでの評価を依頼します。無効にすると確認されません。,IntelliGit을 얼마간 사용한 후 마켓플레이스 평가를 요청합니다. 사용하지 않으면 요청하지 않습니다.,"Poproś o ocenę w witrynie marketplace po pewnym czasie używania IntelliGit. Wyłącz, aby nigdy nie otrzymywać takiej prośby.",Pedir uma avaliação no marketplace depois de usar o IntelliGit por um tempo. Desative para nunca ser solicitado.,Pedir uma avaliação no marketplace depois de utilizar o IntelliGit durante algum tempo. Desative para nunca ser solicitado.,"Запрашивать оценку в маркетплейсе после некоторого времени использования IntelliGit. Отключите, чтобы запрос никогда не появлялся.",在使用 IntelliGit 一段时间后请求应用商店评分。禁用后将不再询问。,在使用 IntelliGit 一段時間後要求市集評分。停用後將不再詢問。
host,l10n/bundle.l10n.json,Enjoying IntelliGit? A quick rating helps others find it.,,,Enjoying IntelliGit? A quick rating helps others find it.,"Extension-host runtime notification, command label, prompt, or status message.",,IntelliGit,"Gefällt Ihnen IntelliGit? Eine kurze Bewertung hilft anderen, es zu finden.",¿Te gusta IntelliGit? Una valoración rápida ayuda a otras personas a descubrirlo.,Vous aimez IntelliGit ? Une évaluation rapide aide les autres à le découvrir.,IntelliGit はお役に立っていますか? 簡単な評価が他のユーザーの発見につながります。,IntelliGit이 마음에 드시나요? 간단한 평가가 다른 사용자에게 도움이 됩니다.,Podoba Ci się IntelliGit? Krótka ocena pomoże innym go znaleźć.,Curtindo o IntelliGit? Uma avaliação rápida ajuda outras pessoas a encontrá-lo.,Está a gostar do IntelliGit? Uma avaliação rápida ajuda outras pessoas a encontrá-lo.,Нравится IntelliGit? Короткая оценка поможет другим его найти.,喜欢 IntelliGit 吗？一个简单的评分能帮助更多人发现它。,喜歡 IntelliGit 嗎？簡單的評分能幫助更多人發現它。
host,l10n/bundle.l10n.json,Rate IntelliGit,,,Rate IntelliGit,"Extension-host runtime notification, command label, prompt, or status message.",,IntelliGit,IntelliGit bewerten,Valorar IntelliGit,Évaluer IntelliGit,IntelliGit を評価,IntelliGit 평가,Oceń IntelliGit,Avaliar o IntelliGit,Avaliar o IntelliGit,Оценить IntelliGit,评价 IntelliGit,評價 IntelliGit
host,l10n/bundle.l10n.json,Later,,,Later,"Extension-host runtime notification, command label, prompt, or status message.",,,Später,Más tarde,Plus tard,後で,나중에,Później,Mais tarde,Mais tarde,Позже,以后,稍後
host,l10n/bundle.l10n.json,Don't ask again,,,Don't ask again,"Extension-host runtime notification, command label, prompt, or status message.",,,Nicht mehr fragen,No volver a preguntar,Ne plus demander,今後は表示しない,다시 묻지 않음,Nie pytaj ponownie,Não perguntar novamente,Não perguntar novamente,Больше не спрашивать,不再询问,不再詢問
manifest,package.nls.json,command.showReviewPrompt,,,Show Review Prompt,VS Code extension manifest string.,,Git; IntelliGit,Review-Aufforderung anzeigen,Mostrar aviso de reseña,Afficher la demande d’évaluation,レビュー プロンプトを表示,리뷰 프롬프트 표시,Pokaż monit o recenzję,Mostrar solicitação de avaliação,Mostrar pedido de avaliação,Показать запрос на отзыв,显示评价提示,顯示評價提示
webview,src/webviews/i18n/en.json,review.card.title,,,Enjoying IntelliGit?,Webview UI string.,,IntelliGit,Gefällt Ihnen IntelliGit?,¿Le gusta IntelliGit?,IntelliGit vous plaît ?,IntelliGit はいかがですか?,IntelliGit이 마음에 드시나요?,Podoba Ci się IntelliGit?,Está gostando do IntelliGit?,Está a gostar do IntelliGit?,Нравится IntelliGit?,喜欢 IntelliGit 吗？,喜歡 IntelliGit 嗎？
webview,src/webviews/i18n/en.json,review.card.subtitle,,,How would you rate it?,Webview UI string.,,,Wie würden Sie es bewerten?,¿Cómo lo valoraría?,Quelle note lui donneriez-vous ?,評価をお聞かせください。,어떻게 평가하시겠어요?,Jak byś to ocenił?,Como você avaliaria?,Como avaliaria?,Как бы вы его оценили?,您会给它打几分？,您會給它幾分？
webview,src/webviews/i18n/en.json,review.card.later,,,Later,Webview UI string.,,,Später,Más tarde,Plus tard,後で,나중에,Później,Mais tarde,Mais tarde,Позже,以后,稍後
webview,src/webviews/i18n/en.json,review.card.never,,,Don't ask again,Webview UI string.,,,Nicht mehr fragen,No volver a preguntar,Ne plus demander,今後は表示しない,다시 묻지 않음,Nie pytaj ponownie,Não perguntar novamente,Não perguntar novamente,Больше не спрашивать,不再询问,不再詢問
webview,src/webviews/i18n/en.json,review.card.notNow,,,Not now,Webview UI string.,,,Jetzt nicht,Ahora no,Pas maintenant,今はしない,지금은 안 함,Nie teraz,Agora não,Agora não,Не сейчас,暂时不用,暫時不用
webview,src/webviews/i18n/en.json,review.card.unhappyTitle,,,Sorry to hear that.,Webview UI string.,,,Das tut uns leid.,Lamentamos oírlo.,Nous en sommes désolés.,申し訳ありません。,불편을 드려 죄송합니다.,Przykro nam to słyszeć.,Lamentamos saber disso.,Lamentamos saber disso.,Сожалеем об этом.,很抱歉。,很抱歉。
webview,src/webviews/i18n/en.json,review.card.unhappyBody,,,Tell us what is missing and we will look at it.,Webview UI string.,,,"Sagen Sie uns, was fehlt, und wir sehen es uns an.",Cuéntenos qué falta y lo revisaremos.,Dites-nous ce qui manque et nous l'examinerons.,不足している点をお知らせください。確認いたします。,부족한 점을 알려 주시면 확인하겠습니다.,"Napisz, czego brakuje, a przyjrzymy się temu.",Conte o que está faltando e vamos analisar.,Diga-nos o que falta e iremos analisar.,"Расскажите, чего не хватает, и мы это рассмотрим.",告诉我们缺少什么，我们会跟进。,告訴我們缺少什麼，我們會跟進。
webview,src/webviews/i18n/en.json,review.card.reportIssue,,,Report an issue,Webview UI string.,,,Problem melden,Informar de un problema,Signaler un problème,問題を報告,문제 보고,Zgłoś problem,Relatar um problema,Comunicar um problema,Сообщить о проблеме,报告问题,回報問題
webview,src/webviews/i18n/en.json,review.card.rateAnyway,,,Or rate it on the marketplace,Webview UI string.,,,Oder im Marketplace bewerten,O valórelo en el marketplace,Ou notez-le sur la marketplace,マーケットプレースで評価する,또는 마켓플레이스에서 평가하기,Albo oceń w portalu marketplace,Ou avalie no marketplace,Ou avalie no marketplace,Или оцените в маркетплейсе,或在应用市场评分,或在市集評分
webview,src/webviews/i18n/en.json,review.card.starLabel,,,Rate {count} out of 5,Webview UI string.,{count},,{count} von 5 bewerten,Valorar {count} de 5,Noter {count} sur 5,5 段階中 {count},5점 만점에 {count}점,Oceń {count} na 5,Avaliar {count} de 5,Avaliar {count} de 5,Оценить на {count} из 5,5 分中的 {count} 分,5 分中的 {count} 分
manifest,package.nls.json,command.resetReviewPrompt,,,Reset Review Prompt State,VS Code extension manifest string.,,,Status der Review-Aufforderung zurücksetzen,Restablecer el estado del aviso de valoración,Réinitialiser l'état de l'invite d'évaluation,レビュー通知の状態をリセット,리뷰 프롬프트 상태 재설정,Zresetuj stan monitu o ocenę,Redefinir o estado do aviso de avaliação,Repor o estado do aviso de avaliação,Сбросить состояние запроса на оценку,重置评价提示状态,重設評價提示狀態
host,l10n/bundle.l10n.json,Reset the IntelliGit rating prompt on this machine?,,,Reset the IntelliGit rating prompt on this machine?,"Extension-host runtime notification, command label, prompt, or status message.",,IntelliGit,Die IntelliGit-Bewertungsaufforderung auf diesem Computer zurücksetzen?,¿Restablecer el aviso de valoración de IntelliGit en este equipo?,Réinitialiser l'invite d'évaluation IntelliGit sur cet ordinateur ?,このコンピューターの IntelliGit 評価通知をリセットしますか?,이 컴퓨터에서 IntelliGit 평가 프롬프트를 재설정하시겠어요?,Zresetować monit o ocenę IntelliGit na tym komputerze?,Redefinir o aviso de avaliação do IntelliGit neste computador?,Repor o aviso de avaliação do IntelliGit neste computador?,Сбросить запрос на оценку IntelliGit на этом компьютере?,要重置此计算机上的 IntelliGit 评价提示吗？,要重設這台電腦上的 IntelliGit 評價提示嗎？
host,l10n/bundle.l10n.json,"This deletes the record of your rating decision and the usage counters behind it. It affects this machine only, and never touches a rating you already published.",,,"This deletes the record of your rating decision and the usage counters behind it. It affects this machine only, and never touches a rating you already published.","Extension-host runtime notification, command label, prompt, or status message.",,,Dadurch werden die Aufzeichnung Ihrer Bewertungsentscheidung und die zugehörigen Nutzungszähler gelöscht. Dies betrifft nur diesen Computer und verändert niemals eine bereits veröffentlichte Bewertung.,Esto elimina el registro de su decisión de valoración y los contadores de uso asociados. Solo afecta a este equipo y nunca modifica una valoración que ya haya publicado.,Cette action supprime l'enregistrement de votre décision d'évaluation et les compteurs d'utilisation associés. Elle ne concerne que cet ordinateur et ne modifie jamais une évaluation déjà publiée.,評価に関する選択の記録と、その基になる使用状況カウンターが削除されます。影響を受けるのはこのコンピューターだけで、公開済みの評価が変更されることはありません。,"평가 결정 기록과 그 기반이 되는 사용 횟수가 삭제됩니다. 이 컴퓨터에만 적용되며, 이미 게시한 평가는 변경되지 않습니다.",Spowoduje to usunięcie zapisu Twojej decyzji o ocenie i powiązanych liczników użycia. Dotyczy tylko tego komputera i nigdy nie zmienia już opublikowanej oceny.,Isso exclui o registro da sua decisão de avaliação e os contadores de uso associados. Afeta apenas este computador e nunca altera uma avaliação já publicada.,Isto elimina o registo da sua decisão de avaliação e os contadores de utilização associados. Afeta apenas este computador e nunca altera uma avaliação já publicada.,Это удалит запись о вашем решении по оценке и связанные счётчики использования. Изменения касаются только этого компьютера и никогда не затрагивают уже опубликованную оценку.,这将删除您的评价决定记录以及相关的使用计数。仅影响此计算机，绝不会改动您已发布的评价。,這將刪除您的評價決定記錄以及相關的使用計數。僅影響這台電腦，絕不會變更您已發佈的評價。
host,l10n/bundle.l10n.json,Reset to a fresh install,,,Reset to a fresh install,"Extension-host runtime notification, command label, prompt, or status message.",,,Auf Neuinstallation zurücksetzen,Restablecer como una instalación nueva,Réinitialiser comme une nouvelle installation,新規インストールの状態に戻す,새로 설치한 상태로 재설정,Zresetuj do stanu nowej instalacji,Redefinir como uma instalação nova,Repor como uma instalação nova,Сбросить до состояния новой установки,重置为全新安装状态,重設為全新安裝狀態
host,l10n/bundle.l10n.json,Reset and arm the next commit,,,Reset and arm the next commit,"Extension-host runtime notification, command label, prompt, or status message.",,,Zurücksetzen und beim nächsten Commit fragen,Restablecer y preguntar en la próxima confirmación,Réinitialiser et demander au prochain commit,リセットして次のコミットで確認する,재설정하고 다음 커밋에서 묻기,Zresetuj i zapytaj przy następnym zatwierdzeniu,Redefinir e perguntar no próximo commit,Repor e perguntar no próximo commit,Сбросить и спросить при следующем коммите,重置并在下次提交时询问,重設並在下次提交時詢問
manifest,package.nls.json,command.showReviewPromptCard,,,Show Review Prompt Card,VS Code extension manifest string.,,,Bewertungskarte anzeigen,Mostrar la tarjeta de valoración,Afficher la carte d'évaluation,評価カードを表示,평가 카드 표시,Pokaż kartę oceny,Mostrar o cartão de avaliação,Mostrar o cartão de avaliação,Показать карточку оценки,显示评价卡片,顯示評價卡片
host,l10n/bundle.l10n.json,"Open the IntelliGit graph in the bottom panel — the rating card renders there, not in the sidebar Graph view.",,,"Open the IntelliGit graph in the bottom panel — the rating card renders there, not in the sidebar Graph view.","Extension-host runtime notification, command label, prompt, or status message.",,IntelliGit,"Öffnen Sie den IntelliGit-Graphen im unteren Bereich — die Bewertungskarte wird dort angezeigt, nicht in der Seitenleistenansicht „Graph“.","Abra el gráfico de IntelliGit en el panel inferior: la tarjeta de valoración se muestra ahí, no en la vista Gráfico de la barra lateral.","Ouvrez le graphe IntelliGit dans le panneau inférieur : la carte d'évaluation s'affiche là, et non dans la vue Graphe de la barre latérale.",下部パネルで IntelliGit のグラフを開いてください。評価カードはサイドバーのグラフ ビューではなく、そちらに表示されます。,아래쪽 패널에서 IntelliGit 그래프를 여세요. 평가 카드는 사이드바의 그래프 뷰가 아니라 그곳에 표시됩니다.,"Otwórz graf IntelliGit w dolnym panelu — karta oceny wyświetla się tam, a nie w widoku Graf na pasku bocznym.","Abra o gráfico do IntelliGit no painel inferior — o cartão de avaliação aparece ali, não na exibição Gráfico da barra lateral.","Abra o gráfico do IntelliGit no painel inferior — o cartão de avaliação aparece ali, não na vista Gráfico da barra lateral.","Откройте граф IntelliGit на нижней панели — карточка оценки отображается там, а не в представлении «Граф» на боковой панели.",请在底部面板中打开 IntelliGit 图谱，评价卡片显示在那里，而不是侧边栏的“图谱”视图中。,請在底部面板中開啟 IntelliGit 圖譜，評價卡片顯示在那裡，而不是側邊欄的「圖譜」檢視中。
host,l10n/bundle.l10n.json,Resolve shelf conflict,,,Resolve shelf conflict,"Extension-host runtime notification, command label, prompt, or status message.",,,Ablagekonflikt lösen,Resolver conflicto del estante,Résoudre le conflit d'étagère,シェルフの競合を解決,셸프 충돌 해결,Rozwiąż konflikt półki,Resolver conflito da prateleira,Resolver conflito da prateleira,Разрешить конфликт полки,解决搁置冲突,解決擱置衝突
host,l10n/bundle.l10n.json,Resolve shelf conflict: {file},,,Resolve shelf conflict: {file},"Extension-host runtime notification, command label, prompt, or status message.",{file},,Ablagekonflikt lösen: {file},Resolver conflicto del estante: {file},Résoudre le conflit d'étagère : {file},シェルフの競合を解決: {file},셸프 충돌 해결: {file},Rozwiąż konflikt półki: {file},Resolver conflito da prateleira: {file},Resolver conflito da prateleira: {file},Разрешить конфликт полки: {file},解决搁置冲突：{file},解決擱置衝突：{file}
host,l10n/bundle.l10n.json,The shelf conflict changed while this editor was open.,,,The shelf conflict changed while this editor was open.,"Extension-host runtime notification, command label, prompt, or status message.",,,"Der Ablagekonflikt hat sich geändert, während dieser Editor geöffnet war.",El conflicto del estante cambió mientras este editor estaba abierto.,Le conflit d'étagère a changé pendant que cet éditeur était ouvert.,このエディターを開いている間にシェルフの競合が変更されました。,이 편집기가 열려 있는 동안 셸프 충돌이 변경되었습니다.,"Konflikt półki zmienił się, gdy ten edytor był otwarty.",O conflito da prateleira mudou enquanto este editor estava aberto.,O conflito da prateleira mudou enquanto este editor estava aberto.,"Конфликт полки изменился, пока этот редактор был открыт.",此编辑器打开期间，搁置冲突已发生变化。,此編輯器開啟期間，擱置衝突已發生變化。
host,l10n/bundle.l10n.json,Keep working tree,,,Keep working tree,"Extension-host runtime notification, command label, prompt, or status message.",,,Arbeitsverzeichnis behalten,Mantener el árbol de trabajo,Conserver l'arbre de travail,ワーキングツリーを保持,작업 트리 유지,Zachowaj drzewo robocze,Manter a árvore de trabalho,Manter a árvore de trabalho,Сохранить рабочее дерево,保留工作树,保留工作樹
host,l10n/bundle.l10n.json,Overwrite (previous content saved to recovery),,,Overwrite (previous content saved to recovery),"Extension-host runtime notification, command label, prompt, or status message.",,,Überschreiben (vorheriger Inhalt in Wiederherstellung gespeichert),Sobrescribir (el contenido anterior se guardó en recuperación),Écraser (contenu précédent enregistré dans la récupération),上書き（以前の内容はリカバリーに保存されます）,덮어쓰기(이전 내용은 복구에 저장됨),Nadpisz (poprzednia zawartość zapisana w odzyskiwaniu),Substituir (conteúdo anterior salvo na recuperação),Substituir (conteúdo anterior guardado na recuperação),Перезаписать (предыдущее содержимое сохранено в восстановлении),覆盖（先前内容已保存到恢复）,覆寫（先前內容已儲存到復原）
webview,src/webviews/i18n/en.json,branch.tracking.incoming.one,one,de es fr pl pt-br pt-pt ru,{count} incoming commit,Webview UI string.,{count},,{count} eingehender Commit,{count} commit entrante,{count} commit entrant,,,{count} przychodzący commit,{count} commit recebido,{count} commit recebido,{count} входящий коммит,,
webview,src/webviews/i18n/en.json,branch.tracking.incoming.other,other,de es fr ja ko pl pt-br pt-pt ru zh-cn zh-tw,{count} incoming commits,Webview UI string.,{count},,{count} eingehende Commits,{count} commits entrantes,{count} commits entrants,受信コミット {count} 件,수신 커밋 {count}개,{count} przychodzących commitów,{count} commits recebidos,{count} commits recebidos,{count} входящего коммита,{count} 个传入提交,{count} 個傳入提交
webview,src/webviews/i18n/en.json,branch.tracking.outgoing.one,one,de es fr pl pt-br pt-pt ru,{count} outgoing commit,Webview UI string.,{count},,{count} ausgehender Commit,{count} commit saliente,{count} commit sortant,,,{count} wychodzący commit,{count} commit enviado,{count} commit enviado,{count} исходящий коммит,,
webview,src/webviews/i18n/en.json,branch.tracking.outgoing.other,other,de es fr ja ko pl pt-br pt-pt ru zh-cn zh-tw,{count} outgoing commits,Webview UI string.,{count},,{count} ausgehende Commits,{count} commits salientes,{count} commits sortants,送信コミット {count} 件,발신 커밋 {count}개,{count} wychodzących commitów,{count} commits enviados,{count} commits enviados,{count} исходящего коммита,{count} 个传出提交,{count} 個傳出提交
webview,src/webviews/i18n/en.json,branch.tracking.combined,,,{incoming} and {outgoing},Webview UI string.,{incoming} {outgoing},,{incoming} und {outgoing},{incoming} y {outgoing},{incoming} et {outgoing},{incoming}、{outgoing},"{incoming}, {outgoing}",{incoming} i {outgoing},{incoming} e {outgoing},{incoming} e {outgoing},{incoming} и {outgoing},{incoming}，{outgoing},{incoming}，{outgoing}
manifest,package.nls.json,command.commitChecksRefreshBadges,,,Refresh Commit Check Badges,VS Code extension manifest string.,,Commit,Commit-Prüfungsabzeichen aktualisieren,Actualizar insignias de comprobaciones de commits,Actualiser les badges de vérifications de commits,コミットチェックバッジを更新,커밋 검사 배지 새로 고침,Odśwież odznaki sprawdzeń commitów,Atualizar selos de verificações de commit,Atualizar selos de verificações de commit,Обновить значки проверок коммитов,刷新提交检查徽章,重新整理提交檢查徽章
host,l10n/bundle.l10n.json,Manage the GitHub sign-in from the VS Code Accounts menu.,,,Manage the GitHub sign-in from the VS Code Accounts menu.,"Extension-host runtime notification, command label, prompt, or status message.",,VS Code; GitHub,GitHub-Anmeldung über das Konten-Menü von VS Code verwalten.,Administre el inicio de sesión de GitHub desde el menú Cuentas de VS Code.,Gérez la connexion GitHub depuis le menu Comptes de VS Code.,GitHub のサインインは VS Code のアカウントメニューから管理してください。,GitHub 로그인은 VS Code 계정 메뉴에서 관리하세요.,Zarządzaj logowaniem do GitHub w menu Konta w VS Code.,Gerencie o login do GitHub pelo menu Contas do VS Code.,Faça a gestão do início de sessão do GitHub no menu Contas do VS Code.,Управляйте входом в GitHub через меню Учетные записи в VS Code.,请在 VS Code 的帐户菜单中管理 GitHub 登录。,請在 VS Code 的帳戶功能表中管理 GitHub 登入。
manifest,package.nls.json,command.openRepository,,,Open Repository,VS Code extension manifest string.,,,Repository öffnen,Abrir repositorio,Ouvrir le dépôt,リポジトリを開く,저장소 열기,Otwórz repozytorium,Abrir Repositório,Abrir Repositório,Открыть репозиторий,打开存储库,開啟儲存庫
host,l10n/bundle.l10n.json,Could not determine a web page for remote '{0}'.,,,Could not determine a web page for remote '{0}'.,"Extension-host runtime notification, command label, prompt, or status message.",{0},remote,Für das Remote '{0}' konnte keine Webseite ermittelt werden.,No se pudo determinar una página web para el remoto '{0}'.,Impossible de déterminer une page web pour le distant '{0}'.,リモート '{0}' の Web ページを特定できませんでした。,원격 '{0}'의 웹 페이지를 확인할 수 없습니다.,Nie można ustalić strony internetowej dla zdalnego repozytorium '{0}'.,Não foi possível determinar uma página web para o remoto '{0}'.,Não foi possível determinar uma página web para o remoto '{0}'.,Не удалось определить веб-страницу для удалённого репозитория «{0}».,无法确定远程仓库“{0}”的网页。,無法確定遠端儲存庫「{0}」的網頁。
host,l10n/bundle.l10n.json,This repository has no remote to open in a browser.,,,This repository has no remote to open in a browser.,"Extension-host runtime notification, command label, prompt, or status message.",,remote,"Dieses Repository hat kein Remote, das im Browser geöffnet werden kann.",Este repositorio no tiene un remoto que abrir en el navegador.,Ce dépôt n'a aucun distant à ouvrir dans le navigateur.,このリポジトリには、ブラウザーで開けるリモートがありません。,이 저장소에는 브라우저에서 열 수 있는 원격이 없습니다.,To repozytorium nie ma zdalnego repozytorium do otwarcia w przeglądarce.,Este repositório não tem um remoto para abrir no navegador.,Este repositório não tem um remoto para abrir no navegador.,"В этом репозитории нет удалённого репозитория, который можно открыть в браузере.",此存储库没有可在浏览器中打开的远程仓库。,此儲存庫沒有可在瀏覽器中開啟的遠端儲存庫。
webview,src/webviews/i18n/en.json,common.openRepository,,,Open Repository,Webview UI string.,,,Repository öffnen,Abrir repositorio,Ouvrir le dépôt,リポジトリを開く,저장소 열기,Otwórz repozytorium,Abrir Repositório,Abrir Repositório,Открыть репозиторий,打开存储库,開啟儲存庫
manifest,package.nls.json,configuration.commitCheckState.enum.allChecked,,,Check initial and newly discovered files by default in the Commit panel.,VS Code extension manifest string.,,Commit,Anfängliche und neu erkannte Dateien im Commit-Panel standardmäßig aktivieren.,Marcar de forma predeterminada los archivos iniciales y los nuevos detectados en el panel de confirmación.,Cochez par défaut les fichiers initiaux et nouvellement détectés dans le panneau de commit.,コミット パネルで、初期ファイルと新しく検出されたファイルをデフォルトでチェックします。,커밋 패널에서 초기 파일과 새로 발견된 파일을 기본적으로 선택합니다.,Domyślnie zaznacz początkowe i nowo wykryte pliki w panelu zatwierdzania.,Marque por padrão os arquivos iniciais e recém-detectados no painel de commits.,Selecione por predefinição os ficheiros iniciais e recém-detetados no painel de commits.,По умолчанию отмечать исходные и вновь обнаруженные файлы на панели коммитов.,默认选中提交面板中的初始文件和新发现的文件。,預設勾選提交面板中的初始檔案和新發現的檔案。
manifest,package.nls.json,configuration.commitCheckState.enum.noneChecked,,,Leave initial and newly discovered files unchecked by default in the Commit panel (default).,VS Code extension manifest string.,,Commit,Anfängliche und neu erkannte Dateien im Commit-Panel standardmäßig deaktiviert lassen (Standard).,Dejar desmarcados de forma predeterminada los archivos iniciales y los nuevos detectados en el panel de confirmación (valor predeterminado).,Laissez par défaut les fichiers initiaux et nouvellement détectés décochés dans le panneau de commit (par défaut).,コミット パネルで、初期ファイルと新しく検出されたファイルをデフォルトで未チェックのままにします（デフォルト）。,커밋 패널에서 초기 파일과 새로 발견된 파일을 기본적으로 선택하지 않습니다(기본값).,Domyślnie pozostaw początkowe i nowo wykryte pliki niezaznaczone w panelu zatwierdzania (domyślnie).,Deixe por padrão os arquivos iniciais e recém-detectados desmarcados no painel de commits (padrão).,Deixe por predefinição os ficheiros iniciais e recém-detetados desmarcados no painel de commits (predefinição).,По умолчанию оставлять исходные и вновь обнаруженные файлы на панели коммитов неотмеченными (по умолчанию).,默认不选中提交面板中的初始文件和新发现的文件（默认值）。,預設不勾選提交面板中的初始檔案和新發現的檔案（預設值）。
manifest,package.nls.json,configuration.commitCheckState.enum.preserveSelection,,,Restore the previous checked-file selection for each repository; newly discovered files remain unchecked.,VS Code extension manifest string.,,,Die vorherige Auswahl aktivierter Dateien für jedes Repository wiederherstellen; neu erkannte Dateien bleiben deaktiviert.,Restaurar la selección anterior de archivos marcados para cada repositorio; los archivos nuevos detectados permanecen desmarcados.,Restaurez la sélection précédente des fichiers cochés pour chaque dépôt ; les fichiers nouvellement détectés restent décochés.,リポジトリごとに以前のチェック済みファイルの選択を復元します。新しく検出されたファイルは未チェックのままです。,각 저장소의 이전 선택 파일을 복원합니다. 새로 발견된 파일은 선택하지 않은 상태로 유지됩니다.,Przywróć poprzedni wybór zaznaczonych plików dla każdego repozytorium; nowo wykryte pliki pozostaną niezaznaczone.,Restaure a seleção anterior de arquivos marcados para cada repositório; os arquivos recém-detectados permanecem desmarcados.,Restaure a seleção anterior de ficheiros selecionados para cada repositório; os ficheiros recém-detetados permanecem desmarcados.,Восстанавливать предыдущий выбор отмеченных файлов для каждого репозитория; вновь обнаруженные файлы остаются неотмеченными.,恢复每个存储库之前选中的文件；新发现的文件保持未选中状态。,還原每個儲存庫先前勾選的檔案；新發現的檔案保持未勾選狀態。
manifest,package.nls.json,configuration.commitCheckState.markdownDescription,,,"Controls how files are checked when the Commit panel loads or discovers new paths. `allChecked` checks initial and new files, `noneChecked` leaves them unchecked (default), and `preserveSelection` restores each repository's previous selection while leaving new files unchecked. Explicit choices are preserved during refresh. Changes take effect after a window reload.",VS Code extension manifest string.,,Commit,"Steuert, wie Dateien aktiviert werden, wenn das Commit-Panel geladen wird oder neue Pfade erkennt. `allChecked` aktiviert anfängliche und neue Dateien, `noneChecked` lässt sie deaktiviert (Standard), und `preserveSelection` stellt die vorherige Auswahl jedes Repositorys wieder her, während neue Dateien deaktiviert bleiben. Explizite Auswahlen bleiben bei Aktualisierungen erhalten. Änderungen werden nach dem erneuten Laden des Fensters wirksam.","Controla cómo se marcan los archivos cuando el panel de confirmación se carga o detecta nuevas rutas. `allChecked` marca los archivos iniciales y nuevos, `noneChecked` los deja desmarcados (valor predeterminado) y `preserveSelection` restaura la selección anterior de cada repositorio mientras deja desmarcados los archivos nuevos. Las elecciones explícitas se conservan durante la actualización. Los cambios surten efecto después de volver a cargar la ventana.","Contrôle la façon dont les fichiers sont cochés lorsque le panneau de commit se charge ou détecte de nouveaux chemins. `allChecked` coche les fichiers initiaux et nouveaux, `noneChecked` les laisse décochés (par défaut) et `preserveSelection` restaure la sélection précédente de chaque dépôt tout en laissant les nouveaux fichiers décochés. Les choix explicites sont conservés lors de l’actualisation. Les modifications prennent effet après le rechargement de la fenêtre.",コミット パネルの読み込み時または新しいパスの検出時に、ファイルをチェックする方法を制御します。`allChecked` は初期ファイルと新しいファイルをチェックし、`noneChecked` は未チェックのままにし（デフォルト）、`preserveSelection` は各リポジトリの以前の選択を復元しながら新しいファイルを未チェックのままにします。明示的な選択は更新中も保持されます。変更はウィンドウの再読み込み後に有効になります。,"커밋 패널을 로드하거나 새 경로를 발견할 때 파일을 선택하는 방식을 제어합니다. `allChecked`는 초기 파일과 새 파일을 선택하고, `noneChecked`는 선택하지 않은 상태로 두며(기본값), `preserveSelection`은 각 저장소의 이전 선택을 복원하면서 새 파일은 선택하지 않은 상태로 둡니다. 명시적으로 선택한 항목은 새로 고치는 동안 유지됩니다. 변경 사항은 창을 다시 로드한 후 적용됩니다.","Określa sposób zaznaczania plików podczas ładowania panelu zatwierdzania lub wykrywania nowych ścieżek. `allChecked` zaznacza pliki początkowe i nowe, `noneChecked` pozostawia je niezaznaczone (domyślnie), a `preserveSelection` przywraca poprzedni wybór dla każdego repozytorium, pozostawiając nowe pliki niezaznaczone. Jawne wybory są zachowywane podczas odświeżania. Zmiany zaczynają obowiązywać po ponownym załadowaniu okna.","Controla como os arquivos são marcados quando o painel de commits é carregado ou detecta novos caminhos. `allChecked` marca os arquivos iniciais e novos, `noneChecked` os deixa desmarcados (padrão) e `preserveSelection` restaura a seleção anterior de cada repositório enquanto deixa os novos arquivos desmarcados. As escolhas explícitas são preservadas durante a atualização. As alterações entram em vigor depois que a janela é recarregada.","Controla como os ficheiros são selecionados quando o painel de commits é carregado ou deteta novos caminhos. `allChecked` seleciona os ficheiros iniciais e novos, `noneChecked` deixa-os desmarcados (predefinição) e `preserveSelection` restaura a seleção anterior de cada repositório enquanto deixa os novos ficheiros desmarcados. As escolhas explícitas são preservadas durante a atualização. As alterações entram em vigor depois de recarregar a janela.","Определяет, как отмечаются файлы при загрузке панели коммитов или обнаружении новых путей. `allChecked` отмечает исходные и новые файлы, `noneChecked` оставляет их неотмеченными (по умолчанию), а `preserveSelection` восстанавливает предыдущий выбор для каждого репозитория, оставляя новые файлы неотмеченными. Явно заданный выбор сохраняется при обновлении. Изменения вступают в силу после перезагрузки окна.",控制提交面板加载或发现新路径时如何选中文件。`allChecked` 选中初始文件和新文件，`noneChecked` 不选中这些文件（默认值），`preserveSelection` 恢复每个存储库之前的选择，同时不选中新文件。显式选择会在刷新时保留。更改在重新加载窗口后生效。,控制提交面板載入或發現新路徑時如何勾選檔案。`allChecked` 勾選初始檔案和新檔案，`noneChecked` 不勾選這些檔案（預設值），`preserveSelection` 還原每個儲存庫先前的選擇，同時不勾選新檔案。明確選擇會在重新整理時保留。變更會在重新載入視窗後生效。
host,l10n/bundle.l10n.json,Diff: {file},,,Diff: {file},"Extension-host runtime notification, command label, prompt, or status message.",{file},,Diff: {file},Diff: {file},Diff : {file},差分: {file},차이: {file},Diff: {file},Diff: {file},Diff: {file},Сравнение: {file},差异：{file},差異：{file}
webview,src/webviews/i18n/en.json,diff.newlineDifference,,,Files differ only by newline formatting,Webview UI string.,,,Dateien unterscheiden sich nur durch die Zeilenumbruchformatierung,Los archivos solo difieren en el formato de salto de línea,Les fichiers diffèrent uniquement par le format des sauts de ligne,ファイルは改行形式のみ異なります,파일은 줄 바꿈 형식만 다릅니다,Pliki różnią się tylko formatem znaków końca linii,Os arquivos diferem apenas na formatação de quebras de linha,Os ficheiros diferem apenas na formatação das quebras de linha,Файлы различаются только форматом перевода строк,文件仅换行格式不同,檔案僅換行格式不同
webview,src/webviews/i18n/en.json,diff.error.load,,,Failed to load diff: {error},Webview UI string.,{error},,Diff konnte nicht geladen werden: {error},No se pudo cargar el diff: {error},Échec du chargement du diff : {error},差分の読み込みに失敗しました: {error},차이점을 로드하지 못했습니다: {error},Nie udało się załadować różnic: {error},Falha ao carregar o diff: {error},Falha ao carregar o diff: {error},Не удалось загрузить сравнение: {error},无法加载差异：{error},無法載入差異：{error}
webview,src/webviews/i18n/en.json,diff.loading,,,Loading diff…,Webview UI string.,,,Diff wird geladen…,Cargando diff…,Chargement du diff…,差分を読み込み中…,차이점 로드 중…,Ładowanie różnic…,Carregando diff…,A carregar o diff…,Загрузка сравнения…,正在加载差异…,正在載入差異…
host,l10n/bundle.l10n.json,{path} (HEAD ↔ Working Tree),,,{path} (HEAD ↔ Working Tree),"Extension-host runtime notification, command label, prompt, or status message.",{path},HEAD,{path} (HEAD ↔ Arbeitsverzeichnis),{path} (HEAD ↔ Árbol de trabajo),{path} (HEAD ↔ Arbre de travail),{path}（HEAD ↔ ワーキングツリー）,{path} (HEAD ↔ 작업 트리),{path} (HEAD ↔ Drzewo robocze),{path} (HEAD ↔ Árvore de trabalho),{path} (HEAD ↔ Árvore de trabalho),{path} (HEAD ↔ Рабочее дерево),{path}（HEAD ↔ 工作树）,{path}（HEAD ↔ 工作樹）
webview,src/webviews/i18n/en.json,diff.editable.blockHint,,,Click to edit,Webview UI string.,,,Klicken Sie zum Bearbeiten,Haga clic para editar,Cliquez pour modifier,クリックして編集,클릭하여 편집,"Kliknij, aby edytować",Clique para editar,Clique para editar,"Щелкните, чтобы изменить",单击以编辑,按一下即可編輯
webview,src/webviews/i18n/en.json,diff.editable.editingAria,,,Edit working tree block,Webview UI string.,,,Arbeitsbereichsblock bearbeiten,Editar bloque del árbol de trabajo,Modifier le bloc de l’arborescence de travail,作業ツリーのブロックを編集,작업 트리 블록 편집,Edytuj blok drzewa roboczego,Editar bloco da árvore de trabalho,Editar bloco da árvore de trabalho,Изменить блок рабочего дерева,编辑工作树块,編輯工作樹區塊
webview,src/webviews/i18n/en.json,diff.editable.revertHunk,,,Revert this change,Webview UI string.,,,Diese Änderung rückgängig machen,Revertir este cambio,Annuler cette modification,この変更を元に戻す,이 변경 내용 되돌리기,Cofnij tę zmianę,Reverter esta alteração,Reverter esta alteração,Отменить это изменение,撤销此更改,復原這項變更
webview,src/webviews/i18n/en.json,diff.readOnly.pane,,,This side is read only,Webview UI string.,,,Diese Seite ist schreibgeschützt,Este lado es de solo lectura,Ce côté est en lecture seule,この側は読み取り専用です,이쪽은 읽기 전용입니다,Ta strona jest tylko do odczytu,Este lado é somente leitura,Este lado é só de leitura,Эта сторона доступна только для чтения,此侧为只读,此側為唯讀
webview,src/webviews/i18n/en.json,diff.toolbar.prevChange.title,,,Previous change (Alt+↑),Webview UI string.,,,Vorherige Änderung (Alt+↑),Cambio anterior (Alt+↑),Modification précédente (Alt+↑),前の変更 (Alt+↑),이전 변경 사항 (Alt+↑),Poprzednia zmiana (Alt+↑),Alteração anterior (Alt+↑),Alteração anterior (Alt+↑),Предыдущее изменение (Alt+↑),上一处更改 (Alt+↑),上一處變更 (Alt+↑)
webview,src/webviews/i18n/en.json,diff.toolbar.prevChange.label,,,Previous change,Webview UI string.,,,Vorherige Änderung,Cambio anterior,Modification précédente,前の変更,이전 변경 사항,Poprzednia zmiana,Alteração anterior,Alteração anterior,Предыдущее изменение,上一处更改,上一處變更
webview,src/webviews/i18n/en.json,diff.toolbar.nextChange.title,,,Next change (Alt+↓),Webview UI string.,,,Nächste Änderung (Alt+↓),Cambio siguiente (Alt+↓),Modification suivante (Alt+↓),次の変更 (Alt+↓),다음 변경 사항 (Alt+↓),Następna zmiana (Alt+↓),Próxima alteração (Alt+↓),Alteração seguinte (Alt+↓),Следующее изменение (Alt+↓),下一处更改 (Alt+↓),下一處變更 (Alt+↓)
webview,src/webviews/i18n/en.json,diff.toolbar.nextChange.label,,,Next change,Webview UI string.,,,Nächste Änderung,Cambio siguiente,Modification suivante,次の変更,다음 변경 사항,Następna zmiana,Próxima alteração,Alteração seguinte,Следующее изменение,下一处更改,下一處變更
manifest,package.nls.json,command.diffShowInIntelliGit,,,Show Diff in IntelliGit,VS Code extension manifest string.,,IntelliGit,Diff in IntelliGit anzeigen,Mostrar diferencia en IntelliGit,Afficher la différence dans IntelliGit,IntelliGit で差分を表示,IntelliGit에서 차이점 표시,Pokaż różnice w IntelliGit,Mostrar diferença no IntelliGit,Mostrar diferença no IntelliGit,Показать различия в IntelliGit,在 IntelliGit 中显示差异,在 IntelliGit 中顯示差異
manifest,package.nls.json,command.diffShowInVsCode,,,Show Diff in VS Code,VS Code extension manifest string.,,VS Code,Diff in VS Code anzeigen,Mostrar diferencia en VS Code,Afficher la différence dans VS Code,VS Code で差分を表示,VS Code에서 차이점 표시,Pokaż różnice w VS Code,Mostrar diferença no VS Code,Mostrar diferença no VS Code,Показать различия в VS Code,在 VS Code 中显示差异,在 VS Code 中顯示差異
webview,src/webviews/i18n/en.json,commitPanel.staged,,,Staged,Webview UI string.,,,Gestagt,Preparado,Indexé,ステージ済み,스테이징됨,W indeksie,Preparado,Preparado,Подготовлено,已暂存,已暫存
webview,src/webviews/i18n/en.json,commitPanel.unstaged,,,Unstaged,Webview UI string.,,,Nicht gestagt,No preparado,Non indexé,未ステージ,스테이징 안 됨,Poza indeksem,Não preparado,Não preparado,Не подготовлено,未暂存,未暫存
webview,src/webviews/i18n/en.json,shelf.list.empty.hint,,,Shelve changes to set them aside without committing.,Webview UI string.,,,Legen Sie Änderungen ab um sie ohne Commit beiseitezulegen.,Ponga cambios en un estante para apartarlos sin confirmar.,Mettez des modifications sur une étagère pour les écarter sans les valider.,変更をシェルフに置くとコミットせずに脇に置いておけます。,변경 사항을 셸프에 두면 커밋하지 않고 따로 보관할 수 있습니다.,Odłóż zmiany na półkę aby odsunąć je bez zatwierdzania.,Coloque alterações na prateleira para deixá-las de lado sem confirmar.,Coloque alterações na prateleira para as pôr de lado sem confirmar.,Отложите изменения на полку чтобы убрать их без коммита.,将更改搁置可在不提交的情况下把它们放到一边。,將變更擱置可在不提交的情況下把它們放到一邊。
webview,src/webviews/i18n/en.json,commitPanel.noChanges.hint,,,Edit a file in the workspace and it will appear here.,Webview UI string.,,,Bearbeiten Sie eine Datei im Arbeitsbereich und sie erscheint hier.,Edite un archivo del espacio de trabajo y aparecerá aquí.,Modifiez un fichier de l'espace de travail et il apparaîtra ici.,ワークスペースのファイルを編集するとここに表示されます。,워크스페이스의 파일을 편집하면 여기에 표시됩니다.,Edytuj plik w obszarze roboczym i pojawi się tutaj.,Edite um arquivo no espaço de trabalho e ele aparecerá aqui.,Edite um ficheiro na área de trabalho e ele aparecerá aqui.,Измените файл в рабочей области и он появится здесь.,编辑工作区中的文件后，它会显示在这里。,編輯工作區中的檔案後，它會顯示在這裡。
webview,src/webviews/i18n/en.json,stash.empty.hint,,,Stash saves uncommitted work so you can switch branches cleanly.,Webview UI string.,,,Ein Stash sichert nicht committete Arbeit und erlaubt einen sauberen Branch-Wechsel.,El stash guarda el trabajo sin confirmar para que pueda cambiar de rama sin problemas.,Le remisage conserve le travail non validé pour changer de branche proprement.,スタッシュは未コミットの作業を保存し、ブランチをきれいに切り替えられるようにします。,스태시는 커밋되지 않은 작업을 저장해 브랜치를 깔끔하게 전환할 수 있게 합니다.,Schowanie zapisuje niezatwierdzoną pracę i pozwala bezpiecznie przełączyć gałąź.,O stash guarda o trabalho não confirmado para você trocar de branch sem conflitos.,O stash guarda o trabalho não confirmado para poder mudar de branch sem conflitos.,Прятание изменений сохраняет незакоммиченную работу и позволяет спокойно переключить ветку.,储藏会保存未提交的工作，让你可以干净地切换分支。,儲藏會保存未提交的工作，讓你可以乾淨地切換分支。
webview,src/webviews/i18n/en.json,commit.message.label,,,Commit Message,Webview UI string.,,Commit,Commit-Nachricht,Mensaje de confirmación,Message de validation,コミットメッセージ,커밋 메시지,Komunikat commita,Mensagem de commit,Mensagem de commit,Сообщение коммита,提交信息,提交訊息
manifest,package.nls.json,configuration.timeFormat.enum.12h,,,12-hour clock with AM/PM (default).,VS Code extension manifest string.,,,12-Stunden-Uhr mit AM/PM (Standard).,Reloj de 12 horas con AM/PM (predeterminado).,Horloge sur 12 heures avec AM/PM (par défaut).,AM/PM 付きの 12 時間表記（既定）。,AM/PM이 있는 12시간제(기본값).,Zegar 12-godzinny z AM/PM (domyślnie).,Relógio de 12 horas com AM/PM (padrão).,Relógio de 12 horas com AM/PM (predefinição).,12-часовой формат с AM/PM (по умолчанию).,带 AM/PM 的 12 小时制（默认）。,含 AM/PM 的 12 小時制（預設）。
manifest,package.nls.json,configuration.timeFormat.enum.24h,,,24-hour clock.,VS Code extension manifest string.,,,24-Stunden-Uhr.,Reloj de 24 horas.,Horloge sur 24 heures.,24 時間表記。,24시간제.,Zegar 24-godzinny.,Relógio de 24 horas.,Relógio de 24 horas.,24-часовой формат.,24 小时制。,24 小時制。
manifest,package.nls.json,configuration.timeFormat.markdownDescription,,,"Clock format for commit dates in the IntelliGit commit list and details. `12h` shows a 12-hour clock with AM/PM (default), `24h` shows a 24-hour clock. Changes take effect after a window reload.",VS Code extension manifest string.,,IntelliGit,"Uhrzeitformat für Commit-Daten in der IntelliGit-Commit-Liste und den Details. `12h` zeigt eine 12-Stunden-Uhr mit AM/PM (Standard), `24h` eine 24-Stunden-Uhr. Änderungen werden nach einem Neuladen des Fensters wirksam.","Formato de hora para las fechas de commit en la lista de commits y los detalles de IntelliGit. `12h` muestra un reloj de 12 horas con AM/PM (predeterminado), `24h` muestra un reloj de 24 horas. Los cambios se aplican tras recargar la ventana.","Format d'heure des dates de commit dans la liste et les détails de commit IntelliGit. `12h` affiche une horloge sur 12 heures avec AM/PM (par défaut), `24h` une horloge sur 24 heures. Les modifications prennent effet après le rechargement de la fenêtre.",IntelliGit のコミット一覧と詳細に表示するコミット日時の時刻形式。`12h` は AM/PM 付きの 12 時間表記（既定）、`24h` は 24 時間表記です。変更はウィンドウの再読み込み後に有効になります。,"IntelliGit 커밋 목록과 상세 정보에 표시되는 커밋 날짜의 시간 형식입니다. `12h`는 AM/PM이 있는 12시간제(기본값), `24h`는 24시간제를 표시합니다. 변경 사항은 창을 다시 로드한 후 적용됩니다.","Format godziny dat commitów na liście commitów i w szczegółach IntelliGit. `12h` pokazuje zegar 12-godzinny z AM/PM (domyślnie), `24h` zegar 24-godzinny. Zmiany zaczną obowiązywać po ponownym załadowaniu okna.","Formato de hora das datas de commit na lista de commits e nos detalhes do IntelliGit. `12h` mostra um relógio de 12 horas com AM/PM (padrão), `24h` mostra um relógio de 24 horas. As alterações entram em vigor após recarregar a janela.","Formato da hora das datas de commit na lista de commits e nos detalhes do IntelliGit. `12h` mostra um relógio de 12 horas com AM/PM (predefinição), `24h` mostra um relógio de 24 horas. As alterações entram em vigor depois de recarregar a janela.","Формат времени для дат коммитов в списке коммитов и сведениях IntelliGit. `12h` показывает 12-часовой формат с AM/PM (по умолчанию), `24h` показывает 24-часовой формат. Изменения вступают в силу после перезагрузки окна.",IntelliGit 提交列表和提交详情中提交日期的时间格式。`12h` 显示带 AM/PM 的 12 小时制（默认），`24h` 显示 24 小时制。更改在重新加载窗口后生效。,IntelliGit 認可清單與認可詳細資料中認可日期的時間格式。`12h` 顯示含 AM/PM 的 12 小時制（預設），`24h` 顯示 24 小時制。變更會在重新載入視窗後生效。
webview,src/webviews/i18n/en.json,a11y.resizeColumn,,,Resize {column} column,Webview UI string.,{column},,Größe der Spalte {column} ändern,Cambiar el tamaño de la columna {column},Redimensionner la colonne {column},{column}列のサイズを変更,{column} 열 크기 조정,Zmień rozmiar kolumny {column},Redimensionar a coluna {column},Redimensionar a coluna {column},Изменить размер столбца {column},调整{column}列大小,調整{column}資料行大小
host,l10n/bundle.l10n.json,Force push rewrites the remote branch history. Continue?,,,Force push rewrites the remote branch history. Continue?,"Extension-host runtime notification, command label, prompt, or status message.",,remote,Ein Force-Push schreibt die Historie des Remote-Branches neu. Fortfahren?,El envío forzado reescribe el historial de la rama remota. ¿Continuar?,Une poussée forcée réécrit l'historique de la branche distante. Continuer ?,強制プッシュはリモートブランチの履歴を書き換えます。続行しますか?,강제 푸시는 원격 브랜치 기록을 다시 씁니다. 계속할까요?,Wymuszone wypchnięcie nadpisuje historię gałęzi zdalnej. Kontynuować?,O envio forçado reescreve o histórico do branch remoto. Continuar?,O envio forçado reescreve o histórico do ramo remoto. Continuar?,Принудительная отправка перезапишет историю удалённой ветки. Продолжить?,强制推送会重写远程分支的历史记录。是否继续？,強制推送會重寫遠端分支的歷史記錄。是否繼續？
webview,src/webviews/i18n/en.json,commit.action.forcePush,,,Force Push…,Webview UI string.,,Push,Force-Push…,Forzar envío…,Poussée forcée…,強制プッシュ…,강제 푸시…,Wymuś wypchnięcie…,Forçar envio…,Forçar envio…,Принудительная отправка…,强制推送…,強制推送…
webview,src/webviews/i18n/en.json,commit.action.pushOptions,,,Push options,Webview UI string.,,Push,Push-Optionen,Opciones de envío,Options de poussée,プッシュのオプション,푸시 옵션,Opcje wypychania,Opções de envio,Opções de envio,Параметры отправки,推送选项,推送選項
manifest,package.nls.json,command.showFileHistory,,,Show File History,VS Code extension manifest string.,,,Dateiverlauf anzeigen,Mostrar historial del archivo,Afficher l’historique du fichier,ファイル履歴を表示,파일 기록 표시,Pokaż historię pliku,Mostrar histórico do arquivo,Mostrar histórico do ficheiro,Показать историю файла,显示文件历史记录,顯示檔案歷史記錄
host,l10n/bundle.l10n.json,History: {file},,,History: {file},"Extension-host runtime notification, command label, prompt, or status message.",{file},,Verlauf: {file},Historial: {file},Historique : {file},履歴: {file},기록: {file},Historia: {file},Histórico: {file},Histórico: {file},История: {file},历史记录：{file},歷史記錄：{file}
host,l10n/bundle.l10n.json,Unable to move History to a new window: {message},,,Unable to move History to a new window: {message},"Extension-host runtime notification, command label, prompt, or status message.",{message},,Der Verlauf konnte nicht in ein neues Fenster verschoben werden: {message},No se pudo mover el historial a una ventana nueva: {message},Impossible de déplacer l’historique vers une nouvelle fenêtre : {message},履歴を新しいウィンドウに移動できません: {message},기록을 새 창으로 이동할 수 없습니다: {message},Nie można przenieść historii do nowego okna: {message},Não foi possível mover o histórico para uma nova janela: {message},Não foi possível mover o histórico para uma nova janela: {message},Не удалось переместить историю в новое окно: {message},无法将历史记录移至新窗口：{message},無法將歷史記錄移至新視窗：{message}
host,l10n/bundle.l10n.json,Choose merge parent,,,Choose merge parent,"Extension-host runtime notification, command label, prompt, or status message.",,,Übergeordneten Merge-Commit auswählen,Elegir el commit padre de la fusión,Choisir le commit parent de fusion,マージの親コミットを選択,병합 부모 커밋 선택,Wybierz commit nadrzędny scalenia,Escolher commit pai da mesclagem,Escolher commit pai da integração,Выберите родительский коммит слияния,选择合并的父提交,選擇合併的父提交
host,l10n/bundle.l10n.json,No merge parent selected.,,,No merge parent selected.,"Extension-host runtime notification, command label, prompt, or status message.",,,Kein übergeordneter Merge-Commit ausgewählt.,No se ha seleccionado ningún commit padre de la fusión.,Aucun commit parent de fusion sélectionné.,マージの親コミットが選択されていません。,병합 부모 커밋을 선택하지 않았습니다.,Nie wybrano commita nadrzędnego scalenia.,Nenhum commit pai da mesclagem selecionado.,Nenhum commit pai da integração selecionado.,Родительский коммит слияния не выбран.,未选择合并的父提交。,尚未選擇合併的父提交。
host,l10n/bundle.l10n.json,This file exceeds the diff viewer size limit.,,,This file exceeds the diff viewer size limit.,"Extension-host runtime notification, command label, prompt, or status message.",,,Diese Datei überschreitet die Größenbeschränkung der Diff-Ansicht.,Este archivo supera el límite de tamaño del visor de diferencias.,Ce fichier dépasse la limite de taille de la visionneuse de différences.,このファイルは差分ビューアーのサイズ制限を超えています。,이 파일은 차이점 뷰어의 크기 제한을 초과합니다.,Ten plik przekracza limit rozmiaru przeglądarki różnic.,Este arquivo excede o limite de tamanho do visualizador de diferenças.,Este ficheiro excede o limite de tamanho do visualizador de diferenças.,Размер этого файла превышает ограничение средства просмотра различий.,此文件超出差异查看器的大小限制。,此檔案超出差異檢視器的大小限制。
host,l10n/bundle.l10n.json,Working tree,,,Working tree,"Extension-host runtime notification, command label, prompt, or status message.",,,Arbeitsverzeichnis,Árbol de trabajo,Arbre de travail,ワーキングツリー,작업 트리,Drzewo robocze,Árvore de trabalho,Árvore de trabalho,Рабочее дерево,工作树,工作樹
host,l10n/bundle.l10n.json,This filename is not supported by the diff viewer.,,,This filename is not supported by the diff viewer.,"Extension-host runtime notification, command label, prompt, or status message.",,,Dieser Dateiname wird von der Diff-Ansicht nicht unterstützt.,El visor de diferencias no admite este nombre de archivo.,Ce nom de fichier n’est pas pris en charge par la visionneuse de différences.,このファイル名は差分ビューアーでサポートされていません。,차이점 뷰어에서 이 파일 이름을 지원하지 않습니다.,Przeglądarka różnic nie obsługuje tej nazwy pliku.,Este nome de arquivo não é compatível com o visualizador de diferenças.,Este nome de ficheiro não é suportado pelo visualizador de diferenças.,Это имя файла не поддерживается средством просмотра различий.,差异查看器不支持此文件名。,差異檢視器不支援此檔案名稱。
host,l10n/bundle.l10n.json,This file cannot be displayed by the diff viewer: {reason},,,This file cannot be displayed by the diff viewer: {reason},"Extension-host runtime notification, command label, prompt, or status message.",{reason},,Diese Datei kann in der Diff-Ansicht nicht angezeigt werden: {reason},El visor de diferencias no puede mostrar este archivo: {reason},La visionneuse de différences ne peut pas afficher ce fichier : {reason},このファイルを差分ビューアーで表示できません: {reason},차이점 뷰어에서 이 파일을 표시할 수 없습니다: {reason},Nie można wyświetlić tego pliku w przeglądarce różnic: {reason},O visualizador de diferenças não pode exibir este arquivo: {reason},O visualizador de diferenças não pode apresentar este ficheiro: {reason},Невозможно отобразить этот файл в средстве просмотра различий: {reason},差异查看器无法显示此文件：{reason},差異檢視器無法顯示此檔案：{reason}
host,l10n/bundle.l10n.json,Files affected in {revision},,,Files affected in {revision},"Extension-host runtime notification, command label, prompt, or status message.",{revision},,Betroffene Dateien in {revision},Archivos afectados en {revision},Fichiers concernés dans {revision},{revision} で変更されたファイル,{revision}에서 변경된 파일,Pliki zmienione w {revision},Arquivos afetados em {revision},Ficheiros afetados em {revision},"Файлы, затронутые в {revision}",{revision} 中受影响的文件,{revision} 中受影響的檔案
host,l10n/bundle.l10n.json,Branch,,,Branch,"Extension-host runtime notification, command label, prompt, or status message.",,Branch,Branch,Rama,Branche,ブランチ,브랜치,Gałąź,Ramo,Ramo,Ветка,分支,分支
host,l10n/bundle.l10n.json,Refresh,,,Refresh,"Extension-host runtime notification, command label, prompt, or status message.",,,Aktualisieren,Actualizar,Rafraîchir,更新,새로 고침,Odśwież,Atualizar,Atualizar,Обновить,刷新,重新整理
host,l10n/bundle.l10n.json,Search history,,,Search history,"Extension-host runtime notification, command label, prompt, or status message.",,,Verlauf durchsuchen,Buscar en el historial,Rechercher dans l’historique,履歴を検索,기록 검색,Przeszukaj historię,Pesquisar no histórico,Pesquisar no histórico,Поиск по истории,搜索历史记录,搜尋歷史記錄
host,l10n/bundle.l10n.json,Load more,,,Load more,"Extension-host runtime notification, command label, prompt, or status message.",,,Mehr laden,Cargar más,Charger davantage,さらに読み込む,더 불러오기,Załaduj więcej,Carregar mais,Carregar mais,Загрузить ещё,加载更多,載入更多
host,l10n/bundle.l10n.json,No file history found.,,,No file history found.,"Extension-host runtime notification, command label, prompt, or status message.",,,Kein Dateiverlauf gefunden.,No se encontró historial del archivo.,Aucun historique trouvé pour ce fichier.,ファイル履歴が見つかりませんでした。,파일 기록을 찾을 수 없습니다.,Nie znaleziono historii pliku.,Nenhum histórico do arquivo encontrado.,Não foi encontrado histórico do ficheiro.,История файла не найдена.,未找到文件历史记录。,找不到檔案歷史記錄。
host,l10n/bundle.l10n.json,Select a revision to view its changes.,,,Select a revision to view its changes.,"Extension-host runtime notification, command label, prompt, or status message.",,,"Wählen Sie eine Revision aus, um ihre Änderungen anzuzeigen.",Seleccione una revisión para ver sus cambios.,Sélectionnez une révision pour afficher ses modifications.,変更を表示するリビジョンを選択してください。,변경 사항을 보려면 리비전을 선택하세요.,"Wybierz rewizję, aby wyświetlić jej zmiany.",Selecione uma revisão para ver suas alterações.,Selecione uma revisão para ver as suas alterações.,Выберите ревизию для просмотра её изменений.,选择一个修订以查看其更改。,選擇修訂以檢視其變更。
host,l10n/bundle.l10n.json,Show Details,,,Show Details,"Extension-host runtime notification, command label, prompt, or status message.",,,Details anzeigen,Mostrar detalles,Afficher les détails,詳細を表示,세부 정보 표시,Pokaż szczegóły,Mostrar detalhes,Mostrar detalhes,Показать подробности,显示详情,顯示詳細資料
host,l10n/bundle.l10n.json,Copy Revision,,,Copy Revision,"Extension-host runtime notification, command label, prompt, or status message.",,,Revision kopieren,Copiar revisión,Copier la révision,リビジョンをコピー,리비전 복사,Kopiuj rewizję,Copiar revisão,Copiar revisão,Копировать ревизию,复制修订,複製修訂
host,l10n/bundle.l10n.json,Open Revision,,,Open Revision,"Extension-host runtime notification, command label, prompt, or status message.",,,Revision öffnen,Abrir revisión,Ouvrir la révision,リビジョンを開く,리비전 열기,Otwórz rewizję,Abrir revisão,Abrir revisão,Открыть ревизию,打开修订,開啟修訂
host,l10n/bundle.l10n.json,Compare with Local,,,Compare with Local,"Extension-host runtime notification, command label, prompt, or status message.",,,Mit lokaler Version vergleichen,Comparar con local,Comparer avec la version locale,ローカルと比較,로컬과 비교,Porównaj z lokalną wersją,Comparar com local,Comparar com a versão local,Сравнить с локальной версией,与本地比较,與本機比較
host,l10n/bundle.l10n.json,Show Diff,,,Show Diff,"Extension-host runtime notification, command label, prompt, or status message.",,,Diff anzeigen,Mostrar diferencia,Afficher la différence,差分を表示,차이점 표시,Pokaż różnice,Mostrar diferença,Mostrar diferença,Показать различия,显示差异,顯示差異
host,l10n/bundle.l10n.json,Show All Affected Files,,,Show All Affected Files,"Extension-host runtime notification, command label, prompt, or status message.",,,Alle betroffenen Dateien anzeigen,Mostrar todos los archivos afectados,Afficher tous les fichiers concernés,変更されたすべてのファイルを表示,변경된 모든 파일 표시,Pokaż wszystkie zmienione pliki,Mostrar todos os arquivos afetados,Mostrar todos os ficheiros afetados,Показать все затронутые файлы,显示所有受影响的文件,顯示所有受影響的檔案
host,l10n/bundle.l10n.json,Author,,,Author,"Extension-host runtime notification, command label, prompt, or status message.",,,Autor,Autor,Auteur,著者,작성자,Autor,Autor,Autor,Автор,作者,作者
host,l10n/bundle.l10n.json,Date,,,Date,"Extension-host runtime notification, command label, prompt, or status message.",,,Datum,Fecha,Date,日付,날짜,Data,Data,Data,Дата,日期,日期
host,l10n/bundle.l10n.json,Resize history list,,,Resize history list,"Extension-host runtime notification, command label, prompt, or status message.",,,Größe der Verlaufsliste ändern,Cambiar el tamaño de la lista del historial,Redimensionner la liste de l’historique,履歴一覧のサイズを変更,기록 목록 크기 조정,Zmień rozmiar listy historii,Redimensionar a lista do histórico,Redimensionar a lista do histórico,Изменить размер списка истории,调整历史记录列表大小,調整歷史記錄清單大小
host,l10n/bundle.l10n.json,Select a local file to show Git history.,,,Select a local file to show Git history.,"Extension-host runtime notification, command label, prompt, or status message.",,Git,"Wählen Sie eine lokale Datei aus, um den Git-Verlauf anzuzeigen.",Seleccione un archivo local para mostrar su historial de Git.,Sélectionnez un fichier local pour afficher son historique Git.,Git 履歴を表示するローカルファイルを選択してください。,Git 기록을 표시할 로컬 파일을 선택하세요.,"Wybierz plik lokalny, aby wyświetlić historię Git.",Selecione um arquivo local para mostrar o histórico do Git.,Selecione um ficheiro local para mostrar o histórico do Git.,Выберите локальный файл для просмотра истории Git.,选择本地文件以显示 Git 历史记录。,選擇本機檔案以顯示 Git 歷史記錄。
host,l10n/bundle.l10n.json,The selected file is outside its Git repository.,,,The selected file is outside its Git repository.,"Extension-host runtime notification, command label, prompt, or status message.",,Git,Die ausgewählte Datei befindet sich außerhalb ihres Git-Repositorys.,El archivo seleccionado está fuera de su repositorio de Git.,Le fichier sélectionné se trouve hors de son dépôt Git.,選択したファイルは Git リポジトリの外にあります。,선택한 파일이 Git 저장소 외부에 있습니다.,Wybrany plik znajduje się poza swoim repozytorium Git.,O arquivo selecionado está fora de seu repositório Git.,O ficheiro selecionado está fora do respetivo repositório Git.,Выбранный файл находится вне своего репозитория Git.,所选文件位于其 Git 仓库之外。,所選檔案位於其 Git 存放庫之外。
host,l10n/bundle.l10n.json,Unable to show Git history: {message},,,Unable to show Git history: {message},"Extension-host runtime notification, command label, prompt, or status message.",{message},Git,Der Git-Verlauf konnte nicht angezeigt werden: {message},No se pudo mostrar el historial de Git: {message},Impossible d’afficher l’historique Git : {message},Git 履歴を表示できません: {message},Git 기록을 표시할 수 없습니다: {message},Nie można wyświetlić historii Git: {message},Não foi possível mostrar o histórico do Git: {message},Não foi possível mostrar o histórico do Git: {message},Не удалось показать историю Git: {message},无法显示 Git 历史记录：{message},無法顯示 Git 歷史記錄：{message}
host,l10n/bundle.l10n.json,History Actions,,,History Actions,File history toolbar overflow button; opens actions for the selected revision.,,,Verlaufsaktionen,Acciones del historial,Actions de l’historique,履歴の操作,기록 작업,Akcje historii,Ações do histórico,Ações do histórico,Действия с историей,历史记录操作,歷程記錄操作
webview,src/webviews/i18n/en.json,diff.toolbar.differenceCount.one,one,de es fr pl pt-br pt-pt ru,{count} difference,Top-right diff toolbar count of changed blocks.,{count},,{count} Unterschied,{count} diferencia,{count} différence,,,{count} różnica,{count} diferença,{count} diferença,{count} различие,,
webview,src/webviews/i18n/en.json,diff.toolbar.differenceCount.other,other,de es fr ja ko pl pt-br pt-pt ru zh-cn zh-tw,{count} differences,Top-right diff toolbar count of changed blocks.,{count},,{count} Unterschiede,{count} diferencias,{count} différences,{count} 件の差分,차이점 {count}개,{count} różnicy,{count} diferenças,{count} diferenças,{count} различия,{count} 处差异,{count} 處差異
webview,src/webviews/i18n/en.json,merge.status.noChanges,,,No changes,Top-right merge status when there are no changed or conflicting blocks.,,,Keine Änderungen,Sin cambios,Aucun changement,変更なし,변경 사항 없음,Bez zmian,Sem alterações.,Sem alterações.,Без изменений,无变化,無變化
webview,src/webviews/i18n/en.json,merge.status.allConflictsResolved,,,All conflicts resolved,Top-right merge success status after every conflict has been resolved.,,,Alle Konflikte gelöst,Todos los conflictos resueltos,Tous les conflits résolus,すべての競合が解決済み,모든 충돌이 해결됨,Wszystkie konflikty rozwiązane,Todos os conflitos resolvidos,Todos os conflitos resolvidos,Все конфликты разрешены,所有冲突均已解决,所有衝突均已解決
host,l10n/bundle.l10n.json,IntelliGit automatic squash stash,,,IntelliGit automatic squash stash,"Extension-host runtime notification, command label, prompt, or status message.",,IntelliGit,Automatischer IntelliGit-Squash-Stash,Stash automático de squash de IntelliGit,Stash automatique d’IntelliGit pour le squash,IntelliGit の自動 squash スタッシュ,IntelliGit 자동 스쿼시 스태시,Automatyczny schowek IntelliGit na potrzeby squash,Stash automático de squash do IntelliGit,Stash automático de squash do IntelliGit,Автоматический стэш IntelliGit для squash,IntelliGit 自动压缩储藏,IntelliGit 自動壓縮儲藏
host,l10n/bundle.l10n.json,The automatic stash could not be verified.,,,The automatic stash could not be verified.,"Extension-host runtime notification, command label, prompt, or status message.",,,Der automatische Stash konnte nicht verifiziert werden.,No se pudo verificar el stash automático.,Le stash automatique n’a pas pu être vérifié.,自動スタッシュを検証できませんでした。,자동 스태시를 확인할 수 없습니다.,Nie można było zweryfikować automatycznego schowka.,Não foi possível verificar o Stash automático.,Não foi possível verificar o Stash automático.,Не удалось проверить автоматически созданный стэш.,无法验证自动储藏。,無法驗證自動儲藏。
host,l10n/bundle.l10n.json,Git returned an invalid stash object ID.,,,Git returned an invalid stash object ID.,"Extension-host runtime notification, command label, prompt, or status message.",,Git,Git hat eine ungültige Stash-Objekt-ID zurückgegeben.,Git devolvió un ID de objeto de stash no válido.,Git a renvoyé un ID d’objet de stash non valide.,Git が無効なスタッシュオブジェクト ID を返しました。,Git에서 잘못된 스태시 개체 ID를 반환했습니다.,Git zwrócił nieprawidłowy identyfikator obiektu schowka.,O Git retornou um ID de objeto de Stash inválido.,O Git devolveu um ID de objeto de Stash inválido.,Git вернул недопустимый идентификатор объекта стэша.,Git 返回了无效的储藏对象 ID。,Git 傳回了無效的儲藏物件 ID。
host,l10n/bundle.l10n.json,Automatic stash {stashOid} did not leave a clean working tree.,,,Automatic stash {stashOid} did not leave a clean working tree.,"Extension-host runtime notification, command label, prompt, or status message.",{stashOid},,Der automatische Stash {stashOid} hat keinen sauberen Arbeitsbaum hinterlassen.,El stash automático {stashOid} no dejó un árbol de trabajo limpio.,Le stash automatique {stashOid} n’a pas laissé un arbre de travail propre.,自動スタッシュ {stashOid} の作成後も作業ツリーがクリーンになりませんでした。,자동 스태시 {stashOid} 후에도 작업 트리가 깨끗한 상태가 되지 않았습니다.,Automatyczny schowek {stashOid} nie pozostawił czystego drzewa roboczego.,O Stash automático {stashOid} não deixou a árvore de trabalho limpa.,O Stash automático {stashOid} não deixou a árvore de trabalho limpa.,После автоматического сохранения в стэш {stashOid} рабочее дерево не стало чистым.,自动储藏 {stashOid} 未能使工作树变为干净状态。,自動儲藏 {stashOid} 未能使工作樹變為乾淨狀態。
host,l10n/bundle.l10n.json,Automatic stash {stashOid} was not found in the stash list.,,,Automatic stash {stashOid} was not found in the stash list.,"Extension-host runtime notification, command label, prompt, or status message.",{stashOid},,Der automatische Stash {stashOid} wurde nicht in der Stash-Liste gefunden.,El stash automático {stashOid} no se encontró en la lista de stashes.,Le stash automatique {stashOid} est introuvable dans la liste des stashs.,自動スタッシュ {stashOid} がスタッシュ一覧に見つかりませんでした。,자동 스태시 {stashOid}을(를) 스태시 목록에서 찾을 수 없습니다.,Automatyczny schowek {stashOid} nie został znaleziony na liście schowków.,O Stash automático {stashOid} não foi encontrado na lista de Stashes.,O Stash automático {stashOid} não foi encontrado na lista de Stashes.,Автоматически созданный стэш {stashOid} не найден в списке стэшей.,自动储藏 {stashOid} 未在储藏列表中找到。,自動儲藏 {stashOid} 未在儲藏清單中找到。
host,l10n/bundle.l10n.json,"Squash succeeded, but local changes could not be restored ({message}). Automatic stash {stashOid} was retained for recovery.",,,"Squash succeeded, but local changes could not be restored ({message}). Automatic stash {stashOid} was retained for recovery.","Extension-host runtime notification, command label, prompt, or status message.",{message} {stashOid},,"Squash war erfolgreich, aber die lokalen Änderungen konnten nicht wiederhergestellt werden ({message}). Der automatische Stash {stashOid} wurde zur Wiederherstellung beibehalten.","El squash se realizó correctamente, pero no se pudieron restaurar los cambios locales ({message}). Se conservó el stash automático {stashOid} para la recuperación.","Le squash a réussi, mais les modifications locales n’ont pas pu être restaurées ({message}). Le stash automatique {stashOid} a été conservé pour la récupération.",Squash は成功しましたが、ローカルの変更を復元できませんでした（{message}）。復旧用に自動スタッシュ {stashOid} が保持されています。,스쿼시는 성공했지만 로컬 변경 사항을 복원할 수 없습니다({message}). 자동 스태시는 복구를 위해 유지되었습니다: {stashOid}.,"Squash zakończył się powodzeniem, ale nie udało się przywrócić zmian lokalnych ({message}). Automatyczny schowek {stashOid} został zachowany na potrzeby odzyskiwania.","O squash foi concluído com sucesso, mas não foi possível restaurar as alterações locais ({message}). O Stash automático {stashOid} foi mantido para recuperação.","O squash foi concluído com sucesso, mas não foi possível restaurar as alterações locais ({message}). O Stash automático {stashOid} foi mantido para recuperação.","Объединение коммитов завершилось успешно, но локальные изменения восстановить не удалось ({message}). Автоматически созданный стэш {stashOid} сохранён для восстановления.",压缩成功，但无法恢复本地更改（{message}）。已保留自动储藏 {stashOid} 以便恢复。,壓縮成功，但無法還原本機變更（{message}）。已保留自動儲藏 {stashOid} 以供復原。
host,l10n/bundle.l10n.json,{message}; local changes could not be restored: {restoreMessage}. Automatic stash {stashOid} was retained for recovery.,,,{message}; local changes could not be restored: {restoreMessage}. Automatic stash {stashOid} was retained for recovery.,"Extension-host runtime notification, command label, prompt, or status message.",{message} {restoreMessage} {stashOid},,{message}; lokale Änderungen konnten nicht wiederhergestellt werden: {restoreMessage}. Der automatische Stash {stashOid} wurde zur Wiederherstellung beibehalten.,{message}; no se pudieron restaurar los cambios locales: {restoreMessage}. Se conservó el stash automático {stashOid} para la recuperación.,{message} ; les modifications locales n’ont pas pu être restaurées : {restoreMessage}. Le stash automatique {stashOid} a été conservé pour la récupération.,{message}。ローカルの変更を復元できませんでした: {restoreMessage}。復旧用に自動スタッシュ {stashOid} が保持されています。,{message}; 로컬 변경 사항을 복원할 수 없습니다: {restoreMessage}. 자동 스태시는 복구를 위해 유지되었습니다: {stashOid}.,{message}; nie udało się przywrócić zmian lokalnych: {restoreMessage}. Automatyczny schowek {stashOid} został zachowany na potrzeby odzyskiwania.,{message}; não foi possível restaurar as alterações locais: {restoreMessage}. O Stash automático {stashOid} foi mantido para recuperação.,{message}; não foi possível restaurar as alterações locais: {restoreMessage}. O Stash automático {stashOid} foi mantido para recuperação.,{message}; не удалось восстановить локальные изменения: {restoreMessage}. Автоматически созданный стэш {stashOid} сохранён для восстановления.,{message}；无法恢复本地更改：{restoreMessage}。已保留自动储藏 {stashOid} 以便恢复。,{message}；無法還原本機變更：{restoreMessage}。已保留自動儲藏 {stashOid} 以供復原。
host,l10n/bundle.l10n.json,{message}. Automatic stash {stashOid} was retained for recovery and was not restored onto the unknown repository state.,,,{message}. Automatic stash {stashOid} was retained for recovery and was not restored onto the unknown repository state.,"Extension-host runtime notification, command label, prompt, or status message.",{message} {stashOid},,{message}. Der automatische Stash {stashOid} wurde zur Wiederherstellung beibehalten und nicht in den unbekannten Repository-Zustand eingespielt.,{message}. Se conservó el stash automático {stashOid} para la recuperación y no se restauró sobre el estado desconocido del repositorio.,{message}. Le stash automatique {stashOid} a été conservé pour la récupération et n’a pas été restauré sur le dépôt dont l’état est inconnu.,{message}。復旧用に自動スタッシュ {stashOid} が保持され、不明なリポジトリ状態には復元されませんでした。,{message}. 자동 스태시({stashOid})는 복구를 위해 유지되었으며 알 수 없는 저장소 상태에는 복원되지 않았습니다.,{message}. Automatyczny schowek {stashOid} został zachowany na potrzeby odzyskiwania i nie został przywrócony do repozytorium o nieznanym stanie.,{message}. O Stash automático {stashOid} foi mantido para recuperação e não foi restaurado no repositório de estado desconhecido.,{message}. O Stash automático {stashOid} foi mantido para recuperação e não foi restaurado no repositório de estado desconhecido.,{message}. Автоматически созданный стэш {stashOid} сохранён для восстановления и не был применён к репозиторию с неизвестным состоянием.,{message}。已保留自动储藏 {stashOid} 以便恢复，且未将其恢复到状态未知的仓库中。,{message}。已保留自動儲藏 {stashOid} 以供復原，且未將其還原至狀態未知的存放庫中。
host,l10n/bundle.l10n.json,Squash Commits could not resolve the current HEAD.,,,Squash Commits could not resolve the current HEAD.,"Extension-host runtime notification, command label, prompt, or status message.",,HEAD; Squash Commits,Squash Commits konnte den aktuellen HEAD nicht auflösen.,Squash Commits no pudo resolver el HEAD actual.,Squash Commits n’a pas pu résoudre le HEAD actuel.,Squash Commits は現在の HEAD を解決できませんでした。,스쿼시 커밋이 현재 HEAD를 확인할 수 없습니다.,Nie można było ustalić bieżącego HEAD dla Squash Commits.,O Squash Commits não conseguiu resolver o HEAD atual.,O Squash Commits não conseguiu resolver o HEAD atual.,Не удалось определить текущий HEAD для объединения коммитов.,压缩提交无法解析当前 HEAD。,壓縮提交無法解析目前的 HEAD。
host,l10n/bundle.l10n.json,Squash Commits received an invalid HEAD object ID.,,,Squash Commits received an invalid HEAD object ID.,"Extension-host runtime notification, command label, prompt, or status message.",,HEAD; Squash Commits,Squash Commits hat eine ungültige HEAD-Objekt-ID erhalten.,Squash Commits recibió un ID de objeto HEAD no válido.,Squash Commits a reçu un ID d’objet HEAD non valide.,Squash Commits が無効な HEAD オブジェクト ID を受け取りました。,스쿼시 커밋이 잘못된 HEAD 개체 ID를 받았습니다.,Squash Commits otrzymał nieprawidłowy identyfikator obiektu HEAD.,O Squash Commits recebeu um ID de objeto HEAD inválido.,O Squash Commits recebeu um ID de objeto HEAD inválido.,Команда Squash Commits получила недопустимый идентификатор объекта HEAD.,压缩提交收到了无效的 HEAD 对象 ID。,壓縮提交收到無效的 HEAD 物件 ID。
host,l10n/bundle.l10n.json,HEAD moved before Squash Commits could reset it.,,,HEAD moved before Squash Commits could reset it.,"Extension-host runtime notification, command label, prompt, or status message.",,HEAD; Squash Commits,"HEAD wurde verschoben, bevor Squash Commits den Reset ausführen konnte.",HEAD cambió antes de que Squash Commits pudiera restablecerlo.,HEAD a changé avant que Squash Commits puisse le réinitialiser.,Squash Commits がリセットする前に HEAD が移動しました。,스쿼시 커밋이 재설정하기 전에 HEAD가 이동했습니다.,"HEAD zmienił się, zanim Squash Commits mógł go zresetować.",O HEAD foi movido antes que o Squash Commits pudesse redefini-lo.,O HEAD foi movido antes que o Squash Commits pudesse repô-lo.,"HEAD изменился до того, как команда Squash Commits смогла его сбросить.",在压缩提交重置 HEAD 之前，HEAD 已发生移动。,在壓縮提交重設 HEAD 之前，HEAD 已發生移動。
host,l10n/bundle.l10n.json,Automatic stash reference {stashRef} moved before cleanup.,,,Automatic stash reference {stashRef} moved before cleanup.,"Extension-host runtime notification, command label, prompt, or status message.",{stashRef},,Die automatische Stash-Referenz {stashRef} wurde vor der Bereinigung verschoben.,La referencia del stash automático {stashRef} cambió antes de la limpieza.,La référence du stash automatique {stashRef} a changé avant le nettoyage.,自動スタッシュ参照 {stashRef} はクリーンアップ前に移動しました。,자동 스태시 참조({stashRef})가 정리 전에 이동했습니다.,Odwołanie automatycznego schowka {stashRef} zmieniło się przed czyszczeniem.,A referência do Stash automático {stashRef} foi movida antes da limpeza.,A referência do Stash automático {stashRef} foi movida antes da limpeza.,Ссылка на автоматически созданный стэш {stashRef} изменилась до очистки.,自动储藏引用 {stashRef} 在清理前发生了移动。,自動儲藏參照 {stashRef} 在清理前發生了移動。
host,l10n/bundle.l10n.json,"Squash succeeded and local changes were restored, but automatic stash cleanup failed ({message}); the {stashOid} backup was retained.",,,"Squash succeeded and local changes were restored, but automatic stash cleanup failed ({message}); the {stashOid} backup was retained.","Extension-host runtime notification, command label, prompt, or status message.",{message} {stashOid},,"Squash war erfolgreich und die lokalen Änderungen wurden wiederhergestellt, aber die Bereinigung des automatischen Stashs ist fehlgeschlagen ({message}); die Sicherung {stashOid} wurde beibehalten.","El squash se realizó correctamente y se restauraron los cambios locales, pero falló la limpieza del stash automático ({message}); se conservó la copia de seguridad {stashOid}.","Le squash a réussi et les modifications locales ont été restaurées, mais le nettoyage du stash automatique a échoué ({message}) ; la sauvegarde {stashOid} a été conservée.",Squash は成功し、ローカルの変更も復元されましたが、自動スタッシュのクリーンアップに失敗しました（{message}）。バックアップ {stashOid} は保持されています。,스쿼시에 성공하고 로컬 변경 사항도 복원했지만 자동 스태시 정리에 실패했습니다({message}). 백업은 유지되었습니다: {stashOid}.,"Squash zakończył się powodzeniem i przywrócono zmiany lokalne, ale czyszczenie automatycznego schowka nie powiodło się ({message}); kopia zapasowa {stashOid} została zachowana.","O squash foi concluído com sucesso e as alterações locais foram restauradas, mas a limpeza do Stash automático falhou ({message}); o backup {stashOid} foi mantido.","O squash foi concluído com sucesso e as alterações locais foram restauradas, mas a limpeza do Stash automático falhou ({message}); a cópia de segurança {stashOid} foi mantida.","Объединение коммитов завершилось успешно, и локальные изменения были восстановлены, но очистить автоматически созданный стэш не удалось ({message}); резервная копия {stashOid} сохранена.",压缩成功且本地更改已恢复，但自动储藏清理失败（{message}）；已保留备份 {stashOid}。,壓縮成功且本機變更已還原，但自動儲藏清理失敗（{message}）；已保留備份 {stashOid}。
host,l10n/bundle.l10n.json,"{message}; local changes were restored, but automatic stash cleanup failed: {cleanupMessage}. The {stashOid} backup was retained.",,,"{message}; local changes were restored, but automatic stash cleanup failed: {cleanupMessage}. The {stashOid} backup was retained.","Extension-host runtime notification, command label, prompt, or status message.",{message} {cleanupMessage} {stashOid},,"{message}; die lokalen Änderungen wurden wiederhergestellt, aber die Bereinigung des automatischen Stashs ist fehlgeschlagen: {cleanupMessage}. Die Sicherung {stashOid} wurde beibehalten.","{message}; se restauraron los cambios locales, pero falló la limpieza del stash automático: {cleanupMessage}. Se conservó la copia de seguridad {stashOid}.","{message} ; les modifications locales ont été restaurées, mais le nettoyage du stash automatique a échoué : {cleanupMessage}. La sauvegarde {stashOid} a été conservée.",{message}。ローカルの変更は復元されましたが、自動スタッシュのクリーンアップに失敗しました: {cleanupMessage}。バックアップ {stashOid} は保持されています。,{message}; 로컬 변경 사항은 복원했지만 자동 스태시 정리에 실패했습니다: {cleanupMessage}. 백업은 유지되었습니다: {stashOid}.,"{message}; przywrócono zmiany lokalne, ale czyszczenie automatycznego schowka nie powiodło się: {cleanupMessage}. Kopia zapasowa {stashOid} została zachowana.","{message}; as alterações locais foram restauradas, mas a limpeza do Stash automático falhou: {cleanupMessage}. O backup {stashOid} foi mantido.","{message}; as alterações locais foram restauradas, mas a limpeza do Stash automático falhou: {cleanupMessage}. A cópia de segurança {stashOid} foi mantida.","{message}; локальные изменения были восстановлены, но очистить автоматически созданный стэш не удалось: {cleanupMessage}. Резервная копия {stashOid} сохранена.",{message}；本地更改已恢复，但自动储藏清理失败：{cleanupMessage}。已保留备份 {stashOid}。,{message}；本機變更已還原，但自動儲藏清理失敗：{cleanupMessage}。已保留備份 {stashOid}。
host,l10n/bundle.l10n.json,Compare with Branch or Tag,,,Compare with Branch or Tag,"Extension-host runtime notification, command label, prompt, or status message.",,Branch,Mit Branch oder Tag vergleichen,Comparar con rama o etiqueta,Comparer avec une branche ou une étiquette,ブランチまたはタグと比較,브랜치 또는 태그와 비교,Porównaj z gałęzią lub tagiem,Comparar com branch ou tag,Comparar com branch ou tag,Сравнить с веткой или тегом,与分支或标签比较,與分支或標籤比較
host,l10n/bundle.l10n.json,Compare with Branch or Tag is only available for local files.,,,Compare with Branch or Tag is only available for local files.,"Extension-host runtime notification, command label, prompt, or status message.",,Branch,„Mit Branch oder Tag vergleichen“ ist nur für lokale Dateien verfügbar.,«Comparar con rama o etiqueta» solo está disponible para archivos locales.,« Comparer avec une branche ou une étiquette » n’est disponible que pour les fichiers locaux.,ブランチまたはタグとの比較は、ローカルファイルでのみ利用できます。,브랜치 또는 태그 비교는 로컬 파일에서만 사용할 수 있습니다.,Opcja „Porównaj z gałęzią lub tagiem” jest dostępna tylko dla plików lokalnych.,A opção «Comparar com branch ou tag» está disponível apenas para arquivos locais.,A opção «Comparar com branch ou tag» está disponível apenas para ficheiros locais.,Функция «Сравнить с веткой или тегом» доступна только для локальных файлов.,“与分支或标签比较”仅适用于本地文件。,「與分支或標籤比較」僅適用於本機檔案。
host,l10n/bundle.l10n.json,Compare with branch or tag failed: {message},,,Compare with branch or tag failed: {message},"Extension-host runtime notification, command label, prompt, or status message.",{message},,Vergleich mit Branch oder Tag fehlgeschlagen: {message},Error al comparar con la rama o etiqueta: {message},La comparaison avec la branche ou l’étiquette a échoué : {message},ブランチまたはタグとの比較に失敗しました: {message},브랜치 또는 태그 비교에 실패했습니다: {message},Porównanie z gałęzią lub tagiem nie powiodło się: {message},Falha ao comparar com branch ou tag: {message},Falha ao comparar com branch ou tag: {message},Не удалось сравнить с веткой или тегом: {message},与分支或标签比较失败：{message},與分支或標籤比較失敗：{message}
host,l10n/bundle.l10n.json,Select a branch or tag for {path},,,Select a branch or tag for {path},"Extension-host runtime notification, command label, prompt, or status message.",{path},,Branch oder Tag für {path} auswählen,Selecciona una rama o etiqueta para {path},Sélectionnez une branche ou une étiquette pour {path},{path} のブランチまたはタグを選択してください,{path}의 브랜치 또는 태그를 선택하세요,Wybierz gałąź lub tag dla {path},Selecione uma branch ou tag para {path},Selecione uma branch ou tag para {path},Выберите ветку или тег для {path},为 {path} 选择分支或标签,為 {path} 選擇分支或標籤
host,l10n/bundle.l10n.json,tag,,,tag,"Extension-host runtime notification, command label, prompt, or status message.",,,Tag,etiqueta,étiquette,タグ,태그,tag,tag,tag,тег,标签,標籤
manifest,package.nls.json,command.showFileDiff,,,Show Diff,VS Code extension manifest string.,,,Diff anzeigen,Mostrar diferencia,Afficher la différence,差分を表示,차이점 표시,Pokaż różnice,Mostrar diferença,Mostrar diferença,Показать различия,显示差异,顯示差異
host,l10n/bundle.l10n.json,Show Diff is only available for local files.,,,Show Diff is only available for local files.,"Extension-host runtime notification, command label, prompt, or status message.",,,„Diff anzeigen“ ist nur für lokale Dateien verfügbar.,«Mostrar diferencia» solo está disponible para archivos locales.,« Afficher la différence » n’est disponible que pour les fichiers locaux.,差分の表示はローカルファイルでのみ利用できます。,차이점 표시는 로컬 파일에서만 사용할 수 있습니다.,Opcja „Pokaż różnice” jest dostępna tylko dla plików lokalnych.,A opção «Mostrar diferença» está disponível apenas para arquivos locais.,A opção «Mostrar diferença» está disponível apenas para ficheiros locais.,Функция «Показать различия» доступна только для локальных файлов.,“显示差异”仅适用于本地文件。,「顯示差異」僅適用於本機檔案。
host,l10n/bundle.l10n.json,Show Diff failed: {message},,,Show Diff failed: {message},"Extension-host runtime notification, command label, prompt, or status message.",{message},,Diff konnte nicht angezeigt werden: {message},No se pudo mostrar la diferencia: {message},Impossible d’afficher la différence : {message},差分の表示に失敗しました: {message},차이점 표시 실패: {message},Nie udało się wyświetlić różnic: {message},Falha ao mostrar diferença: {message},Falha ao mostrar diferença: {message},Не удалось показать различия: {message},显示差异失败：{message},顯示差異失敗：{message}
manifest,package.nls.json,command.showCurrentRevision,,,Show Current Revision,VS Code extension manifest string.,,,Aktuelle Revision anzeigen,Mostrar revisión actual,Afficher la révision actuelle,現在のリビジョンを表示,현재 리비전 보기,Pokaż bieżącą rewizję,Mostrar revisão atual,Mostrar revisão atual,Показать текущую ревизию,显示当前修订,顯示目前修訂
host,l10n/bundle.l10n.json,Show Current Revision is only available for local files.,,,Show Current Revision is only available for local files.,"Extension-host runtime notification, command label, prompt, or status message.",,,„Aktuelle Revision anzeigen“ ist nur für lokale Dateien verfügbar.,«Mostrar revisión actual» solo está disponible para archivos locales.,« Afficher la révision actuelle » n’est disponible que pour les fichiers locaux.,現在のリビジョンの表示は、ローカルファイルでのみ利用できます。,현재 리비전 보기는 로컬 파일에서만 사용할 수 있습니다.,Opcja „Pokaż bieżącą rewizję” jest dostępna tylko dla plików lokalnych.,A opção «Mostrar revisão atual» está disponível apenas para arquivos locais.,A opção «Mostrar revisão atual» está disponível apenas para ficheiros locais.,Функция «Показать текущую ревизию» доступна только для локальных файлов.,“显示当前修订”仅适用于本地文件。,「顯示目前修訂」僅適用於本機檔案。
host,l10n/bundle.l10n.json,Show Current Revision failed: {message},,,Show Current Revision failed: {message},"Extension-host runtime notification, command label, prompt, or status message.",{message},,Aktuelle Revision konnte nicht angezeigt werden: {message},No se pudo mostrar la revisión actual: {message},Impossible d’afficher la révision actuelle : {message},現在のリビジョンの表示に失敗しました: {message},현재 리비전 표시 실패: {message},Nie udało się wyświetlić bieżącej rewizji: {message},Falha ao mostrar revisão atual: {message},Falha ao mostrar a revisão atual: {message},Не удалось показать текущую ревизию: {message},显示当前修订失败：{message},顯示目前修訂失敗：{message}
manifest,package.nls.json,command.annotateWithGitBlame,,,Annotate with Git Blame,VS Code extension manifest string.,,Git,Mit Git Blame annotieren,Anotar con Git Blame,Annoter avec Git Blame,Git Blame で注釈,Git Blame으로 주석 달기,Dodaj adnotacje za pomocą Git Blame,Anotar com Git Blame,Anotar com Git Blame,Добавить аннотации Git Blame,使用 Git Blame 添加注释,使用 Git Blame 新增註釋
host,l10n/bundle.l10n.json,Git Blame,,,Git Blame,"Extension-host runtime notification, command label, prompt, or status message.",,Git,Git Blame,Git Blame,Git Blame,Git Blame,Git Blame,Git Blame,Git Blame,Git Blame,Git Blame,Git Blame,Git Blame
host,l10n/bundle.l10n.json,Annotate with Git Blame is only available for local files.,,,Annotate with Git Blame is only available for local files.,"Extension-host runtime notification, command label, prompt, or status message.",,Git,„Mit Git Blame annotieren“ ist nur für lokale Dateien verfügbar.,Anotar con Git Blame solo está disponible para archivos locales.,« Annoter avec Git Blame » n’est disponible que pour les fichiers locaux.,「Git Blame で注釈」はローカル ファイルでのみ使用できます。,'Git Blame으로 주석 달기'는 로컬 파일에서만 사용할 수 있습니다.,Opcja „Dodaj adnotacje za pomocą Git Blame” jest dostępna tylko dla plików lokalnych.,A opção «Anotar com Git Blame» está disponível apenas para arquivos locais.,A opção «Anotar com Git Blame» está disponível apenas para ficheiros locais.,Функция «Добавить аннотации Git Blame» доступна только для локальных файлов.,“使用 Git Blame 添加注释”仅适用于本地文件。,「使用 Git Blame 新增註釋」僅適用於本機檔案。
host,l10n/bundle.l10n.json,Git Blame output is too large to open (maximum 4 MiB).,,,Git Blame output is too large to open (maximum 4 MiB).,"Extension-host runtime notification, command label, prompt, or status message.",,Git,Git Blame-Ausgabe ist zu groß zum Öffnen (maximal 4 MiB).,La salida de Git Blame es demasiado grande para abrirla (máximo 4 MiB).,La sortie de Git Blame est trop volumineuse pour être ouverte (maximum 4 MiB).,Git Blame の出力が大きすぎて開けません（最大 4 MiB）。,Git Blame 출력이 너무 커서 열 수 없습니다(최대 4 MiB).,"Wynik Git Blame jest zbyt duży, aby go otworzyć (maksymalnie 4 MiB).",A saída do Git Blame é grande demais para abrir (máximo de 4 MiB).,A saída do Git Blame é demasiado grande para abrir (máximo de 4 MiB).,Вывод Git Blame слишком велик для открытия (максимум 4 MiB).,Git Blame 输出过大，无法打开（最大 4 MiB）。,Git Blame 輸出太大，無法開啟（上限 4 MiB）。
host,l10n/bundle.l10n.json,Annotate with Git Blame failed: {message},,,Annotate with Git Blame failed: {message},"Extension-host runtime notification, command label, prompt, or status message.",{message},Git,Annotieren mit Git Blame fehlgeschlagen: {message},Error al anotar con Git Blame: {message},Échec de l’annotation avec Git Blame : {message},Git Blame での注釈に失敗しました: {message},Git Blame 주석 달기에 실패했습니다: {message},Nie udało się dodać adnotacji za pomocą Git Blame: {message},Falha ao anotar com Git Blame: {message},Falha ao anotar com Git Blame: {message},Не удалось добавить аннотации Git Blame: {message},使用 Git Blame 添加注释失败：{message},使用 Git Blame 新增註釋失敗：{message}
host,l10n/bundle.l10n.json,Rollback is only available for local files.,,,Rollback is only available for local files.,"Extension-host runtime notification, command label, prompt, or status message.",,,Das Rückgängigmachen ist nur für lokale Dateien verfügbar.,Revertir solo está disponible para archivos locales.,L’annulation est uniquement disponible pour les fichiers locaux.,ロールバックはローカル ファイルでのみ使用できます。,롤백은 로컬 파일에만 사용할 수 있습니다.,Cofanie jest dostępne tylko dla plików lokalnych.,A reversão está disponível apenas para arquivos locais.,A reversão só está disponível para ficheiros locais.,Откат доступен только для локальных файлов.,回滚仅适用于本地文件。,復原僅適用於本機檔案。
host,l10n/bundle.l10n.json,Save or discard unsaved changes to {path} before rolling it back.,,,Save or discard unsaved changes to {path} before rolling it back.,"Extension-host runtime notification, command label, prompt, or status message.",{path},,"Speichern oder verwerfen Sie die nicht gespeicherten Änderungen an {path}, bevor Sie sie rückgängig machen.",Guarda o descarta los cambios sin guardar de {path} antes de revertirlo.,Enregistrez ou annulez les modifications non enregistrées de {path} avant d’annuler ce fichier.,{path} をロールバックする前に、未保存の変更を保存または破棄してください。,{path}을(를) 롤백하기 전에 저장되지 않은 변경 내용을 저장하거나 폐기하세요.,Przed cofnięciem {path} zapisz lub odrzuć niezapisane zmiany.,Salve ou descarte as alterações não salvas em {path} antes de revertê-lo.,Guarde ou rejeite as alterações não guardadas em {path} antes de o reverter.,Сохраните или отмените несохраненные изменения в {path} перед откатом.,回滚 {path} 前，请保存或放弃未保存的更改。,復原 {path} 前，請儲存或捨棄未儲存的變更。
host,l10n/bundle.l10n.json,Cannot roll back {path} because it does not exist in HEAD.,,,Cannot roll back {path} because it does not exist in HEAD.,"Extension-host runtime notification, command label, prompt, or status message.",{path},HEAD,"{path} kann nicht rückgängig gemacht werden, da die Datei in HEAD nicht vorhanden ist.",No se puede revertir {path} porque no existe en HEAD.,"Impossible d’annuler {path}, car il n’existe pas dans HEAD.",{path} は HEAD に存在しないためロールバックできません。,{path}은(는) HEAD에 없으므로 롤백할 수 없습니다.,"Nie można cofnąć {path}, ponieważ nie istnieje w HEAD.",Não é possível reverter {path} porque ele não existe em HEAD.,Não é possível reverter {path} porque não existe em HEAD.,"Невозможно откатить {path}, так как этот файл отсутствует в HEAD.",无法回滚 {path}，因为它不存在于 HEAD 中。,無法復原 {path}，因為它不存在於 HEAD 中。
host,l10n/bundle.l10n.json,Rolled back {path}.,,,Rolled back {path}.,"Extension-host runtime notification, command label, prompt, or status message.",{path},,{path} wurde rückgängig gemacht.,Se revirtió {path}.,{path} a été annulé.,{path} をロールバックしました。,{path}을(를) 롤백했습니다.,Cofnięto {path}.,{path} foi revertido.,{path} foi revertido.,Выполнен откат {path}.,已回滚 {path}。,已復原 {path}。
host,l10n/bundle.l10n.json,Rollback failed for {path}: {message},,,Rollback failed for {path}: {message},"Extension-host runtime notification, command label, prompt, or status message.",{path} {message},,Rückgängigmachen von {path} fehlgeschlagen: {message},No se pudo revertir {path}: {message},Échec de l’annulation de {path} : {message},{path} のロールバックに失敗しました: {message},{path} 롤백 실패: {message},Nie udało się cofnąć {path}: {message},Falha ao reverter {path}: {message},Falha ao reverter {path}: {message},Не удалось откатить {path}: {message},回滚 {path} 失败：{message},復原 {path} 失敗：{message}
host,l10n/bundle.l10n.json,Fetch is only available for local files.,,,Fetch is only available for local files.,"Extension-host runtime notification, command label, prompt, or status message.",,,Abrufen ist nur für lokale Dateien verfügbar.,Obtener solo está disponible para archivos locales.,La récupération n’est disponible que pour les fichiers locaux.,フェッチはローカルファイルでのみ利用できます。,가져오기는 로컬 파일에서만 사용할 수 있습니다.,Pobieranie jest dostępne tylko dla plików lokalnych.,A busca está disponível apenas para arquivos locais.,A obtenção só está disponível para ficheiros locais.,Получение доступно только для локальных файлов.,获取仅适用于本地文件。,擷取僅適用於本機檔案。
host,l10n/bundle.l10n.json,Fetch failed: {message},,,Fetch failed: {message},"Extension-host runtime notification, command label, prompt, or status message.",{message},,Abrufen fehlgeschlagen: {message},Error al obtener: {message},Échec de la récupération : {message},フェッチに失敗しました: {message},가져오기에 실패했습니다: {message},Pobieranie nie powiodło się: {message},Falha ao buscar: {message},Falha na obtenção: {message},Не удалось выполнить получение: {message},获取失败：{message},擷取失敗：{message}
host,l10n/bundle.l10n.json,Pull failed: {message},,,Pull failed: {message},"Extension-host runtime notification, command label, prompt, or status message.",{message},,Pull fehlgeschlagen: {message},Error al extraer: {message},Échec du pull : {message},プルに失敗しました: {message},풀에 실패했습니다: {message},Ściąganie nie powiodło się: {message},Falha no pull: {message},Falha no pull: {message},Не удалось выполнить извлечение: {message},拉取失败：{message},拉取失敗：{message}
host,l10n/bundle.l10n.json,Pull is only available for local files.,,,Pull is only available for local files.,"Extension-host runtime notification, command label, prompt, or status message.",,,Pull ist nur für lokale Dateien verfügbar.,Pull solo está disponible para archivos locales.,Le pull n’est disponible que pour les fichiers locaux.,プルはローカルファイルでのみ利用できます。,풀은 로컬 파일에서만 사용할 수 있습니다.,Ściąganie jest dostępne tylko dla plików lokalnych.,O pull está disponível apenas para arquivos locais.,O pull só está disponível para ficheiros locais.,Извлечение доступно только для локальных файлов.,拉取仅适用于本地文件。,拉取僅適用於本機檔案。
host,l10n/bundle.l10n.json,"Pull succeeded, but refresh failed: {message}",,,"Pull succeeded, but refresh failed: {message}","Extension-host runtime notification, command label, prompt, or status message.",{message},,"Pull erfolgreich, aber Aktualisierung fehlgeschlagen: {message}","Extracción completada, pero no se pudo actualizar: {message}","Pull réussi, mais l’actualisation a échoué : {message}",プルは完了しましたが、更新に失敗しました: {message},풀은 완료되었지만 새로 고침에 실패했습니다: {message},"Ściąganie zakończyło się powodzeniem, ale odświeżanie nie powiodło się: {message}","Pull concluído com sucesso, mas a atualização falhou: {message}","Pull concluído com sucesso, mas a atualização falhou: {message}","Извлечение выполнено успешно, но обновление не удалось: {message}",拉取成功，但刷新失败：{message},拉取成功，但重新整理失敗：{message}
host,l10n/bundle.l10n.json,Push is only available for local files.,,,Push is only available for local files.,"Extension-host runtime notification, command label, prompt, or status message.",,,Push ist nur für lokale Dateien verfügbar.,Push solo está disponible para archivos locales.,Le push n’est disponible que pour les fichiers locaux.,プッシュはローカルファイルでのみ利用できます。,푸시는 로컬 파일에서만 사용할 수 있습니다.,Wypychanie jest dostępne tylko dla plików lokalnych.,O push está disponível apenas para arquivos locais.,O push só está disponível para ficheiros locais.,Отправка доступна только для локальных файлов.,推送仅适用于本地文件。,推送僅適用於本機檔案。
host,l10n/bundle.l10n.json,Could not refresh after Push: {message},,,Could not refresh after Push: {message},"Extension-host runtime notification, command label, prompt, or status message.",{message},,Nach dem Push konnte nicht aktualisiert werden: {message},No se pudo actualizar después del push: {message},Impossible d’actualiser après le push : {message},プッシュ後に更新できませんでした: {message},푸시 후 새로 고칠 수 없습니다: {message},Nie można odświeżyć po wypchnięciu: {message},Não foi possível atualizar após o push: {message},Não foi possível atualizar após o push: {message},Не удалось обновить после отправки: {message},推送后无法刷新：{message},推送後無法重新整理：{message}
manifest,package.nls.json,command.addToGitignore,,,Add to gitignore,VS Code extension manifest string.,,,Zu .gitignore hinzufügen,Agregar a .gitignore,Ajouter à .gitignore,.gitignore に追加,.gitignore에 추가,Dodaj do .gitignore,Adicionar ao .gitignore,Adicionar ao .gitignore,Добавить в .gitignore,添加到 .gitignore,新增至 .gitignore
host,l10n/bundle.l10n.json,Add to gitignore failed: {message},,,Add to gitignore failed: {message},"Extension-host runtime notification, command label, prompt, or status message.",{message},,Hinzufügen zu .gitignore fehlgeschlagen: {message},No se pudo agregar a .gitignore: {message},Échec de l’ajout à .gitignore : {message},.gitignore への追加に失敗しました: {message},.gitignore에 추가하지 못했습니다: {message},Nie udało się dodać do .gitignore: {message},Falha ao adicionar ao .gitignore: {message},Falha ao adicionar ao .gitignore: {message},Не удалось добавить в .gitignore: {message},添加到 .gitignore 失败：{message},新增至 .gitignore 失敗：{message}
manifest,package.nls.json,command.addToGitignoreAndUntrack,,,Add to gitignore and untracked,VS Code extension manifest string.,,,Zu .gitignore hinzufügen und nicht mehr verfolgen,Agregar a .gitignore y dejar de seguir,Ajouter à .gitignore et arrêter le suivi,.gitignore に追加して追跡を解除,.gitignore에 추가하고 추적 해제,Dodaj do .gitignore i przestań śledzić,Adicionar ao .gitignore e parar de rastrear,Adicionar ao .gitignore e deixar de monitorizar,Добавить в .gitignore и прекратить отслеживание,添加到 .gitignore 并停止跟踪,新增至 .gitignore 並停止追蹤
host,l10n/bundle.l10n.json,Stop tracking {path}? Files will remain on disk.,,,Stop tracking {path}? Files will remain on disk.,"Extension-host runtime notification, command label, prompt, or status message.",{path},,Verfolgung von {path} beenden? Die Dateien bleiben auf dem Datenträger.,¿Dejar de seguir {path}? Los archivos permanecerán en el disco.,Arrêter le suivi de {path} ? Les fichiers resteront sur le disque.,{path} の追跡を解除しますか？ファイルはディスク上に残ります。,{path}의 추적을 해제하시겠습니까? 파일은 디스크에 남습니다.,Przestać śledzić {path}? Pliki pozostaną na dysku.,Parar de rastrear {path}? Os arquivos permanecerão no disco.,Deixar de monitorizar {path}? Os ficheiros permanecerão no disco.,Прекратить отслеживание {path}? Файлы останутся на диске.,停止跟踪 {path}？文件将保留在磁盘上。,停止追蹤 {path}？檔案將保留在磁碟上。
host,l10n/bundle.l10n.json,Untrack,,,Untrack,"Extension-host runtime notification, command label, prompt, or status message.",,,Nicht mehr verfolgen,Dejar de seguir,Arrêter le suivi,追跡を解除,추적 해제,Przestań śledzić,Parar de rastrear,Deixar de monitorizar,Прекратить отслеживание,停止跟踪,停止追蹤
manifest,package.nls.json,configuration.commitMessageGeneration.provider.markdownDescription,,,Provider for AI-generated commit messages. `copilot` uses GitHub Copilot; `openaiCompatible` uses an OpenAI-compatible HTTP API.,VS Code extension manifest string.,,GitHub,Anbieter für KI-generierte Commit-Nachrichten. `copilot` verwendet GitHub Copilot; `openaiCompatible` verwendet eine OpenAI-kompatible HTTP-API.,Proveedor para mensajes de commit generados por IA. `copilot` usa GitHub Copilot; `openaiCompatible` usa una API HTTP compatible con OpenAI.,Fournisseur de messages de commit générés par IA. `copilot` utilise GitHub Copilot ; `openaiCompatible` utilise une API HTTP compatible avec OpenAI.,AI で生成するコミットメッセージのプロバイダー。`copilot` は GitHub Copilot を使用し、`openaiCompatible` は OpenAI 互換 HTTP API を使用します。,"AI로 생성된 커밋 메시지에 사용할 공급자입니다. `copilot`은 GitHub Copilot을 사용하고, `openaiCompatible`는 OpenAI 호환 HTTP API를 사용합니다.","Dostawca wiadomości commitów generowanych przez AI. `copilot` używa GitHub Copilot, a `openaiCompatible` używa interfejsu HTTP zgodnego z OpenAI.",Provedor de mensagens de commit geradas por IA. `copilot` usa o GitHub Copilot; `openaiCompatible` usa uma API HTTP compatível com OpenAI.,Fornecedor de mensagens de commit geradas por IA. `copilot` utiliza o GitHub Copilot; `openaiCompatible` utiliza uma API HTTP compatível com OpenAI.,"Поставщик сообщений коммитов, созданных с помощью ИИ. `copilot` использует GitHub Copilot, а `openaiCompatible` — совместимый с OpenAI HTTP API.",用于生成 AI 提交消息的提供程序。`copilot` 使用 GitHub Copilot；`openaiCompatible` 使用兼容 OpenAI 的 HTTP API。,用於產生 AI 提交訊息的提供者。`copilot` 使用 GitHub Copilot；`openaiCompatible` 使用相容於 OpenAI 的 HTTP API。
manifest,package.nls.json,configuration.commitMessageGeneration.provider.enum.copilot,,,Use GitHub Copilot (default).,VS Code extension manifest string.,,GitHub,GitHub Copilot verwenden (Standard).,Usar GitHub Copilot (predeterminado).,Utiliser GitHub Copilot (par défaut).,GitHub Copilot を使用（デフォルト）。,GitHub Copilot 사용(기본값).,Użyj GitHub Copilot (domyślnie).,Usar o GitHub Copilot (padrão).,Utilizar o GitHub Copilot (predefinição).,Использовать GitHub Copilot (по умолчанию).,使用 GitHub Copilot（默认）。,使用 GitHub Copilot（預設）。
manifest,package.nls.json,configuration.commitMessageGeneration.provider.enum.openaiCompatible,,,Use an OpenAI-compatible HTTP API.,VS Code extension manifest string.,,,Eine OpenAI-kompatible HTTP-API verwenden.,Usar una API HTTP compatible con OpenAI.,Utiliser une API HTTP compatible avec OpenAI.,OpenAI 互換 HTTP API を使用。,OpenAI 호환 HTTP API 사용.,Użyj interfejsu HTTP zgodnego z OpenAI.,Usar uma API HTTP compatível com OpenAI.,Utilizar uma API HTTP compatível com OpenAI.,Использовать совместимый с OpenAI HTTP API.,使用兼容 OpenAI 的 HTTP API。,使用相容於 OpenAI 的 HTTP API。
manifest,package.nls.json,configuration.commitMessageGeneration.copilotModelId.markdownDescription,,,Optional GitHub Copilot model id for commit message generation. Leave empty to use the Copilot default.,VS Code extension manifest string.,,GitHub,"Optionale GitHub-Copilot-Modell-ID für die Generierung von Commit-Nachrichten. Leer lassen, um den Copilot-Standard zu verwenden.",Identificador opcional del modelo de GitHub Copilot para generar mensajes de commit. Déjalo vacío para usar el modelo predeterminado de Copilot.,Identifiant de modèle GitHub Copilot facultatif pour la génération de messages de commit. Laissez vide pour utiliser la valeur par défaut de Copilot.,コミットメッセージの生成に使用する GitHub Copilot モデル ID（任意）。空欄にすると Copilot の既定値を使用します。,커밋 메시지 생성에 사용할 GitHub Copilot 모델 ID(선택 사항)입니다. 비워 두면 Copilot 기본값을 사용합니다.,"Opcjonalny identyfikator modelu GitHub Copilot do generowania wiadomości commitów. Pozostaw pusty, aby użyć wartości domyślnej Copilot.",ID opcional do modelo do GitHub Copilot para gerar mensagens de commit. Deixe vazio para usar o padrão do Copilot.,ID opcional do modelo do GitHub Copilot para gerar mensagens de commit. Deixe vazio para utilizar a predefinição do Copilot.,"Необязательный идентификатор модели GitHub Copilot для создания сообщений коммитов. Оставьте пустым, чтобы использовать модель Copilot по умолчанию.",用于生成提交消息的可选 GitHub Copilot 模型 ID。留空则使用 Copilot 默认模型。,用於產生提交訊息的選用 GitHub Copilot 模型 ID。留白即可使用 Copilot 預設模型。
manifest,package.nls.json,configuration.commitMessageGeneration.openAi.baseUrl.markdownDescription,,,"Base URL for the OpenAI-compatible commit message API, for example `https://api.openai.com/v1`.",VS Code extension manifest string.,,URL,"Basis-URL der OpenAI-kompatiblen API für Commit-Nachrichten, z. B. `https://api.openai.com/v1`.","URL base de la API compatible con OpenAI para mensajes de commit, por ejemplo, `https://api.openai.com/v1`.","URL de base de l’API compatible avec OpenAI pour les messages de commit, par exemple `https://api.openai.com/v1`.",コミットメッセージ用の OpenAI 互換 API のベース URL（例: `https://api.openai.com/v1`）。,커밋 메시지에 사용할 OpenAI 호환 API의 기본 URL입니다(예: `https://api.openai.com/v1`).,"Bazowy adres URL interfejsu API zgodnego z OpenAI dla wiadomości commitów, na przykład `https://api.openai.com/v1`.","URL base da API compatível com OpenAI para mensagens de commit, por exemplo, `https://api.openai.com/v1`.","URL base da API compatível com OpenAI para mensagens de commit, por exemplo, `https://api.openai.com/v1`.","Базовый URL совместимого с OpenAI API для сообщений коммитов, например `https://api.openai.com/v1`.",用于提交消息的兼容 OpenAI API 基础 URL，例如 `https://api.openai.com/v1`。,用於提交訊息的相容於 OpenAI API 基礎 URL，例如 `https://api.openai.com/v1`。
manifest,package.nls.json,configuration.commitMessageGeneration.openAi.model.markdownDescription,,,Model id sent to the OpenAI-compatible commit message API.,VS Code extension manifest string.,,,"Modell-ID, die an die OpenAI-kompatible API für Commit-Nachrichten gesendet wird.",Identificador del modelo que se envía a la API compatible con OpenAI para mensajes de commit.,Identifiant du modèle envoyé à l’API compatible avec OpenAI pour les messages de commit.,コミットメッセージ用の OpenAI 互換 API に送信するモデル ID。,커밋 메시지용 OpenAI 호환 API에 전송할 모델 ID입니다.,Identyfikator modelu wysyłany do interfejsu API zgodnego z OpenAI dla wiadomości commitów.,ID do modelo enviado à API compatível com OpenAI para mensagens de commit.,ID do modelo enviado para a API compatível com OpenAI para mensagens de commit.,"Идентификатор модели, отправляемый совместимому с OpenAI API для сообщений коммитов.",发送到兼容 OpenAI API 的提交消息模型 ID。,傳送至相容於 OpenAI API 的提交訊息模型 ID。
manifest,package.nls.json,configuration.commitMessageGeneration.openAi.apiKey.markdownDescription,,,API key sent to the OpenAI-compatible commit message API. Stored in VS Code settings as plaintext.,VS Code extension manifest string.,,VS Code,"API-Schlüssel, der an die OpenAI-kompatible API für Commit-Nachrichten gesendet wird. Wird in den VS-Code-Einstellungen als Klartext gespeichert.",Clave de API que se envía a la API compatible con OpenAI para mensajes de commit. Se almacena como texto sin formato en la configuración de VS Code.,Clé API envoyée à l’API compatible avec OpenAI pour les messages de commit. Elle est stockée en clair dans les paramètres de VS Code.,コミットメッセージ用の OpenAI 互換 API に送信する API キー。VS Code の設定に平文で保存されます。,커밋 메시지용 OpenAI 호환 API에 전송할 API 키입니다. VS Code 설정에 일반 텍스트로 저장됩니다.,Klucz API wysyłany do interfejsu API zgodnego z OpenAI dla wiadomości commitów. Jest przechowywany w ustawieniach VS Code jako zwykły tekst.,Chave de API enviada à API compatível com OpenAI para mensagens de commit. Ela é armazenada como texto simples nas configurações do VS Code.,Chave de API enviada para a API compatível com OpenAI para mensagens de commit. É armazenada como texto simples nas definições do VS Code.,"Ключ API, отправляемый совместимому с OpenAI API для сообщений коммитов. Хранится в настройках VS Code в виде обычного текста.",发送到兼容 OpenAI API 的提交消息 API 密钥。将以纯文本形式存储在 VS Code 设置中。,傳送至相容於 OpenAI API 的提交訊息 API 金鑰。會以純文字儲存在 VS Code 設定中。
manifest,package.nls.json,configuration.commitMessageGeneration.openAi.maxInputTokens.markdownDescription,,,Maximum number of input tokens sent to the OpenAI-compatible commit message API.,VS Code extension manifest string.,,,"Maximale Anzahl der Eingabetokens, die an die OpenAI-kompatible API für Commit-Nachrichten gesendet werden.",Número máximo de tokens de entrada que se envían a la API compatible con OpenAI para mensajes de commit.,Nombre maximal de jetons d’entrée envoyés à l’API compatible avec OpenAI pour les messages de commit.,コミットメッセージ用の OpenAI 互換 API に送信する入力トークンの最大数。,커밋 메시지용 OpenAI 호환 API에 전송할 입력 토큰의 최대 개수입니다.,Maksymalna liczba tokenów wejściowych wysyłanych do interfejsu API zgodnego z OpenAI dla wiadomości commitów.,Número máximo de tokens de entrada enviados à API compatível com OpenAI para mensagens de commit.,Número máximo de tokens de entrada enviados para a API compatível com OpenAI para mensagens de commit.,"Максимальное количество входных токенов, отправляемых совместимому с OpenAI API для сообщений коммитов.",发送到兼容 OpenAI API 的提交消息最大输入令牌数。,傳送至相容於 OpenAI API 的提交訊息最大輸入權杖數。
host,l10n/bundle.l10n.json,The selected GitHub Copilot model is unavailable. Choose another model in IntelliGit settings.,,,The selected GitHub Copilot model is unavailable. Choose another model in IntelliGit settings.,"Extension-host runtime notification, command label, prompt, or status message.",,IntelliGit; GitHub,Das ausgewählte GitHub-Copilot-Modell ist nicht verfügbar. Wählen Sie in den IntelliGit-Einstellungen ein anderes Modell aus.,El modelo de GitHub Copilot seleccionado no está disponible. Elige otro modelo en la configuración de IntelliGit.,Le modèle GitHub Copilot sélectionné n’est pas disponible. Choisissez un autre modèle dans les paramètres IntelliGit.,選択した GitHub Copilot モデルは利用できません。IntelliGit の設定で別のモデルを選択してください。,선택한 GitHub Copilot 모델을 사용할 수 없습니다. IntelliGit 설정에서 다른 모델을 선택하세요.,Wybrany model GitHub Copilot jest niedostępny. Wybierz inny model w ustawieniach IntelliGit.,O modelo do GitHub Copilot selecionado não está disponível. Escolha outro modelo nas configurações do IntelliGit.,O modelo do GitHub Copilot selecionado não está disponível. Escolha outro modelo nas definições do IntelliGit.,Выбранная модель GitHub Copilot недоступна. Выберите другую модель в настройках IntelliGit.,所选的 GitHub Copilot 模型不可用。请在 IntelliGit 设置中选择其他模型。,所選的 GitHub Copilot 模型無法使用。請在 IntelliGit 設定中選擇其他模型。
host,l10n/bundle.l10n.json,Configure the OpenAI-compatible commit-message provider in IntelliGit settings.,,,Configure the OpenAI-compatible commit-message provider in IntelliGit settings.,"Extension-host runtime notification, command label, prompt, or status message.",,IntelliGit,Konfigurieren Sie den OpenAI-kompatiblen Anbieter für Commit-Nachrichten in den IntelliGit-Einstellungen.,Configura el proveedor de mensajes de confirmación compatible con OpenAI en la configuración de IntelliGit.,Configurez le fournisseur de messages de commit compatible avec OpenAI dans les paramètres IntelliGit.,IntelliGit の設定で OpenAI 互換のコミット メッセージ プロバイダーを構成してください。,IntelliGit 설정에서 OpenAI 호환 커밋 메시지 공급자를 구성하세요.,Skonfiguruj dostawcę komunikatów commitów zgodnego z OpenAI w ustawieniach IntelliGit.,Configure o provedor de mensagens de commit compatível com OpenAI nas configurações do IntelliGit.,Configure o fornecedor de mensagens de commit compatível com OpenAI nas definições do IntelliGit.,"Настройте поставщик сообщений коммитов, совместимый с OpenAI, в настройках IntelliGit.",请在 IntelliGit 设置中配置兼容 OpenAI 的提交消息提供程序。,請在 IntelliGit 設定中設定相容 OpenAI 的提交訊息提供者。
host,l10n/bundle.l10n.json,OpenAI-compatible API authentication failed. Check your API key.,,,OpenAI-compatible API authentication failed. Check your API key.,"Extension-host runtime notification, command label, prompt, or status message.",,,Die Authentifizierung der OpenAI-kompatiblen API ist fehlgeschlagen. Überprüfen Sie Ihren API-Schlüssel.,La autenticación de la API compatible con OpenAI falló. Comprueba tu clave de API.,L’authentification de l’API compatible avec OpenAI a échoué. Vérifiez votre clé API.,OpenAI 互換 API の認証に失敗しました。API キーを確認してください。,OpenAI 호환 API 인증에 실패했습니다. API 키를 확인하세요.,Uwierzytelnianie zgodnej z OpenAI usługi API nie powiodło się. Sprawdź klucz API.,A autenticação da API compatível com OpenAI falhou. Verifique sua chave de API.,A autenticação da API compatível com OpenAI falhou. Verifique a sua chave de API.,"Не удалось выполнить аутентификацию в API, совместимом с OpenAI. Проверьте ключ API.",兼容 OpenAI 的 API 身份验证失败。请检查您的 API 密钥。,相容 OpenAI 的 API 驗證失敗。請檢查您的 API 金鑰。
host,l10n/bundle.l10n.json,The OpenAI-compatible API request failed.,,,The OpenAI-compatible API request failed.,"Extension-host runtime notification, command label, prompt, or status message.",,,Die Anfrage an die OpenAI-kompatible API ist fehlgeschlagen.,La solicitud a la API compatible con OpenAI falló.,La requête vers l’API compatible avec OpenAI a échoué.,OpenAI 互換 API のリクエストに失敗しました。,OpenAI 호환 API 요청에 실패했습니다.,Żądanie do zgodnej z OpenAI usługi API nie powiodło się.,A solicitação à API compatível com OpenAI falhou.,O pedido para a API compatível com OpenAI falhou.,"Запрос к API, совместимому с OpenAI, не выполнен.",兼容 OpenAI 的 API 请求失败。,相容 OpenAI 的 API 要求失敗。
host,l10n/bundle.l10n.json,The OpenAI-compatible API request timed out.,,,The OpenAI-compatible API request timed out.,"Extension-host runtime notification, command label, prompt, or status message.",,,Zeitüberschreitung bei der Anfrage an die OpenAI-kompatible API.,La solicitud a la API compatible con OpenAI agotó el tiempo de espera.,La requête vers l’API compatible avec OpenAI a expiré.,OpenAI 互換 API のリクエストがタイムアウトしました。,OpenAI 호환 API 요청 시간이 초과되었습니다.,Upłynął limit czasu żądania do zgodnej z OpenAI usługi API.,A solicitação à API compatível com OpenAI atingiu o tempo limite.,O pedido para a API compatível com OpenAI excedeu o tempo limite.,"Время ожидания запроса к API, совместимому с OpenAI, истекло.",兼容 OpenAI 的 API 请求超时。,相容 OpenAI 的 API 要求逾時。
host,l10n/bundle.l10n.json,The OpenAI-compatible API returned an invalid response.,,,The OpenAI-compatible API returned an invalid response.,"Extension-host runtime notification, command label, prompt, or status message.",,,Die OpenAI-kompatible API hat eine ungültige Antwort zurückgegeben.,La API compatible con OpenAI devolvió una respuesta no válida.,L’API compatible avec OpenAI a renvoyé une réponse non valide.,OpenAI 互換 API が無効な応答を返しました。,OpenAI 호환 API가 잘못된 응답을 반환했습니다.,Zgodna z OpenAI usługa API zwróciła nieprawidłową odpowiedź.,A API compatível com OpenAI retornou uma resposta inválida.,A API compatível com OpenAI devolveu uma resposta inválida.,"API, совместимый с OpenAI, вернул недопустимый ответ.",兼容 OpenAI 的 API 返回了无效响应。,相容 OpenAI 的 API 傳回無效回應。
